#-----------------------------------------------------------
# Vivado v2025.1 (64-bit)
# SW Build 6140274 on Thu May 22 00:12:29 MDT 2025
# IP Build 6138677 on Thu May 22 03:10:11 MDT 2025
# SharedData Build 6139179 on Tue May 20 17:58:58 MDT 2025
# Start of session at: Fri Dec  5 20:13:41 2025
# Process ID         : 8708
# Current directory  : C:/Users/Mateusz Kozlowski/Documents/zampf/ZAMFP
# Command line       : vivado.exe -gui_launcher_event rodinguilauncherevent1664 C:\Users\Mateusz Kozlowski\Documents\zampf\ZAMFP\ZAMFP.xpr
# Log file           : C:/Users/Mateusz Kozlowski/Documents/zampf/ZAMFP/vivado.log
# Journal file       : C:/Users/Mateusz Kozlowski/Documents/zampf/ZAMFP\vivado.jou
# Running On         : DESKTOP-SD4CE53
# Platform           : Windows Server 2016 or Windows 10
# Operating System   : 19045
# Processor Detail   : Intel(R) Core(TM) i5-14600KF
# CPU Frequency      : 3494 MHz
# CPU Physical cores : 14
# CPU Logical cores  : 20
# Host memory        : 34152 MB
# Swap memory        : 15032 MB
# Total Virtual      : 49184 MB
# Available Virtual  : 37369 MB
#-----------------------------------------------------------
start_gui
open_project {C:/Users/Mateusz Kozlowski/Documents/zampf/ZAMFP/ZAMFP.xpr}
WARNING: [Board 49-26] cannot add Board Part xilinx.com:emb-plus-vpr-4616:part0:1.0 available at C:/Xilinx/2025.1/data/xhub/boards\XilinxBoardStore\boards\Xilinx\emb-plus-vpr-4616\1.0\board.xml as part xcve2302-sfva784-2mp-e-s specified in board_part file is either invalid or not available
WARNING: [Board 49-26] cannot add Board Part xilinx.com:emb-plus-vpr-4616:part0:1.1 available at C:/Xilinx/2025.1/data/xhub/boards\XilinxBoardStore\boards\Xilinx\emb-plus-vpr-4616\1.1\board.xml as part xcve2302-sfva784-2mp-e-s specified in board_part file is either invalid or not available
WARNING: [Board 49-26] cannot add Board Part xilinx.com:kcu105:part0:1.6 available at C:/Xilinx/2025.1/data/xhub/boards\XilinxBoardStore\boards\Xilinx\kcu105\1.6\board.xml as part xcku040-ffva1156-2-e specified in board_part file is either invalid or not available
WARNING: [Board 49-26] cannot add Board Part xilinx.com:kcu105:part0:1.7 available at C:/Xilinx/2025.1/data/xhub/boards\XilinxBoardStore\boards\Xilinx\kcu105\1.7\board.xml as part xcku040-ffva1156-2-e specified in board_part file is either invalid or not available
WARNING: [Board 49-26] cannot add Board Part xilinx.com:kcu116:part0:1.4 available at C:/Xilinx/2025.1/data/xhub/boards\XilinxBoardStore\boards\Xilinx\kcu116\1.4\board.xml as part xcku5p-ffvb676-2-e specified in board_part file is either invalid or not available
WARNING: [Board 49-26] cannot add Board Part xilinx.com:kcu116:part0:1.5 available at C:/Xilinx/2025.1/data/xhub/boards\XilinxBoardStore\boards\Xilinx\kcu116\1.5\board.xml as part xcku5p-ffvb676-2-e specified in board_part file is either invalid or not available
WARNING: [Board 49-26] cannot add Board Part xilinx.com:kcu1500:part0:1.2 available at C:/Xilinx/2025.1/data/xhub/boards\XilinxBoardStore\boards\Xilinx\kcu1500\1.2\board.xml as part xcku115-flvb2104-2-e specified in board_part file is either invalid or not available
WARNING: [Board 49-26] cannot add Board Part xilinx.com:scu35:part0:1.0 available at C:/Xilinx/2025.1/data/xhub/boards\XilinxBoardStore\boards\Xilinx\scu35\1.0\board.xml as part xcsu35p-sbvb625-2-e specified in board_part file is either invalid or not available
WARNING: [Board 49-26] cannot add Board Part xilinx.com:v80:part0:1.0 available at C:/Xilinx/2025.1/data/xhub/boards\XilinxBoardStore\boards\Xilinx\v80\1.0\board.xml as part xcv80-lsva4737-2mhp-e-s specified in board_part file is either invalid or not available
WARNING: [Board 49-26] cannot add Board Part xilinx.com:vck190:part0:2.2 available at C:/Xilinx/2025.1/data/xhub/boards\XilinxBoardStore\boards\Xilinx\vck190\production\2.2\board.xml as part xcvc1902-vsva2197-2mp-e-s specified in board_part file is either invalid or not available
WARNING: [Board 49-26] cannot add Board Part xilinx.com:vck190:part0:3.0 available at C:/Xilinx/2025.1/data/xhub/boards\XilinxBoardStore\boards\Xilinx\vck190\production\3.0\board.xml as part xcvc1902-vsva2197-2mp-e-s specified in board_part file is either invalid or not available
WARNING: [Board 49-26] cannot add Board Part xilinx.com:vck190:part0:3.1 available at C:/Xilinx/2025.1/data/xhub/boards\XilinxBoardStore\boards\Xilinx\vck190\production\3.1\board.xml as part xcvc1902-vsva2197-2mp-e-s specified in board_part file is either invalid or not available
WARNING: [Board 49-26] cannot add Board Part xilinx.com:vck190:part0:3.2 available at C:/Xilinx/2025.1/data/xhub/boards\XilinxBoardStore\boards\Xilinx\vck190\production\3.2\board.xml as part xcvc1902-vsva2197-2mp-e-s specified in board_part file is either invalid or not available
WARNING: [Board 49-26] cannot add Board Part xilinx.com:vck190:part0:3.3 available at C:/Xilinx/2025.1/data/xhub/boards\XilinxBoardStore\boards\Xilinx\vck190\production\3.3\board.xml as part xcvc1902-vsva2197-2mp-e-s specified in board_part file is either invalid or not available
WARNING: [Board 49-26] cannot add Board Part xilinx.com:vck190:part0:3.4 available at C:/Xilinx/2025.1/data/xhub/boards\XilinxBoardStore\boards\Xilinx\vck190\production\3.4\board.xml as part xcvc1902-vsva2197-2mp-e-s specified in board_part file is either invalid or not available
WARNING: [Board 49-26] cannot add Board Part xilinx.com:vck190_newl:part0:1.0 available at C:/Xilinx/2025.1/data/xhub/boards\XilinxBoardStore\boards\Xilinx\vck190_newl\production\1.0\board.xml as part xcvc1902-vsva2197-2mp-e-s specified in board_part file is either invalid or not available
WARNING: [Board 49-26] cannot add Board Part xilinx.com:vck190_newl:part0:1.1 available at C:/Xilinx/2025.1/data/xhub/boards\XilinxBoardStore\boards\Xilinx\vck190_newl\production\1.1\board.xml as part xcvc1902-vsva2197-2mp-e-s specified in board_part file is either invalid or not available
WARNING: [Board 49-26] cannot add Board Part xilinx.com:vck190_newl:part0:1.2 available at C:/Xilinx/2025.1/data/xhub/boards\XilinxBoardStore\boards\Xilinx\vck190_newl\production\1.2\board.xml as part xcvc1902-vsva2197-2mp-e-s specified in board_part file is either invalid or not available
WARNING: [Board 49-26] cannot add Board Part xilinx.com:vck190_newl:part0:1.3 available at C:/Xilinx/2025.1/data/xhub/boards\XilinxBoardStore\boards\Xilinx\vck190_newl\production\1.3\board.xml as part xcvc1902-vsva2197-2mp-e-s specified in board_part file is either invalid or not available
WARNING: [Board 49-26] cannot add Board Part xilinx.com:vcu108:part0:1.6 available at C:/Xilinx/2025.1/data/xhub/boards\XilinxBoardStore\boards\Xilinx\vcu108\1.6\board.xml as part xcvu095-ffva2104-2-e specified in board_part file is either invalid or not available
WARNING: [Board 49-26] cannot add Board Part xilinx.com:vcu108:part0:1.7 available at C:/Xilinx/2025.1/data/xhub/boards\XilinxBoardStore\boards\Xilinx\vcu108\1.7\board.xml as part xcvu095-ffva2104-2-e specified in board_part file is either invalid or not available
WARNING: [Board 49-26] cannot add Board Part xilinx.com:vcu110:part0:1.4 available at C:/Xilinx/2025.1/data/xhub/boards\XilinxBoardStore\boards\Xilinx\vcu110\1.4\board.xml as part xcvu190-flgc2104-2-e specified in board_part file is either invalid or not available
WARNING: [Board 49-26] cannot add Board Part xilinx.com:vcu118:part0:2.0 available at C:/Xilinx/2025.1/data/xhub/boards\XilinxBoardStore\boards\Xilinx\vcu118\2.0\board.xml as part xcvu9p-flga2104-2l-e specified in board_part file is either invalid or not available
WARNING: [Board 49-26] cannot add Board Part xilinx.com:vcu118:part0:2.3 available at C:/Xilinx/2025.1/data/xhub/boards\XilinxBoardStore\boards\Xilinx\vcu118\2.3\board.xml as part xcvu9p-flga2104-2l-e specified in board_part file is either invalid or not available
WARNING: [Board 49-26] cannot add Board Part xilinx.com:vcu118:part0:2.4 available at C:/Xilinx/2025.1/data/xhub/boards\XilinxBoardStore\boards\Xilinx\vcu118\2.4\board.xml as part xcvu9p-flga2104-2l-e specified in board_part file is either invalid or not available
WARNING: [Board 49-26] cannot add Board Part xilinx.com:vcu128:part0:1.0 available at C:/Xilinx/2025.1/data/xhub/boards\XilinxBoardStore\boards\Xilinx\vcu128\production\1.0\board.xml as part xcvu37p-fsvh2892-2l-e specified in board_part file is either invalid or not available
WARNING: [Board 49-26] cannot add Board Part xilinx.com:vcu129:part0:1.0 available at C:/Xilinx/2025.1/data/xhub/boards\XilinxBoardStore\boards\Xilinx\vcu129\production\1.0\board.xml as part xcvu29p-fsga2577-2l-e specified in board_part file is either invalid or not available
WARNING: [Board 49-26] cannot add Board Part xilinx.com:vcu1525:part0:1.3 available at C:/Xilinx/2025.1/data/xhub/boards\XilinxBoardStore\boards\Xilinx\vcu1525\1.3\board.xml as part xcvu9p-fsgd2104-2l-e specified in board_part file is either invalid or not available
WARNING: [Board 49-26] cannot add Board Part xilinx.com:vek280:part0:1.0 available at C:/Xilinx/2025.1/data/xhub/boards\XilinxBoardStore\boards\Xilinx\vek280\production\1.0\board.xml as part xcve2802-vsvh1760-2mp-e-s specified in board_part file is either invalid or not available
WARNING: [Board 49-26] cannot add Board Part xilinx.com:vek280:part0:1.1 available at C:/Xilinx/2025.1/data/xhub/boards\XilinxBoardStore\boards\Xilinx\vek280\production\1.1\board.xml as part xcve2802-vsvh1760-2mp-e-s specified in board_part file is either invalid or not available
WARNING: [Board 49-26] cannot add Board Part xilinx.com:vek280:part0:1.2 available at C:/Xilinx/2025.1/data/xhub/boards\XilinxBoardStore\boards\Xilinx\vek280\production\1.2\board.xml as part xcve2802-vsvh1760-2mp-e-s specified in board_part file is either invalid or not available
WARNING: [Board 49-26] cannot add Board Part xilinx.com:vek385:part0:1.0 available at C:/Xilinx/2025.1/data/xhub/boards\XilinxBoardStore\boards\Xilinx\vek385\1.0\board.xml as part xc2ve3858-ssva2112-2mp-e-s specified in board_part file is either invalid or not available
WARNING: [Board 49-26] cannot add Board Part xilinx.com:vhk158:part0:1.0 available at C:/Xilinx/2025.1/data/xhub/boards\XilinxBoardStore\boards\Xilinx\vhk158\production\1.0\board.xml as part xcvh1582-vsva3697-2mp-e-s specified in board_part file is either invalid or not available
WARNING: [Board 49-26] cannot add Board Part xilinx.com:vhk158:part0:1.1 available at C:/Xilinx/2025.1/data/xhub/boards\XilinxBoardStore\boards\Xilinx\vhk158\production\1.1\board.xml as part xcvh1582-vsva3697-2mp-e-s specified in board_part file is either invalid or not available
WARNING: [Board 49-26] cannot add Board Part xilinx.com:vhk158:part0:1.2 available at C:/Xilinx/2025.1/data/xhub/boards\XilinxBoardStore\boards\Xilinx\vhk158\production\1.2\board.xml as part xcvh1582-vsva3697-2mp-e-s specified in board_part file is either invalid or not available
WARNING: [Board 49-26] cannot add Board Part xilinx.com:vmk180:part0:2.2 available at C:/Xilinx/2025.1/data/xhub/boards\XilinxBoardStore\boards\Xilinx\vmk180\production\2.2\board.xml as part xcvm1802-vsva2197-2mp-e-s specified in board_part file is either invalid or not available
WARNING: [Board 49-26] cannot add Board Part xilinx.com:vmk180:part0:3.0 available at C:/Xilinx/2025.1/data/xhub/boards\XilinxBoardStore\boards\Xilinx\vmk180\production\3.0\board.xml as part xcvm1802-vsva2197-2mp-e-s specified in board_part file is either invalid or not available
WARNING: [Board 49-26] cannot add Board Part xilinx.com:vmk180:part0:3.1 available at C:/Xilinx/2025.1/data/xhub/boards\XilinxBoardStore\boards\Xilinx\vmk180\production\3.1\board.xml as part xcvm1802-vsva2197-2mp-e-s specified in board_part file is either invalid or not available
WARNING: [Board 49-26] cannot add Board Part xilinx.com:vmk180:part0:3.2 available at C:/Xilinx/2025.1/data/xhub/boards\XilinxBoardStore\boards\Xilinx\vmk180\production\3.2\board.xml as part xcvm1802-vsva2197-2mp-e-s specified in board_part file is either invalid or not available
WARNING: [Board 49-26] cannot add Board Part xilinx.com:vmk180:part0:3.3 available at C:/Xilinx/2025.1/data/xhub/boards\XilinxBoardStore\boards\Xilinx\vmk180\production\3.3\board.xml as part xcvm1802-vsva2197-2mp-e-s specified in board_part file is either invalid or not available
WARNING: [Board 49-26] cannot add Board Part xilinx.com:vmk180_newl:part0:1.0 available at C:/Xilinx/2025.1/data/xhub/boards\XilinxBoardStore\boards\Xilinx\vmk180_newl\production\1.0\board.xml as part xcvm1802-vsva2197-2mp-e-s specified in board_part file is either invalid or not available
WARNING: [Board 49-26] cannot add Board Part xilinx.com:vmk180_newl:part0:1.1 available at C:/Xilinx/2025.1/data/xhub/boards\XilinxBoardStore\boards\Xilinx\vmk180_newl\production\1.1\board.xml as part xcvm1802-vsva2197-2mp-e-s specified in board_part file is either invalid or not available
WARNING: [Board 49-26] cannot add Board Part xilinx.com:vpk120:part0:1.0 available at C:/Xilinx/2025.1/data/xhub/boards\XilinxBoardStore\boards\Xilinx\vpk120\production\1.0\board.xml as part xcvp1202-vsva2785-2mp-e-s specified in board_part file is either invalid or not available
WARNING: [Board 49-26] cannot add Board Part xilinx.com:vpk120:part0:1.1 available at C:/Xilinx/2025.1/data/xhub/boards\XilinxBoardStore\boards\Xilinx\vpk120\production\1.1\board.xml as part xcvp1202-vsva2785-2mp-e-s specified in board_part file is either invalid or not available
WARNING: [Board 49-26] cannot add Board Part xilinx.com:vpk120:part0:1.2 available at C:/Xilinx/2025.1/data/xhub/boards\XilinxBoardStore\boards\Xilinx\vpk120\production\1.2\board.xml as part xcvp1202-vsva2785-2mp-e-s specified in board_part file is either invalid or not available
WARNING: [Board 49-26] cannot add Board Part xilinx.com:vpk180:part0:1.0 available at C:/Xilinx/2025.1/data/xhub/boards\XilinxBoardStore\boards\Xilinx\vpk180\production\1.0\board.xml as part xcvp1802-lsvc4072-2mp-e-s specified in board_part file is either invalid or not available
WARNING: [Board 49-26] cannot add Board Part xilinx.com:vpk180:part0:1.1 available at C:/Xilinx/2025.1/data/xhub/boards\XilinxBoardStore\boards\Xilinx\vpk180\production\1.1\board.xml as part xcvp1802-lsvc4072-2mp-e-s specified in board_part file is either invalid or not available
WARNING: [Board 49-26] cannot add Board Part xilinx.com:vpk180:part0:1.2 available at C:/Xilinx/2025.1/data/xhub/boards\XilinxBoardStore\boards\Xilinx\vpk180\production\1.2\board.xml as part xcvp1802-lsvc4072-2mp-e-s specified in board_part file is either invalid or not available
WARNING: [Board 49-26] cannot add Board Part xilinx.com:zcu208ld:part0:2.0 available at C:/Xilinx/2025.1/data/xhub/boards\XilinxBoardStore\boards\Xilinx\zcu208ld\production\2.0\board.xml as part xczu58dr-fsvg1517-2-i specified in board_part file is either invalid or not available
WARNING: [Board 49-26] cannot add Board Part xilinx.com:zcu216ld:part0:2.0 available at C:/Xilinx/2025.1/data/xhub/boards\XilinxBoardStore\boards\Xilinx\zcu216ld\production\2.0\board.xml as part xczu59dr-ffvf1760-2-i specified in board_part file is either invalid or not available
WARNING: [Board 49-26] cannot add Board Part xilinx.com:zcu670ld:part0:1.0 available at C:/Xilinx/2025.1/data/xhub/boards\XilinxBoardStore\boards\Xilinx\zcu670ld\1.0\board.xml as part xczu57dr-fsve1156-2-i specified in board_part file is either invalid or not available
Scanning sources...
Finished scanning sources
WARNING: [Board 49-26] cannot add Board Part xilinx.com:emb-plus-vpr-4616:part0:1.0 available at C:/Xilinx/2025.1/data/xhub/boards\XilinxBoardStore\boards\Xilinx\emb-plus-vpr-4616\1.0\board.xml as part xcve2302-sfva784-2mp-e-s specified in board_part file is either invalid or not available
WARNING: [Board 49-26] cannot add Board Part xilinx.com:emb-plus-vpr-4616:part0:1.1 available at C:/Xilinx/2025.1/data/xhub/boards\XilinxBoardStore\boards\Xilinx\emb-plus-vpr-4616\1.1\board.xml as part xcve2302-sfva784-2mp-e-s specified in board_part file is either invalid or not available
WARNING: [Board 49-26] cannot add Board Part xilinx.com:kcu105:part0:1.6 available at C:/Xilinx/2025.1/data/xhub/boards\XilinxBoardStore\boards\Xilinx\kcu105\1.6\board.xml as part xcku040-ffva1156-2-e specified in board_part file is either invalid or not available
WARNING: [Board 49-26] cannot add Board Part xilinx.com:kcu105:part0:1.7 available at C:/Xilinx/2025.1/data/xhub/boards\XilinxBoardStore\boards\Xilinx\kcu105\1.7\board.xml as part xcku040-ffva1156-2-e specified in board_part file is either invalid or not available
WARNING: [Board 49-26] cannot add Board Part xilinx.com:kcu116:part0:1.4 available at C:/Xilinx/2025.1/data/xhub/boards\XilinxBoardStore\boards\Xilinx\kcu116\1.4\board.xml as part xcku5p-ffvb676-2-e specified in board_part file is either invalid or not available
WARNING: [Board 49-26] cannot add Board Part xilinx.com:kcu116:part0:1.5 available at C:/Xilinx/2025.1/data/xhub/boards\XilinxBoardStore\boards\Xilinx\kcu116\1.5\board.xml as part xcku5p-ffvb676-2-e specified in board_part file is either invalid or not available
WARNING: [Board 49-26] cannot add Board Part xilinx.com:kcu1500:part0:1.2 available at C:/Xilinx/2025.1/data/xhub/boards\XilinxBoardStore\boards\Xilinx\kcu1500\1.2\board.xml as part xcku115-flvb2104-2-e specified in board_part file is either invalid or not available
WARNING: [Board 49-26] cannot add Board Part xilinx.com:scu35:part0:1.0 available at C:/Xilinx/2025.1/data/xhub/boards\XilinxBoardStore\boards\Xilinx\scu35\1.0\board.xml as part xcsu35p-sbvb625-2-e specified in board_part file is either invalid or not available
WARNING: [Board 49-26] cannot add Board Part xilinx.com:v80:part0:1.0 available at C:/Xilinx/2025.1/data/xhub/boards\XilinxBoardStore\boards\Xilinx\v80\1.0\board.xml as part xcv80-lsva4737-2mhp-e-s specified in board_part file is either invalid or not available
WARNING: [Board 49-26] cannot add Board Part xilinx.com:vck190:part0:2.2 available at C:/Xilinx/2025.1/data/xhub/boards\XilinxBoardStore\boards\Xilinx\vck190\production\2.2\board.xml as part xcvc1902-vsva2197-2mp-e-s specified in board_part file is either invalid or not available
WARNING: [Board 49-26] cannot add Board Part xilinx.com:vck190:part0:3.0 available at C:/Xilinx/2025.1/data/xhub/boards\XilinxBoardStore\boards\Xilinx\vck190\production\3.0\board.xml as part xcvc1902-vsva2197-2mp-e-s specified in board_part file is either invalid or not available
WARNING: [Board 49-26] cannot add Board Part xilinx.com:vck190:part0:3.1 available at C:/Xilinx/2025.1/data/xhub/boards\XilinxBoardStore\boards\Xilinx\vck190\production\3.1\board.xml as part xcvc1902-vsva2197-2mp-e-s specified in board_part file is either invalid or not available
WARNING: [Board 49-26] cannot add Board Part xilinx.com:vck190:part0:3.2 available at C:/Xilinx/2025.1/data/xhub/boards\XilinxBoardStore\boards\Xilinx\vck190\production\3.2\board.xml as part xcvc1902-vsva2197-2mp-e-s specified in board_part file is either invalid or not available
WARNING: [Board 49-26] cannot add Board Part xilinx.com:vck190:part0:3.3 available at C:/Xilinx/2025.1/data/xhub/boards\XilinxBoardStore\boards\Xilinx\vck190\production\3.3\board.xml as part xcvc1902-vsva2197-2mp-e-s specified in board_part file is either invalid or not available
WARNING: [Board 49-26] cannot add Board Part xilinx.com:vck190:part0:3.4 available at C:/Xilinx/2025.1/data/xhub/boards\XilinxBoardStore\boards\Xilinx\vck190\production\3.4\board.xml as part xcvc1902-vsva2197-2mp-e-s specified in board_part file is either invalid or not available
WARNING: [Board 49-26] cannot add Board Part xilinx.com:vck190_newl:part0:1.0 available at C:/Xilinx/2025.1/data/xhub/boards\XilinxBoardStore\boards\Xilinx\vck190_newl\production\1.0\board.xml as part xcvc1902-vsva2197-2mp-e-s specified in board_part file is either invalid or not available
WARNING: [Board 49-26] cannot add Board Part xilinx.com:vck190_newl:part0:1.1 available at C:/Xilinx/2025.1/data/xhub/boards\XilinxBoardStore\boards\Xilinx\vck190_newl\production\1.1\board.xml as part xcvc1902-vsva2197-2mp-e-s specified in board_part file is either invalid or not available
WARNING: [Board 49-26] cannot add Board Part xilinx.com:vck190_newl:part0:1.2 available at C:/Xilinx/2025.1/data/xhub/boards\XilinxBoardStore\boards\Xilinx\vck190_newl\production\1.2\board.xml as part xcvc1902-vsva2197-2mp-e-s specified in board_part file is either invalid or not available
WARNING: [Board 49-26] cannot add Board Part xilinx.com:vck190_newl:part0:1.3 available at C:/Xilinx/2025.1/data/xhub/boards\XilinxBoardStore\boards\Xilinx\vck190_newl\production\1.3\board.xml as part xcvc1902-vsva2197-2mp-e-s specified in board_part file is either invalid or not available
WARNING: [Board 49-26] cannot add Board Part xilinx.com:vcu108:part0:1.6 available at C:/Xilinx/2025.1/data/xhub/boards\XilinxBoardStore\boards\Xilinx\vcu108\1.6\board.xml as part xcvu095-ffva2104-2-e specified in board_part file is either invalid or not available
WARNING: [Board 49-26] cannot add Board Part xilinx.com:vcu108:part0:1.7 available at C:/Xilinx/2025.1/data/xhub/boards\XilinxBoardStore\boards\Xilinx\vcu108\1.7\board.xml as part xcvu095-ffva2104-2-e specified in board_part file is either invalid or not available
WARNING: [Board 49-26] cannot add Board Part xilinx.com:vcu110:part0:1.4 available at C:/Xilinx/2025.1/data/xhub/boards\XilinxBoardStore\boards\Xilinx\vcu110\1.4\board.xml as part xcvu190-flgc2104-2-e specified in board_part file is either invalid or not available
WARNING: [Board 49-26] cannot add Board Part xilinx.com:vcu118:part0:2.0 available at C:/Xilinx/2025.1/data/xhub/boards\XilinxBoardStore\boards\Xilinx\vcu118\2.0\board.xml as part xcvu9p-flga2104-2l-e specified in board_part file is either invalid or not available
WARNING: [Board 49-26] cannot add Board Part xilinx.com:vcu118:part0:2.3 available at C:/Xilinx/2025.1/data/xhub/boards\XilinxBoardStore\boards\Xilinx\vcu118\2.3\board.xml as part xcvu9p-flga2104-2l-e specified in board_part file is either invalid or not available
WARNING: [Board 49-26] cannot add Board Part xilinx.com:vcu118:part0:2.4 available at C:/Xilinx/2025.1/data/xhub/boards\XilinxBoardStore\boards\Xilinx\vcu118\2.4\board.xml as part xcvu9p-flga2104-2l-e specified in board_part file is either invalid or not available
WARNING: [Board 49-26] cannot add Board Part xilinx.com:vcu128:part0:1.0 available at C:/Xilinx/2025.1/data/xhub/boards\XilinxBoardStore\boards\Xilinx\vcu128\production\1.0\board.xml as part xcvu37p-fsvh2892-2l-e specified in board_part file is either invalid or not available
WARNING: [Board 49-26] cannot add Board Part xilinx.com:vcu129:part0:1.0 available at C:/Xilinx/2025.1/data/xhub/boards\XilinxBoardStore\boards\Xilinx\vcu129\production\1.0\board.xml as part xcvu29p-fsga2577-2l-e specified in board_part file is either invalid or not available
WARNING: [Board 49-26] cannot add Board Part xilinx.com:vcu1525:part0:1.3 available at C:/Xilinx/2025.1/data/xhub/boards\XilinxBoardStore\boards\Xilinx\vcu1525\1.3\board.xml as part xcvu9p-fsgd2104-2l-e specified in board_part file is either invalid or not available
WARNING: [Board 49-26] cannot add Board Part xilinx.com:vek280:part0:1.0 available at C:/Xilinx/2025.1/data/xhub/boards\XilinxBoardStore\boards\Xilinx\vek280\production\1.0\board.xml as part xcve2802-vsvh1760-2mp-e-s specified in board_part file is either invalid or not available
WARNING: [Board 49-26] cannot add Board Part xilinx.com:vek280:part0:1.1 available at C:/Xilinx/2025.1/data/xhub/boards\XilinxBoardStore\boards\Xilinx\vek280\production\1.1\board.xml as part xcve2802-vsvh1760-2mp-e-s specified in board_part file is either invalid or not available
WARNING: [Board 49-26] cannot add Board Part xilinx.com:vek280:part0:1.2 available at C:/Xilinx/2025.1/data/xhub/boards\XilinxBoardStore\boards\Xilinx\vek280\production\1.2\board.xml as part xcve2802-vsvh1760-2mp-e-s specified in board_part file is either invalid or not available
WARNING: [Board 49-26] cannot add Board Part xilinx.com:vek385:part0:1.0 available at C:/Xilinx/2025.1/data/xhub/boards\XilinxBoardStore\boards\Xilinx\vek385\1.0\board.xml as part xc2ve3858-ssva2112-2mp-e-s specified in board_part file is either invalid or not available
WARNING: [Board 49-26] cannot add Board Part xilinx.com:vhk158:part0:1.0 available at C:/Xilinx/2025.1/data/xhub/boards\XilinxBoardStore\boards\Xilinx\vhk158\production\1.0\board.xml as part xcvh1582-vsva3697-2mp-e-s specified in board_part file is either invalid or not available
WARNING: [Board 49-26] cannot add Board Part xilinx.com:vhk158:part0:1.1 available at C:/Xilinx/2025.1/data/xhub/boards\XilinxBoardStore\boards\Xilinx\vhk158\production\1.1\board.xml as part xcvh1582-vsva3697-2mp-e-s specified in board_part file is either invalid or not available
WARNING: [Board 49-26] cannot add Board Part xilinx.com:vhk158:part0:1.2 available at C:/Xilinx/2025.1/data/xhub/boards\XilinxBoardStore\boards\Xilinx\vhk158\production\1.2\board.xml as part xcvh1582-vsva3697-2mp-e-s specified in board_part file is either invalid or not available
WARNING: [Board 49-26] cannot add Board Part xilinx.com:vmk180:part0:2.2 available at C:/Xilinx/2025.1/data/xhub/boards\XilinxBoardStore\boards\Xilinx\vmk180\production\2.2\board.xml as part xcvm1802-vsva2197-2mp-e-s specified in board_part file is either invalid or not available
WARNING: [Board 49-26] cannot add Board Part xilinx.com:vmk180:part0:3.0 available at C:/Xilinx/2025.1/data/xhub/boards\XilinxBoardStore\boards\Xilinx\vmk180\production\3.0\board.xml as part xcvm1802-vsva2197-2mp-e-s specified in board_part file is either invalid or not available
WARNING: [Board 49-26] cannot add Board Part xilinx.com:vmk180:part0:3.1 available at C:/Xilinx/2025.1/data/xhub/boards\XilinxBoardStore\boards\Xilinx\vmk180\production\3.1\board.xml as part xcvm1802-vsva2197-2mp-e-s specified in board_part file is either invalid or not available
WARNING: [Board 49-26] cannot add Board Part xilinx.com:vmk180:part0:3.2 available at C:/Xilinx/2025.1/data/xhub/boards\XilinxBoardStore\boards\Xilinx\vmk180\production\3.2\board.xml as part xcvm1802-vsva2197-2mp-e-s specified in board_part file is either invalid or not available
WARNING: [Board 49-26] cannot add Board Part xilinx.com:vmk180:part0:3.3 available at C:/Xilinx/2025.1/data/xhub/boards\XilinxBoardStore\boards\Xilinx\vmk180\production\3.3\board.xml as part xcvm1802-vsva2197-2mp-e-s specified in board_part file is either invalid or not available
WARNING: [Board 49-26] cannot add Board Part xilinx.com:vmk180_newl:part0:1.0 available at C:/Xilinx/2025.1/data/xhub/boards\XilinxBoardStore\boards\Xilinx\vmk180_newl\production\1.0\board.xml as part xcvm1802-vsva2197-2mp-e-s specified in board_part file is either invalid or not available
WARNING: [Board 49-26] cannot add Board Part xilinx.com:vmk180_newl:part0:1.1 available at C:/Xilinx/2025.1/data/xhub/boards\XilinxBoardStore\boards\Xilinx\vmk180_newl\production\1.1\board.xml as part xcvm1802-vsva2197-2mp-e-s specified in board_part file is either invalid or not available
WARNING: [Board 49-26] cannot add Board Part xilinx.com:vpk120:part0:1.0 available at C:/Xilinx/2025.1/data/xhub/boards\XilinxBoardStore\boards\Xilinx\vpk120\production\1.0\board.xml as part xcvp1202-vsva2785-2mp-e-s specified in board_part file is either invalid or not available
WARNING: [Board 49-26] cannot add Board Part xilinx.com:vpk120:part0:1.1 available at C:/Xilinx/2025.1/data/xhub/boards\XilinxBoardStore\boards\Xilinx\vpk120\production\1.1\board.xml as part xcvp1202-vsva2785-2mp-e-s specified in board_part file is either invalid or not available
WARNING: [Board 49-26] cannot add Board Part xilinx.com:vpk120:part0:1.2 available at C:/Xilinx/2025.1/data/xhub/boards\XilinxBoardStore\boards\Xilinx\vpk120\production\1.2\board.xml as part xcvp1202-vsva2785-2mp-e-s specified in board_part file is either invalid or not available
WARNING: [Board 49-26] cannot add Board Part xilinx.com:vpk180:part0:1.0 available at C:/Xilinx/2025.1/data/xhub/boards\XilinxBoardStore\boards\Xilinx\vpk180\production\1.0\board.xml as part xcvp1802-lsvc4072-2mp-e-s specified in board_part file is either invalid or not available
WARNING: [Board 49-26] cannot add Board Part xilinx.com:vpk180:part0:1.1 available at C:/Xilinx/2025.1/data/xhub/boards\XilinxBoardStore\boards\Xilinx\vpk180\production\1.1\board.xml as part xcvp1802-lsvc4072-2mp-e-s specified in board_part file is either invalid or not available
WARNING: [Board 49-26] cannot add Board Part xilinx.com:vpk180:part0:1.2 available at C:/Xilinx/2025.1/data/xhub/boards\XilinxBoardStore\boards\Xilinx\vpk180\production\1.2\board.xml as part xcvp1802-lsvc4072-2mp-e-s specified in board_part file is either invalid or not available
WARNING: [Board 49-26] cannot add Board Part xilinx.com:zcu208ld:part0:2.0 available at C:/Xilinx/2025.1/data/xhub/boards\XilinxBoardStore\boards\Xilinx\zcu208ld\production\2.0\board.xml as part xczu58dr-fsvg1517-2-i specified in board_part file is either invalid or not available
INFO: [Common 17-14] Message 'Board 49-26' appears 100 times and further instances of the messages will be disabled. Use the Tcl command set_msg_config to change the current settings.
WARNING: [Project 1-5713] Board part '' set for the project  is not found. BoardPart property will be unset. Please select board from latest repo build 
INFO: [IP_Flow 19-234] Refreshing IP repositories
INFO: [IP_Flow 19-1704] No user IP repositories specified
INFO: [IP_Flow 19-2313] Loaded Vivado IP repository 'C:/Xilinx/2025.1/Vivado/data/ip'.
update_compile_order -fileset sources_1
launch_simulation
Command: launch_simulation 
INFO: [Vivado 12-12493] Simulation top is 'system_tb'
INFO: [Vivado 12-5682] Launching behavioral simulation in 'C:/Users/Mateusz Kozlowski/Documents/zampf/ZAMFP/ZAMFP.sim/sim_1/behav/xsim'
INFO: [SIM-utils-51] Simulation object is 'sim_1'
INFO: [SIM-utils-72] Using boost library from 'C:/Xilinx/2025.1/Vivado/tps/boost_1_72_0'
INFO: [SIM-utils-54] Inspecting design source files for 'system_tb' in fileset 'sim_1'...
INFO: [USF-XSim-97] Finding global include files...
INFO: [USF-XSim-98] Fetching design files from 'sim_1'...
INFO: [USF-XSim-2] XSim::Compile design
INFO: [USF-XSim-61] Executing 'COMPILE and ANALYZE' step in 'C:/Users/Mateusz Kozlowski/Documents/zampf/ZAMFP/ZAMFP.sim/sim_1/behav/xsim'
"xvhdl --incr --relax -prj system_tb_vhdl.prj"
INFO: [USF-XSim-69] 'compile' step finished in '1' seconds
INFO: [USF-XSim-3] XSim::Elaborate design
INFO: [USF-XSim-61] Executing 'ELABORATE' step in 'C:/Users/Mateusz Kozlowski/Documents/zampf/ZAMFP/ZAMFP.sim/sim_1/behav/xsim'
"xelab --incr --debug typical --relax --mt 2 -L xil_defaultlib -L secureip --snapshot system_tb_behav xil_defaultlib.system_tb -log elaborate.log"
Vivado Simulator v2025.1.0
Copyright 1986-2022 Xilinx, Inc. All Rights Reserved.
Copyright 2022-2025 Advanced Micro Devices, Inc. All Rights Reserved.
Running: C:/Xilinx/2025.1/Vivado/bin/unwrapped/win64.o/xelab.exe --incr --debug typical --relax --mt 2 -L xil_defaultlib -L secureip --snapshot system_tb_behav xil_defaultlib.system_tb -log elaborate.log 
Using 2 slave threads.
Starting static elaboration
WARNING: [VRFC 10-3813] value in initialization depends on signal 'bit_ticks' [C:/Users/Mateusz Kozlowski/Documents/zampf/ZAMFP/ZAMFP.srcs/sources_1/new/uart.vhd:37]
WARNING: [VRFC 10-3813] value in initialization depends on signal 'bit_ticks' [C:/Users/Mateusz Kozlowski/Documents/zampf/ZAMFP/ZAMFP.srcs/sources_1/new/uart.vhd:46]
Completed static elaboration
Starting simulation data flow analysis
Completed simulation data flow analysis
ERROR: [XSIM 43-3249] File C:/Users/Mateusz Kozlowski/Documents/zampf/ZAMFP/ZAMFP.srcs/sources_1/new/uart.vhd, line 37. Unresolved signal "tx_tick_cnt" is multiply driven.
INFO: [USF-XSim-69] 'elaborate' step finished in '1' seconds
INFO: [USF-XSim-99] Step results log file:'C:/Users/Mateusz Kozlowski/Documents/zampf/ZAMFP/ZAMFP.sim/sim_1/behav/xsim/elaborate.log'
ERROR: [USF-XSim-62] 'elaborate' step failed with error(s). Please check the Tcl console output or 'C:/Users/Mateusz Kozlowski/Documents/zampf/ZAMFP/ZAMFP.sim/sim_1/behav/xsim/elaborate.log' file for more information.
ERROR: [Vivado 12-4473] Detected error while running simulation. Please correct the issue and retry this operation.
ERROR: [Common 17-39] 'launch_simulation' failed due to earlier errors.
launch_simulation
Command: launch_simulation 
INFO: [Vivado 12-12493] Simulation top is 'system_tb'
INFO: [Vivado 12-5682] Launching behavioral simulation in 'C:/Users/Mateusz Kozlowski/Documents/zampf/ZAMFP/ZAMFP.sim/sim_1/behav/xsim'
INFO: [SIM-utils-51] Simulation object is 'sim_1'
INFO: [SIM-utils-72] Using boost library from 'C:/Xilinx/2025.1/Vivado/tps/boost_1_72_0'
INFO: [SIM-utils-54] Inspecting design source files for 'system_tb' in fileset 'sim_1'...
INFO: [USF-XSim-97] Finding global include files...
INFO: [USF-XSim-98] Fetching design files from 'sim_1'...
INFO: [USF-XSim-2] XSim::Compile design
INFO: [USF-XSim-61] Executing 'COMPILE and ANALYZE' step in 'C:/Users/Mateusz Kozlowski/Documents/zampf/ZAMFP/ZAMFP.sim/sim_1/behav/xsim'
"xvhdl --incr --relax -prj system_tb_vhdl.prj"
INFO: [USF-XSim-69] 'compile' step finished in '1' seconds
INFO: [USF-XSim-3] XSim::Elaborate design
INFO: [USF-XSim-61] Executing 'ELABORATE' step in 'C:/Users/Mateusz Kozlowski/Documents/zampf/ZAMFP/ZAMFP.sim/sim_1/behav/xsim'
"xelab --incr --debug typical --relax --mt 2 -L xil_defaultlib -L secureip --snapshot system_tb_behav xil_defaultlib.system_tb -log elaborate.log"
Vivado Simulator v2025.1.0
Copyright 1986-2022 Xilinx, Inc. All Rights Reserved.
Copyright 2022-2025 Advanced Micro Devices, Inc. All Rights Reserved.
Running: C:/Xilinx/2025.1/Vivado/bin/unwrapped/win64.o/xelab.exe --incr --debug typical --relax --mt 2 -L xil_defaultlib -L secureip --snapshot system_tb_behav xil_defaultlib.system_tb -log elaborate.log 
Using 2 slave threads.
Starting static elaboration
WARNING: [VRFC 10-3813] value in initialization depends on signal 'bit_ticks' [C:/Users/Mateusz Kozlowski/Documents/zampf/ZAMFP/ZAMFP.srcs/sources_1/new/uart.vhd:37]
WARNING: [VRFC 10-3813] value in initialization depends on signal 'bit_ticks' [C:/Users/Mateusz Kozlowski/Documents/zampf/ZAMFP/ZAMFP.srcs/sources_1/new/uart.vhd:46]
Completed static elaboration
Starting simulation data flow analysis
Completed simulation data flow analysis
ERROR: [XSIM 43-3249] File C:/Users/Mateusz Kozlowski/Documents/zampf/ZAMFP/ZAMFP.srcs/sources_1/new/uart.vhd, line 37. Unresolved signal "tx_tick_cnt" is multiply driven.
INFO: [USF-XSim-69] 'elaborate' step finished in '1' seconds
INFO: [USF-XSim-99] Step results log file:'C:/Users/Mateusz Kozlowski/Documents/zampf/ZAMFP/ZAMFP.sim/sim_1/behav/xsim/elaborate.log'
ERROR: [USF-XSim-62] 'elaborate' step failed with error(s). Please check the Tcl console output or 'C:/Users/Mateusz Kozlowski/Documents/zampf/ZAMFP/ZAMFP.sim/sim_1/behav/xsim/elaborate.log' file for more information.
ERROR: [Vivado 12-4473] Detected error while running simulation. Please correct the issue and retry this operation.
ERROR: [Common 17-39] 'launch_simulation' failed due to earlier errors.
launch_simulation
Command: launch_simulation 
INFO: [Vivado 12-12493] Simulation top is 'system_tb'
INFO: [Vivado 12-5682] Launching behavioral simulation in 'C:/Users/Mateusz Kozlowski/Documents/zampf/ZAMFP/ZAMFP.sim/sim_1/behav/xsim'
INFO: [SIM-utils-51] Simulation object is 'sim_1'
INFO: [SIM-utils-72] Using boost library from 'C:/Xilinx/2025.1/Vivado/tps/boost_1_72_0'
INFO: [SIM-utils-54] Inspecting design source files for 'system_tb' in fileset 'sim_1'...
INFO: [USF-XSim-97] Finding global include files...
INFO: [USF-XSim-98] Fetching design files from 'sim_1'...
INFO: [USF-XSim-2] XSim::Compile design
INFO: [USF-XSim-61] Executing 'COMPILE and ANALYZE' step in 'C:/Users/Mateusz Kozlowski/Documents/zampf/ZAMFP/ZAMFP.sim/sim_1/behav/xsim'
"xvhdl --incr --relax -prj system_tb_vhdl.prj"
INFO: [VRFC 10-163] Analyzing VHDL file "C:/Users/Mateusz Kozlowski/Documents/zampf/ZAMFP/ZAMFP.srcs/sources_1/new/uart.vhd" into library xil_defaultlib
INFO: [VRFC 10-3107] analyzing entity 'uart'
INFO: [VRFC 10-163] Analyzing VHDL file "C:/Users/Mateusz Kozlowski/Documents/zampf/ZAMFP/ZAMFP.srcs/sources_1/new/top.vhd" into library xil_defaultlib
INFO: [VRFC 10-3107] analyzing entity 'system_rtl'
INFO: [VRFC 10-163] Analyzing VHDL file "C:/Users/Mateusz Kozlowski/Documents/zampf/ZAMFP/ZAMFP.srcs/system/new/system_tb.vhd" into library xil_defaultlib
INFO: [VRFC 10-3107] analyzing entity 'system_tb'
INFO: [USF-XSim-69] 'compile' step finished in '1' seconds
INFO: [USF-XSim-3] XSim::Elaborate design
INFO: [USF-XSim-61] Executing 'ELABORATE' step in 'C:/Users/Mateusz Kozlowski/Documents/zampf/ZAMFP/ZAMFP.sim/sim_1/behav/xsim'
"xelab --incr --debug typical --relax --mt 2 -L xil_defaultlib -L secureip --snapshot system_tb_behav xil_defaultlib.system_tb -log elaborate.log"
Vivado Simulator v2025.1.0
Copyright 1986-2022 Xilinx, Inc. All Rights Reserved.
Copyright 2022-2025 Advanced Micro Devices, Inc. All Rights Reserved.
Running: C:/Xilinx/2025.1/Vivado/bin/unwrapped/win64.o/xelab.exe --incr --debug typical --relax --mt 2 -L xil_defaultlib -L secureip --snapshot system_tb_behav xil_defaultlib.system_tb -log elaborate.log 
Using 2 slave threads.
Starting static elaboration
Completed static elaboration
Starting simulation data flow analysis
Completed simulation data flow analysis
Time Resolution for simulation is 1ps
Compiling package std.standard
Compiling package std.textio
Compiling package ieee.std_logic_1164
Compiling package ieee.std_logic_textio
Compiling package ieee.numeric_std
Compiling architecture behavioral of entity xil_defaultlib.ram [ram_default]
Compiling architecture rtl of entity xil_defaultlib.uart [uart_default]
Compiling architecture behavioral of entity xil_defaultlib.uart_ram_ctrl [uart_ram_ctrl_default]
Compiling architecture rtl of entity xil_defaultlib.system_rtl [system_rtl_default]
Compiling architecture sim of entity xil_defaultlib.system_tb
Built simulation snapshot system_tb_behav
INFO: [USF-XSim-69] 'elaborate' step finished in '1' seconds
INFO: [USF-XSim-4] XSim::Simulate design
INFO: [USF-XSim-61] Executing 'SIMULATE' step in 'C:/Users/Mateusz Kozlowski/Documents/zampf/ZAMFP/ZAMFP.sim/sim_1/behav/xsim'
INFO: [USF-XSim-98] *** Running xsim
   with args "system_tb_behav -key {Behavioral:sim_1:Functional:system_tb} -tclbatch {system_tb.tcl} -view {{C:/Users/Mateusz Kozlowski/Documents/zampf/ZAMFP/Docs/system_tb_behav.wcfg}} -view {{C:/Users/Mateusz Kozlowski/Documents/zampf/ZAMFP/system_tb_behav.wcfg}} -log {simulate.log}"
INFO: [USF-XSim-8] Loading simulator feature
Time resolution is 1 ps
open_wave_config {C:/Users/Mateusz Kozlowski/Documents/zampf/ZAMFP/Docs/system_tb_behav.wcfg}
WARNING: Simulation object /system_tb/dut/uart_i/BIT_TICKS was not found in the design.
WARNING: Simulation object /system_tb/dut/uart_i/ab_state was not found in the design.
open_wave_config {C:/Users/Mateusz Kozlowski/Documents/zampf/ZAMFP/system_tb_behav.wcfg}
source system_tb.tcl
# set curr_wave [current_wave_config]
# if { [string length $curr_wave] == 0 } {
#   if { [llength [get_objects]] > 0} {
#     add_wave /
#     set_property needs_save false [current_wave_config]
#   } else {
#      send_msg_id Add_Wave-1 WARNING "No top level signals found. Simulator will start without a wave window. If you want to open a wave window go to 'File->New Waveform Configuration' or type 'create_wave_config' in the TCL console."
#   }
# }
# run 1000ns
INFO: [USF-XSim-96] XSim completed. Design snapshot 'system_tb_behav' loaded.
INFO: [USF-XSim-97] XSim simulation ran for 1000ns
launch_simulation: Time (s): cpu = 00:00:03 ; elapsed = 00:00:06 . Memory (MB): peak = 1699.801 ; gain = 25.496
run all
run all
run: Time (s): cpu = 00:00:09 ; elapsed = 00:00:07 . Memory (MB): peak = 1699.801 ; gain = 0.000
relaunch_sim
WARNING: [filemgmt 56-199] Attempt to get parsing info during refresh. "On-the-fly" syntax checking information may be incorrect. [C:\Users\Mateusz Kozlowski\Documents\zampf\ZAMFP\ZAMFP.srcs\sources_1\new\uart.vhd:]
WARNING: [filemgmt 56-199] Attempt to get parsing info during refresh. "On-the-fly" syntax checking information may be incorrect. [C:\Users\Mateusz Kozlowski\Documents\zampf\ZAMFP\ZAMFP.srcs\system\new\system_tb.vhd:]
WARNING: [filemgmt 56-199] Attempt to get parsing info during refresh. "On-the-fly" syntax checking information may be incorrect. [C:\Users\Mateusz Kozlowski\Documents\zampf\ZAMFP\ZAMFP.srcs\sources_1\new\uart.vhd:]
WARNING: [filemgmt 56-199] Attempt to get parsing info during refresh. "On-the-fly" syntax checking information may be incorrect. [C:\Users\Mateusz Kozlowski\Documents\zampf\ZAMFP\ZAMFP.srcs\sources_1\new\uart.vhd:]
Command: launch_simulation -step compile -simset sim_1 -mode behavioral
INFO: [Vivado 12-12493] Simulation top is 'system_tb'
INFO: [Vivado 12-5682] Launching behavioral simulation in 'C:/Users/Mateusz Kozlowski/Documents/zampf/ZAMFP/ZAMFP.sim/sim_1/behav/xsim'
INFO: [SIM-utils-51] Simulation object is 'sim_1'
INFO: [SIM-utils-72] Using boost library from 'C:/Xilinx/2025.1/Vivado/tps/boost_1_72_0'
INFO: [SIM-utils-54] Inspecting design source files for 'system_tb' in fileset 'sim_1'...
INFO: [USF-XSim-97] Finding global include files...
INFO: [USF-XSim-98] Fetching design files from 'sim_1'...
INFO: [USF-XSim-2] XSim::Compile design
INFO: [USF-XSim-61] Executing 'COMPILE and ANALYZE' step in 'C:/Users/Mateusz Kozlowski/Documents/zampf/ZAMFP/ZAMFP.sim/sim_1/behav/xsim'
"xvhdl --incr --relax -prj system_tb_vhdl.prj"
INFO: [VRFC 10-163] Analyzing VHDL file "C:/Users/Mateusz Kozlowski/Documents/zampf/ZAMFP/ZAMFP.srcs/sources_1/new/uart.vhd" into library xil_defaultlib
INFO: [VRFC 10-3107] analyzing entity 'uart'
INFO: [VRFC 10-163] Analyzing VHDL file "C:/Users/Mateusz Kozlowski/Documents/zampf/ZAMFP/ZAMFP.srcs/sources_1/new/top.vhd" into library xil_defaultlib
INFO: [VRFC 10-3107] analyzing entity 'system_rtl'
INFO: [VRFC 10-163] Analyzing VHDL file "C:/Users/Mateusz Kozlowski/Documents/zampf/ZAMFP/ZAMFP.srcs/system/new/system_tb.vhd" into library xil_defaultlib
INFO: [VRFC 10-3107] analyzing entity 'system_tb'
INFO: [USF-XSim-69] 'compile' step finished in '1' seconds
Command: launch_simulation -step elaborate -simset sim_1 -mode behavioral
INFO: [Vivado 12-12493] Simulation top is 'system_tb'
INFO: [Vivado 12-5682] Launching behavioral simulation in 'C:/Users/Mateusz Kozlowski/Documents/zampf/ZAMFP/ZAMFP.sim/sim_1/behav/xsim'
INFO: [SIM-utils-51] Simulation object is 'sim_1'
INFO: [USF-XSim-3] XSim::Elaborate design
INFO: [USF-XSim-61] Executing 'ELABORATE' step in 'C:/Users/Mateusz Kozlowski/Documents/zampf/ZAMFP/ZAMFP.sim/sim_1/behav/xsim'
"xelab --incr --debug typical --relax --mt 2 -L xil_defaultlib -L secureip --snapshot system_tb_behav xil_defaultlib.system_tb -log elaborate.log"
Vivado Simulator v2025.1.0
Copyright 1986-2022 Xilinx, Inc. All Rights Reserved.
Copyright 2022-2025 Advanced Micro Devices, Inc. All Rights Reserved.
Running: C:/Xilinx/2025.1/Vivado/bin/unwrapped/win64.o/xelab.exe --incr --debug typical --relax --mt 2 -L xil_defaultlib -L secureip --snapshot system_tb_behav xil_defaultlib.system_tb -log elaborate.log 
Using 2 slave threads.
Starting static elaboration
Completed static elaboration
Starting simulation data flow analysis
Completed simulation data flow analysis
Time Resolution for simulation is 1ps
Compiling package std.standard
Compiling package std.textio
Compiling package ieee.std_logic_1164
Compiling package ieee.std_logic_textio
Compiling package ieee.numeric_std
Compiling architecture behavioral of entity xil_defaultlib.ram [ram_default]
Compiling architecture rtl of entity xil_defaultlib.uart [uart_default]
Compiling architecture behavioral of entity xil_defaultlib.uart_ram_ctrl [uart_ram_ctrl_default]
Compiling architecture rtl of entity xil_defaultlib.system_rtl [system_rtl_default]
Compiling architecture sim of entity xil_defaultlib.system_tb
Built simulation snapshot system_tb_behav
INFO: [USF-XSim-69] 'elaborate' step finished in '1' seconds
Time resolution is 1 ps
relaunch_sim: Time (s): cpu = 00:00:01 ; elapsed = 00:00:06 . Memory (MB): peak = 3348.332 ; gain = 0.000
run all


RESP WRITE PRE = 0x5A
RESP WRITE HDR = 0x61

RESP WRITE DATA = 0xA1


RESP READ PRE = 0x5A
RESP READ HDR = 0xE1
RESP READ DATA = 0xA1
0


RESP WRITE PRE = 0x5A
RESP WRITE HDR = 0x00
RESP WRITE DATA = 0x00


RESP READ PRE = 0x5A
RESP READ HDR = 0x80
RESP READ DATA = 0x00
1


RESP WRITE PRE = 0x5A
RESP WRITE HDR = 0x03
RESP WRITE DATA = 0x02


RESP READ PRE = 0x5A
RESP READ HDR = 0x83
RESP READ DATA = 0x02
2


RESP WRITE PRE = 0x5A
RESP WRITE HDR = 0x06
RESP WRITE DATA = 0x04


RESP READ PRE = 0x5A
RESP READ HDR = 0x86
RESP READ DATA = 0x04
3


RESP WRITE PRE = 0x5A
RESP WRITE HDR = 0x09
RESP WRITE DATA = 0x06


RESP READ PRE = 0x5A
RESP READ HDR = 0x89
RESP READ DATA = 0x06
4


RESP WRITE PRE = 0x5A
RESP WRITE HDR = 0x0C
RESP WRITE DATA = 0x08


RESP READ PRE = 0x5A
RESP READ HDR = 0x8C
RESP READ DATA = 0x08
5


RESP WRITE PRE = 0x5A
RESP WRITE HDR = 0x0F
RESP WRITE DATA = 0x0A


RESP READ PRE = 0x5A
RESP READ HDR = 0x8F
RESP READ DATA = 0x0A
6


RESP WRITE PRE = 0x5A
RESP WRITE HDR = 0x12
RESP WRITE DATA = 0x0C


RESP READ PRE = 0x5A
RESP READ HDR = 0x92
RESP READ DATA = 0x0C
7


RESP WRITE PRE = 0x5A
RESP WRITE HDR = 0x15
RESP WRITE DATA = 0x0E


RESP READ PRE = 0x5A
RESP READ HDR = 0x95
RESP READ DATA = 0x0E
Stopped at time : 10966270 ns : File "C:/Users/Mateusz Kozlowski/Documents/zampf/ZAMFP/ZAMFP.srcs/system/new/system_tb.vhd" Line 263
relaunch_sim
Command: launch_simulation -step compile -simset sim_1 -mode behavioral
INFO: [Vivado 12-12493] Simulation top is 'system_tb'
INFO: [Vivado 12-5682] Launching behavioral simulation in 'C:/Users/Mateusz Kozlowski/Documents/zampf/ZAMFP/ZAMFP.sim/sim_1/behav/xsim'
INFO: [SIM-utils-51] Simulation object is 'sim_1'
INFO: [USF-XSim-2] XSim::Compile design
INFO: [USF-XSim-61] Executing 'COMPILE and ANALYZE' step in 'C:/Users/Mateusz Kozlowski/Documents/zampf/ZAMFP/ZAMFP.sim/sim_1/behav/xsim'
"xvhdl --incr --relax -prj system_tb_vhdl.prj"
INFO: [VRFC 10-163] Analyzing VHDL file "C:/Users/Mateusz Kozlowski/Documents/zampf/ZAMFP/ZAMFP.srcs/sources_1/new/uart.vhd" into library xil_defaultlib
INFO: [VRFC 10-3107] analyzing entity 'uart'
INFO: [VRFC 10-163] Analyzing VHDL file "C:/Users/Mateusz Kozlowski/Documents/zampf/ZAMFP/ZAMFP.srcs/sources_1/new/top.vhd" into library xil_defaultlib
INFO: [VRFC 10-3107] analyzing entity 'system_rtl'
INFO: [VRFC 10-163] Analyzing VHDL file "C:/Users/Mateusz Kozlowski/Documents/zampf/ZAMFP/ZAMFP.srcs/system/new/system_tb.vhd" into library xil_defaultlib
INFO: [VRFC 10-3107] analyzing entity 'system_tb'
INFO: [USF-XSim-69] 'compile' step finished in '1' seconds
Command: launch_simulation -step elaborate -simset sim_1 -mode behavioral
INFO: [Vivado 12-12493] Simulation top is 'system_tb'
INFO: [Vivado 12-5682] Launching behavioral simulation in 'C:/Users/Mateusz Kozlowski/Documents/zampf/ZAMFP/ZAMFP.sim/sim_1/behav/xsim'
INFO: [SIM-utils-51] Simulation object is 'sim_1'
INFO: [USF-XSim-3] XSim::Elaborate design
INFO: [USF-XSim-61] Executing 'ELABORATE' step in 'C:/Users/Mateusz Kozlowski/Documents/zampf/ZAMFP/ZAMFP.sim/sim_1/behav/xsim'
"xelab --incr --debug typical --relax --mt 2 -L xil_defaultlib -L secureip --snapshot system_tb_behav xil_defaultlib.system_tb -log elaborate.log"
Vivado Simulator v2025.1.0
Copyright 1986-2022 Xilinx, Inc. All Rights Reserved.
Copyright 2022-2025 Advanced Micro Devices, Inc. All Rights Reserved.
Running: C:/Xilinx/2025.1/Vivado/bin/unwrapped/win64.o/xelab.exe --incr --debug typical --relax --mt 2 -L xil_defaultlib -L secureip --snapshot system_tb_behav xil_defaultlib.system_tb -log elaborate.log 
Using 2 slave threads.
Starting static elaboration
Completed static elaboration
Starting simulation data flow analysis
Completed simulation data flow analysis
Time Resolution for simulation is 1ps
Compiling package std.standard
Compiling package std.textio
Compiling package ieee.std_logic_1164
Compiling package ieee.std_logic_textio
Compiling package ieee.numeric_std
Compiling architecture behavioral of entity xil_defaultlib.ram [ram_default]
Compiling architecture rtl of entity xil_defaultlib.uart [uart_default]
Compiling architecture behavioral of entity xil_defaultlib.uart_ram_ctrl [uart_ram_ctrl_default]
Compiling architecture rtl of entity xil_defaultlib.system_rtl [system_rtl_default]
Compiling architecture sim of entity xil_defaultlib.system_tb
Built simulation snapshot system_tb_behav
INFO: [USF-XSim-69] 'elaborate' step finished in '1' seconds
Time resolution is 1 ps
relaunch_sim: Time (s): cpu = 00:00:01 ; elapsed = 00:00:06 . Memory (MB): peak = 3348.332 ; gain = 0.000
run all


RESP WRITE PRE = 0x5A
RESP WRITE HDR = 0x61

RESP WRITE DATA = 0xA1


RESP READ PRE = 0x5A
RESP READ HDR = 0xE1
RESP READ DATA = 0xA1
0


RESP WRITE PRE = 0x5A
RESP WRITE HDR = 0x00
RESP WRITE DATA = 0x00


RESP READ PRE = 0x5A
RESP READ HDR = 0x80
RESP READ DATA = 0x00
1


RESP WRITE PRE = 0x5A
RESP WRITE HDR = 0x03
RESP WRITE DATA = 0x02


RESP READ PRE = 0x5A
RESP READ HDR = 0x83
RESP READ DATA = 0x02
2


RESP WRITE PRE = 0x5A
RESP WRITE HDR = 0x06
RESP WRITE DATA = 0x04


RESP READ PRE = 0x5A
RESP READ HDR = 0x86
RESP READ DATA = 0x04
3


RESP WRITE PRE = 0x5A
RESP WRITE HDR = 0x09
RESP WRITE DATA = 0x06


RESP READ PRE = 0x5A
RESP READ HDR = 0x89
RESP READ DATA = 0x06
4


RESP WRITE PRE = 0x5A
RESP WRITE HDR = 0x0C
RESP WRITE DATA = 0x08


RESP READ PRE = 0x5A
RESP READ HDR = 0x8C
RESP READ DATA = 0x08
5


RESP WRITE PRE = 0x5A
RESP WRITE HDR = 0x0F
RESP WRITE DATA = 0x0A


RESP READ PRE = 0x5A
RESP READ HDR = 0x8F
RESP READ DATA = 0x0A
6


RESP WRITE PRE = 0x5A
RESP WRITE HDR = 0x12
RESP WRITE DATA = 0x0C


RESP READ PRE = 0x5A
RESP READ HDR = 0x92
RESP READ DATA = 0x0C
7


RESP WRITE PRE = 0x5A
RESP WRITE HDR = 0x15
RESP WRITE DATA = 0x0E


RESP READ PRE = 0x5A
RESP READ HDR = 0x95
RESP READ DATA = 0x0E
Stopped at time : 10966270 ns : File "C:/Users/Mateusz Kozlowski/Documents/zampf/ZAMFP/ZAMFP.srcs/system/new/system_tb.vhd" Line 263
relaunch_sim
Command: launch_simulation -step compile -simset sim_1 -mode behavioral
INFO: [Vivado 12-12493] Simulation top is 'system_tb'
INFO: [Vivado 12-5682] Launching behavioral simulation in 'C:/Users/Mateusz Kozlowski/Documents/zampf/ZAMFP/ZAMFP.sim/sim_1/behav/xsim'
INFO: [SIM-utils-51] Simulation object is 'sim_1'
INFO: [USF-XSim-2] XSim::Compile design
INFO: [USF-XSim-61] Executing 'COMPILE and ANALYZE' step in 'C:/Users/Mateusz Kozlowski/Documents/zampf/ZAMFP/ZAMFP.sim/sim_1/behav/xsim'
"xvhdl --incr --relax -prj system_tb_vhdl.prj"
INFO: [VRFC 10-163] Analyzing VHDL file "C:/Users/Mateusz Kozlowski/Documents/zampf/ZAMFP/ZAMFP.srcs/sources_1/new/uart.vhd" into library xil_defaultlib
INFO: [VRFC 10-3107] analyzing entity 'uart'
INFO: [VRFC 10-163] Analyzing VHDL file "C:/Users/Mateusz Kozlowski/Documents/zampf/ZAMFP/ZAMFP.srcs/sources_1/new/top.vhd" into library xil_defaultlib
INFO: [VRFC 10-3107] analyzing entity 'system_rtl'
INFO: [VRFC 10-163] Analyzing VHDL file "C:/Users/Mateusz Kozlowski/Documents/zampf/ZAMFP/ZAMFP.srcs/system/new/system_tb.vhd" into library xil_defaultlib
INFO: [VRFC 10-3107] analyzing entity 'system_tb'
INFO: [USF-XSim-69] 'compile' step finished in '1' seconds
Command: launch_simulation -step elaborate -simset sim_1 -mode behavioral
INFO: [Vivado 12-12493] Simulation top is 'system_tb'
INFO: [Vivado 12-5682] Launching behavioral simulation in 'C:/Users/Mateusz Kozlowski/Documents/zampf/ZAMFP/ZAMFP.sim/sim_1/behav/xsim'
INFO: [SIM-utils-51] Simulation object is 'sim_1'
INFO: [USF-XSim-3] XSim::Elaborate design
INFO: [USF-XSim-61] Executing 'ELABORATE' step in 'C:/Users/Mateusz Kozlowski/Documents/zampf/ZAMFP/ZAMFP.sim/sim_1/behav/xsim'
"xelab --incr --debug typical --relax --mt 2 -L xil_defaultlib -L secureip --snapshot system_tb_behav xil_defaultlib.system_tb -log elaborate.log"
Vivado Simulator v2025.1.0
Copyright 1986-2022 Xilinx, Inc. All Rights Reserved.
Copyright 2022-2025 Advanced Micro Devices, Inc. All Rights Reserved.
Running: C:/Xilinx/2025.1/Vivado/bin/unwrapped/win64.o/xelab.exe --incr --debug typical --relax --mt 2 -L xil_defaultlib -L secureip --snapshot system_tb_behav xil_defaultlib.system_tb -log elaborate.log 
Using 2 slave threads.
Starting static elaboration
Completed static elaboration
Starting simulation data flow analysis
Completed simulation data flow analysis
Time Resolution for simulation is 1ps
Compiling package std.standard
Compiling package std.textio
Compiling package ieee.std_logic_1164
Compiling package ieee.std_logic_textio
Compiling package ieee.numeric_std
Compiling architecture behavioral of entity xil_defaultlib.ram [ram_default]
Compiling architecture rtl of entity xil_defaultlib.uart [uart_default]
Compiling architecture behavioral of entity xil_defaultlib.uart_ram_ctrl [uart_ram_ctrl_default]
Compiling architecture rtl of entity xil_defaultlib.system_rtl [system_rtl_default]
Compiling architecture sim of entity xil_defaultlib.system_tb
Built simulation snapshot system_tb_behav
INFO: [USF-XSim-69] 'elaborate' step finished in '1' seconds
Time resolution is 1 ps
relaunch_sim: Time (s): cpu = 00:00:01 ; elapsed = 00:00:06 . Memory (MB): peak = 3348.332 ; gain = 0.000
run all


RESP WRITE PRE = 0x5A
RESP WRITE HDR = 0x61

RESP WRITE DATA = 0xA1


RESP READ PRE = 0x5A
RESP READ HDR = 0xE1
RESP READ DATA = 0xA1
0


RESP WRITE PRE = 0x5A
RESP WRITE HDR = 0x00
RESP WRITE DATA = 0x00


RESP READ PRE = 0x5A
RESP READ HDR = 0x80
RESP READ DATA = 0x00
1


RESP WRITE PRE = 0x5A
RESP WRITE HDR = 0x03
RESP WRITE DATA = 0x02


RESP READ PRE = 0x5A
RESP READ HDR = 0x83
RESP READ DATA = 0x02
2


RESP WRITE PRE = 0x5A
RESP WRITE HDR = 0x06
RESP WRITE DATA = 0x04


RESP READ PRE = 0x5A
RESP READ HDR = 0x86
RESP READ DATA = 0x04
3


RESP WRITE PRE = 0x5A
RESP WRITE HDR = 0x09
RESP WRITE DATA = 0x06


RESP READ PRE = 0x5A
RESP READ HDR = 0x89
RESP READ DATA = 0x06
4


RESP WRITE PRE = 0x5A
RESP WRITE HDR = 0x0C
RESP WRITE DATA = 0x08


RESP READ PRE = 0x5A
RESP READ HDR = 0x8C
RESP READ DATA = 0x08
5


RESP WRITE PRE = 0x5A
RESP WRITE HDR = 0x0F
RESP WRITE DATA = 0x0A


RESP READ PRE = 0x5A
RESP READ HDR = 0x8F
RESP READ DATA = 0x0A
6


RESP WRITE PRE = 0x5A
RESP WRITE HDR = 0x12
RESP WRITE DATA = 0x0C


RESP READ PRE = 0x5A
RESP READ HDR = 0x92
RESP READ DATA = 0x0C
7


RESP WRITE PRE = 0x5A
RESP WRITE HDR = 0x15
RESP WRITE DATA = 0x0E


RESP READ PRE = 0x5A
RESP READ HDR = 0x95
RESP READ DATA = 0x0E
Stopped at time : 10966270 ns : File "C:/Users/Mateusz Kozlowski/Documents/zampf/ZAMFP/ZAMFP.srcs/system/new/system_tb.vhd" Line 263
relaunch_sim
WARNING: [filemgmt 56-199] Attempt to get parsing info during refresh. "On-the-fly" syntax checking information may be incorrect. [C:\Users\Mateusz Kozlowski\Documents\zampf\ZAMFP\ZAMFP.srcs\sources_1\new\uart.vhd:]
WARNING: [filemgmt 56-199] Attempt to get parsing info during refresh. "On-the-fly" syntax checking information may be incorrect. [C:\Users\Mateusz Kozlowski\Documents\zampf\ZAMFP\ZAMFP.srcs\system\new\system_tb.vhd:]
WARNING: [filemgmt 56-199] Attempt to get parsing info during refresh. "On-the-fly" syntax checking information may be incorrect. [C:\Users\Mateusz Kozlowski\Documents\zampf\ZAMFP\ZAMFP.srcs\sources_1\new\uart.vhd:]
WARNING: [filemgmt 56-199] Attempt to get parsing info during refresh. "On-the-fly" syntax checking information may be incorrect. [C:\Users\Mateusz Kozlowski\Documents\zampf\ZAMFP\ZAMFP.srcs\sources_1\new\uart.vhd:]
Command: launch_simulation -step compile -simset sim_1 -mode behavioral
INFO: [Vivado 12-12493] Simulation top is 'system_tb'
ERROR: [Common 17-180] Spawn failed: Operacja ukonczona pomyslnie.

INFO: [Vivado 12-5682] Launching behavioral simulation in 'C:/Users/Mateusz Kozlowski/Documents/zampf/ZAMFP/ZAMFP.sim/sim_1/behav/xsim'
INFO: [SIM-utils-51] Simulation object is 'sim_1'
INFO: [USF-XSim-2] XSim::Compile design
INFO: [USF-XSim-61] Executing 'COMPILE and ANALYZE' step in 'C:/Users/Mateusz Kozlowski/Documents/zampf/ZAMFP/ZAMFP.sim/sim_1/behav/xsim'
"xvhdl --incr --relax -prj system_tb_vhdl.prj"
INFO: [VRFC 10-163] Analyzing VHDL file "C:/Users/Mateusz Kozlowski/Documents/zampf/ZAMFP/ZAMFP.srcs/sources_1/new/uart.vhd" into library xil_defaultlib
INFO: [VRFC 10-3107] analyzing entity 'uart'
INFO: [VRFC 10-163] Analyzing VHDL file "C:/Users/Mateusz Kozlowski/Documents/zampf/ZAMFP/ZAMFP.srcs/sources_1/new/top.vhd" into library xil_defaultlib
INFO: [VRFC 10-3107] analyzing entity 'system_rtl'
INFO: [VRFC 10-163] Analyzing VHDL file "C:/Users/Mateusz Kozlowski/Documents/zampf/ZAMFP/ZAMFP.srcs/system/new/system_tb.vhd" into library xil_defaultlib
INFO: [VRFC 10-3107] analyzing entity 'system_tb'
INFO: [USF-XSim-69] 'compile' step finished in '1' seconds
ERROR: [Common 17-39] 'launch_simulation' failed due to earlier errors.
ERROR: [Common 17-69] Command failed: ERROR: [Common 17-39] 'launch_simulation' failed due to earlier errors.

relaunch_sim
Command: launch_simulation -step compile -simset sim_1 -mode behavioral
INFO: [Vivado 12-12493] Simulation top is 'system_tb'
INFO: [Vivado 12-5682] Launching behavioral simulation in 'C:/Users/Mateusz Kozlowski/Documents/zampf/ZAMFP/ZAMFP.sim/sim_1/behav/xsim'
INFO: [SIM-utils-51] Simulation object is 'sim_1'
INFO: [USF-XSim-2] XSim::Compile design
INFO: [USF-XSim-61] Executing 'COMPILE and ANALYZE' step in 'C:/Users/Mateusz Kozlowski/Documents/zampf/ZAMFP/ZAMFP.sim/sim_1/behav/xsim'
"xvhdl --incr --relax -prj system_tb_vhdl.prj"
INFO: [USF-XSim-69] 'compile' step finished in '1' seconds
Command: launch_simulation -step elaborate -simset sim_1 -mode behavioral
INFO: [Vivado 12-12493] Simulation top is 'system_tb'
INFO: [Vivado 12-5682] Launching behavioral simulation in 'C:/Users/Mateusz Kozlowski/Documents/zampf/ZAMFP/ZAMFP.sim/sim_1/behav/xsim'
INFO: [SIM-utils-51] Simulation object is 'sim_1'
INFO: [USF-XSim-3] XSim::Elaborate design
INFO: [USF-XSim-61] Executing 'ELABORATE' step in 'C:/Users/Mateusz Kozlowski/Documents/zampf/ZAMFP/ZAMFP.sim/sim_1/behav/xsim'
"xelab --incr --debug typical --relax --mt 2 -L xil_defaultlib -L secureip --snapshot system_tb_behav xil_defaultlib.system_tb -log elaborate.log"
Vivado Simulator v2025.1.0
Copyright 1986-2022 Xilinx, Inc. All Rights Reserved.
Copyright 2022-2025 Advanced Micro Devices, Inc. All Rights Reserved.
Running: C:/Xilinx/2025.1/Vivado/bin/unwrapped/win64.o/xelab.exe --incr --debug typical --relax --mt 2 -L xil_defaultlib -L secureip --snapshot system_tb_behav xil_defaultlib.system_tb -log elaborate.log 
Using 2 slave threads.
Starting static elaboration
Completed static elaboration
Starting simulation data flow analysis
Completed simulation data flow analysis
Time Resolution for simulation is 1ps
Compiling package std.standard
Compiling package std.textio
Compiling package ieee.std_logic_1164
Compiling package ieee.std_logic_textio
Compiling package ieee.numeric_std
Compiling architecture behavioral of entity xil_defaultlib.ram [ram_default]
Compiling architecture rtl of entity xil_defaultlib.uart [uart_default]
Compiling architecture behavioral of entity xil_defaultlib.uart_ram_ctrl [uart_ram_ctrl_default]
Compiling architecture rtl of entity xil_defaultlib.system_rtl [system_rtl_default]
Compiling architecture sim of entity xil_defaultlib.system_tb
Built simulation snapshot system_tb_behav
INFO: [USF-XSim-69] 'elaborate' step finished in '1' seconds
Time resolution is 1 ps
run all
run: Time (s): cpu = 00:00:06 ; elapsed = 00:00:06 . Memory (MB): peak = 3348.332 ; gain = 0.000
relaunch_sim
Command: launch_simulation -step compile -simset sim_1 -mode behavioral
INFO: [Vivado 12-12493] Simulation top is 'system_tb'
INFO: [Vivado 12-5682] Launching behavioral simulation in 'C:/Users/Mateusz Kozlowski/Documents/zampf/ZAMFP/ZAMFP.sim/sim_1/behav/xsim'
INFO: [SIM-utils-51] Simulation object is 'sim_1'
INFO: [USF-XSim-2] XSim::Compile design
INFO: [USF-XSim-61] Executing 'COMPILE and ANALYZE' step in 'C:/Users/Mateusz Kozlowski/Documents/zampf/ZAMFP/ZAMFP.sim/sim_1/behav/xsim'
"xvhdl --incr --relax -prj system_tb_vhdl.prj"
INFO: [VRFC 10-163] Analyzing VHDL file "C:/Users/Mateusz Kozlowski/Documents/zampf/ZAMFP/ZAMFP.srcs/sources_1/new/uart.vhd" into library xil_defaultlib
INFO: [VRFC 10-3107] analyzing entity 'uart'
INFO: [VRFC 10-163] Analyzing VHDL file "C:/Users/Mateusz Kozlowski/Documents/zampf/ZAMFP/ZAMFP.srcs/sources_1/new/top.vhd" into library xil_defaultlib
INFO: [VRFC 10-3107] analyzing entity 'system_rtl'
INFO: [VRFC 10-163] Analyzing VHDL file "C:/Users/Mateusz Kozlowski/Documents/zampf/ZAMFP/ZAMFP.srcs/system/new/system_tb.vhd" into library xil_defaultlib
INFO: [VRFC 10-3107] analyzing entity 'system_tb'
INFO: [USF-XSim-69] 'compile' step finished in '1' seconds
Command: launch_simulation -step elaborate -simset sim_1 -mode behavioral
INFO: [Vivado 12-12493] Simulation top is 'system_tb'
INFO: [Vivado 12-5682] Launching behavioral simulation in 'C:/Users/Mateusz Kozlowski/Documents/zampf/ZAMFP/ZAMFP.sim/sim_1/behav/xsim'
INFO: [SIM-utils-51] Simulation object is 'sim_1'
INFO: [USF-XSim-3] XSim::Elaborate design
INFO: [USF-XSim-61] Executing 'ELABORATE' step in 'C:/Users/Mateusz Kozlowski/Documents/zampf/ZAMFP/ZAMFP.sim/sim_1/behav/xsim'
"xelab --incr --debug typical --relax --mt 2 -L xil_defaultlib -L secureip --snapshot system_tb_behav xil_defaultlib.system_tb -log elaborate.log"
Vivado Simulator v2025.1.0
Copyright 1986-2022 Xilinx, Inc. All Rights Reserved.
Copyright 2022-2025 Advanced Micro Devices, Inc. All Rights Reserved.
Running: C:/Xilinx/2025.1/Vivado/bin/unwrapped/win64.o/xelab.exe --incr --debug typical --relax --mt 2 -L xil_defaultlib -L secureip --snapshot system_tb_behav xil_defaultlib.system_tb -log elaborate.log 
Using 2 slave threads.
Starting static elaboration
Completed static elaboration
Starting simulation data flow analysis
Completed simulation data flow analysis
Time Resolution for simulation is 1ps
Compiling package std.standard
Compiling package std.textio
Compiling package ieee.std_logic_1164
Compiling package ieee.std_logic_textio
Compiling package ieee.numeric_std
Compiling architecture behavioral of entity xil_defaultlib.ram [ram_default]
Compiling architecture rtl of entity xil_defaultlib.uart [uart_default]
Compiling architecture behavioral of entity xil_defaultlib.uart_ram_ctrl [uart_ram_ctrl_default]
Compiling architecture rtl of entity xil_defaultlib.system_rtl [system_rtl_default]
Compiling architecture sim of entity xil_defaultlib.system_tb
Built simulation snapshot system_tb_behav
INFO: [USF-XSim-69] 'elaborate' step finished in '1' seconds
Time resolution is 1 ps
relaunch_sim: Time (s): cpu = 00:00:01 ; elapsed = 00:00:06 . Memory (MB): peak = 3372.422 ; gain = 0.000
run all


RESP WRITE PRE = 0x5A
RESP WRITE HDR = 0x61

RESP WRITE DATA = 0xA1


RESP READ PRE = 0x5A
RESP READ HDR = 0xE1
RESP READ DATA = 0xA1
0


RESP WRITE PRE = 0x5A
RESP WRITE HDR = 0x00
RESP WRITE DATA = 0x00


RESP READ PRE = 0x5A
RESP READ HDR = 0x80
RESP READ DATA = 0x00
1


RESP WRITE PRE = 0x5A
RESP WRITE HDR = 0x03
RESP WRITE DATA = 0x02


RESP READ PRE = 0x5A
RESP READ HDR = 0x83
RESP READ DATA = 0x02
2


RESP WRITE PRE = 0x5A
RESP WRITE HDR = 0x06
RESP WRITE DATA = 0x04


RESP READ PRE = 0x5A
RESP READ HDR = 0x86
RESP READ DATA = 0x04
3


RESP WRITE PRE = 0x5A
RESP WRITE HDR = 0x09
RESP WRITE DATA = 0x06


RESP READ PRE = 0x5A
RESP READ HDR = 0x89
RESP READ DATA = 0x06
4


RESP WRITE PRE = 0x5A
RESP WRITE HDR = 0x0C
RESP WRITE DATA = 0x08


RESP READ PRE = 0x5A
RESP READ HDR = 0x8C
RESP READ DATA = 0x08
5


RESP WRITE PRE = 0x5A
RESP WRITE HDR = 0x0F
RESP WRITE DATA = 0x0A


RESP READ PRE = 0x5A
RESP READ HDR = 0x8F
RESP READ DATA = 0x0A
6


RESP WRITE PRE = 0x5A
RESP WRITE HDR = 0x12
RESP WRITE DATA = 0x0C


RESP READ PRE = 0x5A
RESP READ HDR = 0x92
RESP READ DATA = 0x0C
7


RESP WRITE PRE = 0x5A
RESP WRITE HDR = 0x15
RESP WRITE DATA = 0x0E


RESP READ PRE = 0x5A
RESP READ HDR = 0x95
RESP READ DATA = 0x0E
Stopped at time : 10966270 ns : File "C:/Users/Mateusz Kozlowski/Documents/zampf/ZAMFP/ZAMFP.srcs/system/new/system_tb.vhd" Line 263
relaunch_sim
Command: launch_simulation -step compile -simset sim_1 -mode behavioral
INFO: [Vivado 12-12493] Simulation top is 'system_tb'
INFO: [Vivado 12-5682] Launching behavioral simulation in 'C:/Users/Mateusz Kozlowski/Documents/zampf/ZAMFP/ZAMFP.sim/sim_1/behav/xsim'
INFO: [SIM-utils-51] Simulation object is 'sim_1'
INFO: [USF-XSim-2] XSim::Compile design
INFO: [USF-XSim-61] Executing 'COMPILE and ANALYZE' step in 'C:/Users/Mateusz Kozlowski/Documents/zampf/ZAMFP/ZAMFP.sim/sim_1/behav/xsim'
"xvhdl --incr --relax -prj system_tb_vhdl.prj"
INFO: [VRFC 10-163] Analyzing VHDL file "C:/Users/Mateusz Kozlowski/Documents/zampf/ZAMFP/ZAMFP.srcs/sources_1/new/uart.vhd" into library xil_defaultlib
INFO: [VRFC 10-3107] analyzing entity 'uart'
INFO: [VRFC 10-163] Analyzing VHDL file "C:/Users/Mateusz Kozlowski/Documents/zampf/ZAMFP/ZAMFP.srcs/sources_1/new/top.vhd" into library xil_defaultlib
INFO: [VRFC 10-3107] analyzing entity 'system_rtl'
INFO: [VRFC 10-163] Analyzing VHDL file "C:/Users/Mateusz Kozlowski/Documents/zampf/ZAMFP/ZAMFP.srcs/system/new/system_tb.vhd" into library xil_defaultlib
INFO: [VRFC 10-3107] analyzing entity 'system_tb'
INFO: [USF-XSim-69] 'compile' step finished in '1' seconds
Command: launch_simulation -step elaborate -simset sim_1 -mode behavioral
INFO: [Vivado 12-12493] Simulation top is 'system_tb'
INFO: [Vivado 12-5682] Launching behavioral simulation in 'C:/Users/Mateusz Kozlowski/Documents/zampf/ZAMFP/ZAMFP.sim/sim_1/behav/xsim'
INFO: [SIM-utils-51] Simulation object is 'sim_1'
INFO: [USF-XSim-3] XSim::Elaborate design
INFO: [USF-XSim-61] Executing 'ELABORATE' step in 'C:/Users/Mateusz Kozlowski/Documents/zampf/ZAMFP/ZAMFP.sim/sim_1/behav/xsim'
"xelab --incr --debug typical --relax --mt 2 -L xil_defaultlib -L secureip --snapshot system_tb_behav xil_defaultlib.system_tb -log elaborate.log"
Vivado Simulator v2025.1.0
Copyright 1986-2022 Xilinx, Inc. All Rights Reserved.
Copyright 2022-2025 Advanced Micro Devices, Inc. All Rights Reserved.
Running: C:/Xilinx/2025.1/Vivado/bin/unwrapped/win64.o/xelab.exe --incr --debug typical --relax --mt 2 -L xil_defaultlib -L secureip --snapshot system_tb_behav xil_defaultlib.system_tb -log elaborate.log 
Using 2 slave threads.
Starting static elaboration
Completed static elaboration
Starting simulation data flow analysis
Completed simulation data flow analysis
Time Resolution for simulation is 1ps
Compiling package std.standard
Compiling package std.textio
Compiling package ieee.std_logic_1164
Compiling package ieee.std_logic_textio
Compiling package ieee.numeric_std
Compiling architecture behavioral of entity xil_defaultlib.ram [ram_default]
Compiling architecture rtl of entity xil_defaultlib.uart [uart_default]
Compiling architecture behavioral of entity xil_defaultlib.uart_ram_ctrl [uart_ram_ctrl_default]
Compiling architecture rtl of entity xil_defaultlib.system_rtl [system_rtl_default]
Compiling architecture sim of entity xil_defaultlib.system_tb
Built simulation snapshot system_tb_behav
INFO: [USF-XSim-69] 'elaborate' step finished in '1' seconds
Time resolution is 1 ps
relaunch_sim: Time (s): cpu = 00:00:02 ; elapsed = 00:00:06 . Memory (MB): peak = 3418.723 ; gain = 0.000
run all


RESP WRITE PRE = 0x3C
RESP WRITE HDR = 0xF8

WARNING: [filemgmt 56-199] Attempt to get parsing info during refresh. "On-the-fly" syntax checking information may be incorrect. [C:\Users\Mateusz Kozlowski\Documents\zampf\ZAMFP\ZAMFP.srcs\sources_1\new\uart.vhd:]
WARNING: [filemgmt 56-199] Attempt to get parsing info during refresh. "On-the-fly" syntax checking information may be incorrect. [C:\Users\Mateusz Kozlowski\Documents\zampf\ZAMFP\ZAMFP.srcs\system\new\system_tb.vhd:]
WARNING: [filemgmt 56-199] Attempt to get parsing info during refresh. "On-the-fly" syntax checking information may be incorrect. [C:\Users\Mateusz Kozlowski\Documents\zampf\ZAMFP\ZAMFP.srcs\sources_1\new\uart.vhd:]
WARNING: [filemgmt 56-199] Attempt to get parsing info during refresh. "On-the-fly" syntax checking information may be incorrect. [C:\Users\Mateusz Kozlowski\Documents\zampf\ZAMFP\ZAMFP.srcs\sources_1\new\uart.vhd:]
ERROR: [Common 17-180] Spawn failed: Operacja ukonczona pomyslnie.

relaunch_sim
Command: launch_simulation -step compile -simset sim_1 -mode behavioral
INFO: [Vivado 12-12493] Simulation top is 'system_tb'
INFO: [Vivado 12-5682] Launching behavioral simulation in 'C:/Users/Mateusz Kozlowski/Documents/zampf/ZAMFP/ZAMFP.sim/sim_1/behav/xsim'
INFO: [SIM-utils-51] Simulation object is 'sim_1'
INFO: [USF-XSim-2] XSim::Compile design
INFO: [USF-XSim-61] Executing 'COMPILE and ANALYZE' step in 'C:/Users/Mateusz Kozlowski/Documents/zampf/ZAMFP/ZAMFP.sim/sim_1/behav/xsim'
"xvhdl --incr --relax -prj system_tb_vhdl.prj"
INFO: [VRFC 10-163] Analyzing VHDL file "C:/Users/Mateusz Kozlowski/Documents/zampf/ZAMFP/ZAMFP.srcs/system/new/system_tb.vhd" into library xil_defaultlib
INFO: [VRFC 10-3107] analyzing entity 'system_tb'
ERROR: [VRFC 10-2989] 'rx' is not declared [C:/Users/Mateusz Kozlowski/Documents/zampf/ZAMFP/ZAMFP.srcs/system/new/system_tb.vhd:153]
ERROR: [VRFC 10-4982] syntax error near 'wait' [C:/Users/Mateusz Kozlowski/Documents/zampf/ZAMFP/ZAMFP.srcs/system/new/system_tb.vhd:154]
ERROR: [VRFC 10-9458] unit 'sim' is ignored due to previous errors [C:/Users/Mateusz Kozlowski/Documents/zampf/ZAMFP/ZAMFP.srcs/system/new/system_tb.vhd:41]
INFO: [VRFC 10-8704] VHDL file 'C:/Users/Mateusz Kozlowski/Documents/zampf/ZAMFP/ZAMFP.srcs/system/new/system_tb.vhd' is ignored due to errors
INFO: [USF-XSim-69] 'compile' step finished in '1' seconds
INFO: [USF-XSim-99] Step results log file:'C:/Users/Mateusz Kozlowski/Documents/zampf/ZAMFP/ZAMFP.sim/sim_1/behav/xsim/xvhdl.log'
ERROR: [USF-XSim-62] 'compile' step failed with error(s). Please check the Tcl console output or 'C:/Users/Mateusz Kozlowski/Documents/zampf/ZAMFP/ZAMFP.sim/sim_1/behav/xsim/xvhdl.log' file for more information.
ERROR: [Vivado 12-4473] Detected error while running simulation. Please correct the issue and retry this operation.
ERROR: [Common 17-39] 'launch_simulation' failed due to earlier errors.
ERROR: [Common 17-69] Command failed: ERROR: [Common 17-39] 'launch_simulation' failed due to earlier errors.

relaunch_sim
Command: launch_simulation -step compile -simset sim_1 -mode behavioral
INFO: [Vivado 12-12493] Simulation top is 'system_tb'
INFO: [Vivado 12-5682] Launching behavioral simulation in 'C:/Users/Mateusz Kozlowski/Documents/zampf/ZAMFP/ZAMFP.sim/sim_1/behav/xsim'
INFO: [SIM-utils-51] Simulation object is 'sim_1'
INFO: [USF-XSim-2] XSim::Compile design
INFO: [USF-XSim-61] Executing 'COMPILE and ANALYZE' step in 'C:/Users/Mateusz Kozlowski/Documents/zampf/ZAMFP/ZAMFP.sim/sim_1/behav/xsim'
"xvhdl --incr --relax -prj system_tb_vhdl.prj"
INFO: [VRFC 10-163] Analyzing VHDL file "C:/Users/Mateusz Kozlowski/Documents/zampf/ZAMFP/ZAMFP.srcs/system/new/system_tb.vhd" into library xil_defaultlib
INFO: [VRFC 10-3107] analyzing entity 'system_tb'
ERROR: [VRFC 10-2989] 'rx' is not declared [C:/Users/Mateusz Kozlowski/Documents/zampf/ZAMFP/ZAMFP.srcs/system/new/system_tb.vhd:153]
ERROR: [VRFC 10-4982] syntax error near 'wait' [C:/Users/Mateusz Kozlowski/Documents/zampf/ZAMFP/ZAMFP.srcs/system/new/system_tb.vhd:154]
ERROR: [VRFC 10-9458] unit 'sim' is ignored due to previous errors [C:/Users/Mateusz Kozlowski/Documents/zampf/ZAMFP/ZAMFP.srcs/system/new/system_tb.vhd:41]
INFO: [VRFC 10-8704] VHDL file 'C:/Users/Mateusz Kozlowski/Documents/zampf/ZAMFP/ZAMFP.srcs/system/new/system_tb.vhd' is ignored due to errors
INFO: [USF-XSim-69] 'compile' step finished in '1' seconds
INFO: [USF-XSim-99] Step results log file:'C:/Users/Mateusz Kozlowski/Documents/zampf/ZAMFP/ZAMFP.sim/sim_1/behav/xsim/xvhdl.log'
ERROR: [USF-XSim-62] 'compile' step failed with error(s). Please check the Tcl console output or 'C:/Users/Mateusz Kozlowski/Documents/zampf/ZAMFP/ZAMFP.sim/sim_1/behav/xsim/xvhdl.log' file for more information.
ERROR: [Vivado 12-4473] Detected error while running simulation. Please correct the issue and retry this operation.
ERROR: [Common 17-39] 'launch_simulation' failed due to earlier errors.
ERROR: [Common 17-69] Command failed: ERROR: [Common 17-39] 'launch_simulation' failed due to earlier errors.

relaunch_sim
Command: launch_simulation -step compile -simset sim_1 -mode behavioral
INFO: [Vivado 12-12493] Simulation top is 'system_tb'
INFO: [Vivado 12-5682] Launching behavioral simulation in 'C:/Users/Mateusz Kozlowski/Documents/zampf/ZAMFP/ZAMFP.sim/sim_1/behav/xsim'
INFO: [SIM-utils-51] Simulation object is 'sim_1'
INFO: [USF-XSim-2] XSim::Compile design
INFO: [USF-XSim-61] Executing 'COMPILE and ANALYZE' step in 'C:/Users/Mateusz Kozlowski/Documents/zampf/ZAMFP/ZAMFP.sim/sim_1/behav/xsim'
"xvhdl --incr --relax -prj system_tb_vhdl.prj"
INFO: [VRFC 10-163] Analyzing VHDL file "C:/Users/Mateusz Kozlowski/Documents/zampf/ZAMFP/ZAMFP.srcs/system/new/system_tb.vhd" into library xil_defaultlib
INFO: [VRFC 10-3107] analyzing entity 'system_tb'
INFO: [USF-XSim-69] 'compile' step finished in '1' seconds
Command: launch_simulation -step elaborate -simset sim_1 -mode behavioral
INFO: [Vivado 12-12493] Simulation top is 'system_tb'
INFO: [Vivado 12-5682] Launching behavioral simulation in 'C:/Users/Mateusz Kozlowski/Documents/zampf/ZAMFP/ZAMFP.sim/sim_1/behav/xsim'
INFO: [SIM-utils-51] Simulation object is 'sim_1'
INFO: [USF-XSim-3] XSim::Elaborate design
INFO: [USF-XSim-61] Executing 'ELABORATE' step in 'C:/Users/Mateusz Kozlowski/Documents/zampf/ZAMFP/ZAMFP.sim/sim_1/behav/xsim'
"xelab --incr --debug typical --relax --mt 2 -L xil_defaultlib -L secureip --snapshot system_tb_behav xil_defaultlib.system_tb -log elaborate.log"
Vivado Simulator v2025.1.0
Copyright 1986-2022 Xilinx, Inc. All Rights Reserved.
Copyright 2022-2025 Advanced Micro Devices, Inc. All Rights Reserved.
Running: C:/Xilinx/2025.1/Vivado/bin/unwrapped/win64.o/xelab.exe --incr --debug typical --relax --mt 2 -L xil_defaultlib -L secureip --snapshot system_tb_behav xil_defaultlib.system_tb -log elaborate.log 
Using 2 slave threads.
Starting static elaboration
Completed static elaboration
Starting simulation data flow analysis
Completed simulation data flow analysis
Time Resolution for simulation is 1ps
Compiling package std.standard
Compiling package std.textio
Compiling package ieee.std_logic_1164
Compiling package ieee.std_logic_textio
Compiling package ieee.numeric_std
Compiling architecture behavioral of entity xil_defaultlib.ram [ram_default]
Compiling architecture rtl of entity xil_defaultlib.uart [uart_default]
Compiling architecture behavioral of entity xil_defaultlib.uart_ram_ctrl [uart_ram_ctrl_default]
Compiling architecture rtl of entity xil_defaultlib.system_rtl [system_rtl_default]
Compiling architecture sim of entity xil_defaultlib.system_tb
Built simulation snapshot system_tb_behav
INFO: [USF-XSim-69] 'elaborate' step finished in '1' seconds
Time resolution is 1 ps
WARNING: [Simulator 45-24] Previous breakpoint at line 263 in file 'C:/Users/Mateusz Kozlowski/Documents/zampf/ZAMFP/ZAMFP.srcs/system/new/system_tb.vhd' not restored because it is no longer a breakable line.
relaunch_sim: Time (s): cpu = 00:00:01 ; elapsed = 00:00:05 . Memory (MB): peak = 3418.723 ; gain = 0.000
run all




run: Time (s): cpu = 00:00:06 ; elapsed = 00:00:05 . Memory (MB): peak = 3418.723 ; gain = 0.000
relaunch_sim
WARNING: [filemgmt 56-199] Attempt to get parsing info during refresh. "On-the-fly" syntax checking information may be incorrect. [C:\Users\Mateusz Kozlowski\Documents\zampf\ZAMFP\ZAMFP.srcs\sources_1\new\uart.vhd:]
WARNING: [filemgmt 56-199] Attempt to get parsing info during refresh. "On-the-fly" syntax checking information may be incorrect. [C:\Users\Mateusz Kozlowski\Documents\zampf\ZAMFP\ZAMFP.srcs\system\new\system_tb.vhd:]
WARNING: [filemgmt 56-199] Attempt to get parsing info during refresh. "On-the-fly" syntax checking information may be incorrect. [C:\Users\Mateusz Kozlowski\Documents\zampf\ZAMFP\ZAMFP.srcs\system\new\system_tb.vhd:]
WARNING: [filemgmt 56-199] Attempt to get parsing info during refresh. "On-the-fly" syntax checking information may be incorrect. [C:\Users\Mateusz Kozlowski\Documents\zampf\ZAMFP\ZAMFP.srcs\system\new\system_tb.vhd:]
Command: launch_simulation -step compile -simset sim_1 -mode behavioral
INFO: [Vivado 12-12493] Simulation top is 'system_tb'
INFO: [Vivado 12-5682] Launching behavioral simulation in 'C:/Users/Mateusz Kozlowski/Documents/zampf/ZAMFP/ZAMFP.sim/sim_1/behav/xsim'
INFO: [SIM-utils-51] Simulation object is 'sim_1'
INFO: [USF-XSim-2] XSim::Compile design
INFO: [USF-XSim-61] Executing 'COMPILE and ANALYZE' step in 'C:/Users/Mateusz Kozlowski/Documents/zampf/ZAMFP/ZAMFP.sim/sim_1/behav/xsim'
"xvhdl --incr --relax -prj system_tb_vhdl.prj"
INFO: [VRFC 10-163] Analyzing VHDL file "C:/Users/Mateusz Kozlowski/Documents/zampf/ZAMFP/ZAMFP.srcs/system/new/system_tb.vhd" into library xil_defaultlib
INFO: [VRFC 10-3107] analyzing entity 'system_tb'
INFO: [USF-XSim-69] 'compile' step finished in '1' seconds
Command: launch_simulation -step elaborate -simset sim_1 -mode behavioral
INFO: [Vivado 12-12493] Simulation top is 'system_tb'
INFO: [Vivado 12-5682] Launching behavioral simulation in 'C:/Users/Mateusz Kozlowski/Documents/zampf/ZAMFP/ZAMFP.sim/sim_1/behav/xsim'
INFO: [SIM-utils-51] Simulation object is 'sim_1'
INFO: [USF-XSim-3] XSim::Elaborate design
INFO: [USF-XSim-61] Executing 'ELABORATE' step in 'C:/Users/Mateusz Kozlowski/Documents/zampf/ZAMFP/ZAMFP.sim/sim_1/behav/xsim'
"xelab --incr --debug typical --relax --mt 2 -L xil_defaultlib -L secureip --snapshot system_tb_behav xil_defaultlib.system_tb -log elaborate.log"
Vivado Simulator v2025.1.0
Copyright 1986-2022 Xilinx, Inc. All Rights Reserved.
Copyright 2022-2025 Advanced Micro Devices, Inc. All Rights Reserved.
Running: C:/Xilinx/2025.1/Vivado/bin/unwrapped/win64.o/xelab.exe --incr --debug typical --relax --mt 2 -L xil_defaultlib -L secureip --snapshot system_tb_behav xil_defaultlib.system_tb -log elaborate.log 
Using 2 slave threads.
Starting static elaboration
Completed static elaboration
Starting simulation data flow analysis
Completed simulation data flow analysis
Time Resolution for simulation is 1ps
Compiling package std.standard
Compiling package std.textio
Compiling package ieee.std_logic_1164
Compiling package ieee.std_logic_textio
Compiling package ieee.numeric_std
Compiling architecture behavioral of entity xil_defaultlib.ram [ram_default]
Compiling architecture rtl of entity xil_defaultlib.uart [uart_default]
Compiling architecture behavioral of entity xil_defaultlib.uart_ram_ctrl [uart_ram_ctrl_default]
Compiling architecture rtl of entity xil_defaultlib.system_rtl [system_rtl_default]
Compiling architecture sim of entity xil_defaultlib.system_tb
Built simulation snapshot system_tb_behav
INFO: [USF-XSim-69] 'elaborate' step finished in '1' seconds
Time resolution is 1 ps
relaunch_sim: Time (s): cpu = 00:00:02 ; elapsed = 00:00:06 . Memory (MB): peak = 3418.723 ; gain = 0.000
restart
INFO: [Wavedata 42-604] Simulation restarted
run all



RESP WRITE PRE = 0x3C
RESP WRITE HDR = 0xF8

current_wave_config {system_tb_behav.wcfg}
system_tb_behav.wcfg
add_wave {{/system_tb/dut/uart_i/rx_tick_cnt}} 
current_wave_config {system_tb_behav.wcfg}
system_tb_behav.wcfg
add_wave {{/system_tb/dut/uart_i/tx_tick_cnt}} 
relaunch_sim
Command: launch_simulation -step compile -simset sim_1 -mode behavioral
INFO: [Vivado 12-12493] Simulation top is 'system_tb'
INFO: [Vivado 12-5682] Launching behavioral simulation in 'C:/Users/Mateusz Kozlowski/Documents/zampf/ZAMFP/ZAMFP.sim/sim_1/behav/xsim'
INFO: [SIM-utils-51] Simulation object is 'sim_1'
INFO: [USF-XSim-2] XSim::Compile design
INFO: [USF-XSim-61] Executing 'COMPILE and ANALYZE' step in 'C:/Users/Mateusz Kozlowski/Documents/zampf/ZAMFP/ZAMFP.sim/sim_1/behav/xsim'
"xvhdl --incr --relax -prj system_tb_vhdl.prj"
INFO: [USF-XSim-69] 'compile' step finished in '1' seconds
Command: launch_simulation -step elaborate -simset sim_1 -mode behavioral
INFO: [Vivado 12-12493] Simulation top is 'system_tb'
INFO: [Vivado 12-5682] Launching behavioral simulation in 'C:/Users/Mateusz Kozlowski/Documents/zampf/ZAMFP/ZAMFP.sim/sim_1/behav/xsim'
INFO: [SIM-utils-51] Simulation object is 'sim_1'
INFO: [USF-XSim-3] XSim::Elaborate design
INFO: [USF-XSim-61] Executing 'ELABORATE' step in 'C:/Users/Mateusz Kozlowski/Documents/zampf/ZAMFP/ZAMFP.sim/sim_1/behav/xsim'
"xelab --incr --debug typical --relax --mt 2 -L xil_defaultlib -L secureip --snapshot system_tb_behav xil_defaultlib.system_tb -log elaborate.log"
Vivado Simulator v2025.1.0
Copyright 1986-2022 Xilinx, Inc. All Rights Reserved.
Copyright 2022-2025 Advanced Micro Devices, Inc. All Rights Reserved.
Running: C:/Xilinx/2025.1/Vivado/bin/unwrapped/win64.o/xelab.exe --incr --debug typical --relax --mt 2 -L xil_defaultlib -L secureip --snapshot system_tb_behav xil_defaultlib.system_tb -log elaborate.log 
Using 2 slave threads.
Starting static elaboration
Completed static elaboration
INFO: [XSIM 43-4323] No Change in HDL. Linking previously generated obj files to create kernel
INFO: [USF-XSim-69] 'elaborate' step finished in '1' seconds
Time resolution is 1 ps
run all



RESP WRITE PRE = 0x3C
RESP WRITE HDR = 0xF8

current_wave_config {system_tb_behav.wcfg}
system_tb_behav.wcfg
add_wave {{/system_tb/dut/uart_i/tx_tick_cnt}} 
current_wave_config {system_tb_behav.wcfg}
system_tb_behav.wcfg
add_wave {{/system_tb/dut/uart_i/tx_tick_cnt}} 
current_wave_config {system_tb_behav.wcfg}
system_tb_behav.wcfg
add_wave {{/system_tb/dut/uart_i/tx_tick_cnt}} 
current_wave_config {system_tb_behav.wcfg}
system_tb_behav.wcfg
add_wave {{/system_tb/dut/uart_i/rx_tick_cnt}} 
relaunch_sim
Command: launch_simulation -step compile -simset sim_1 -mode behavioral
INFO: [Vivado 12-12493] Simulation top is 'system_tb'
INFO: [Vivado 12-5682] Launching behavioral simulation in 'C:/Users/Mateusz Kozlowski/Documents/zampf/ZAMFP/ZAMFP.sim/sim_1/behav/xsim'
INFO: [SIM-utils-51] Simulation object is 'sim_1'
INFO: [USF-XSim-2] XSim::Compile design
INFO: [USF-XSim-61] Executing 'COMPILE and ANALYZE' step in 'C:/Users/Mateusz Kozlowski/Documents/zampf/ZAMFP/ZAMFP.sim/sim_1/behav/xsim'
"xvhdl --incr --relax -prj system_tb_vhdl.prj"
INFO: [USF-XSim-69] 'compile' step finished in '1' seconds
Command: launch_simulation -step elaborate -simset sim_1 -mode behavioral
INFO: [Vivado 12-12493] Simulation top is 'system_tb'
INFO: [Vivado 12-5682] Launching behavioral simulation in 'C:/Users/Mateusz Kozlowski/Documents/zampf/ZAMFP/ZAMFP.sim/sim_1/behav/xsim'
INFO: [SIM-utils-51] Simulation object is 'sim_1'
INFO: [USF-XSim-3] XSim::Elaborate design
INFO: [USF-XSim-61] Executing 'ELABORATE' step in 'C:/Users/Mateusz Kozlowski/Documents/zampf/ZAMFP/ZAMFP.sim/sim_1/behav/xsim'
"xelab --incr --debug typical --relax --mt 2 -L xil_defaultlib -L secureip --snapshot system_tb_behav xil_defaultlib.system_tb -log elaborate.log"
Vivado Simulator v2025.1.0
Copyright 1986-2022 Xilinx, Inc. All Rights Reserved.
Copyright 2022-2025 Advanced Micro Devices, Inc. All Rights Reserved.
Running: C:/Xilinx/2025.1/Vivado/bin/unwrapped/win64.o/xelab.exe --incr --debug typical --relax --mt 2 -L xil_defaultlib -L secureip --snapshot system_tb_behav xil_defaultlib.system_tb -log elaborate.log 
Using 2 slave threads.
Starting static elaboration
Completed static elaboration
INFO: [XSIM 43-4323] No Change in HDL. Linking previously generated obj files to create kernel
INFO: [USF-XSim-69] 'elaborate' step finished in '1' seconds
Time resolution is 1 ps
run all



RESP WRITE PRE = 0x3C
RESP WRITE HDR = 0xF8

add_bp {C:/Users/Mateusz Kozlowski/Documents/zampf/ZAMFP/ZAMFP.srcs/sources_1/new/uart.vhd} 223
add_bp {C:/Users/Mateusz Kozlowski/Documents/zampf/ZAMFP/ZAMFP.srcs/sources_1/new/uart.vhd} 221
relaunch_sim
Command: launch_simulation -step compile -simset sim_1 -mode behavioral
INFO: [Vivado 12-12493] Simulation top is 'system_tb'
INFO: [Vivado 12-5682] Launching behavioral simulation in 'C:/Users/Mateusz Kozlowski/Documents/zampf/ZAMFP/ZAMFP.sim/sim_1/behav/xsim'
INFO: [SIM-utils-51] Simulation object is 'sim_1'
INFO: [USF-XSim-2] XSim::Compile design
INFO: [USF-XSim-61] Executing 'COMPILE and ANALYZE' step in 'C:/Users/Mateusz Kozlowski/Documents/zampf/ZAMFP/ZAMFP.sim/sim_1/behav/xsim'
"xvhdl --incr --relax -prj system_tb_vhdl.prj"
INFO: [USF-XSim-69] 'compile' step finished in '1' seconds
Command: launch_simulation -step elaborate -simset sim_1 -mode behavioral
INFO: [Vivado 12-12493] Simulation top is 'system_tb'
INFO: [Vivado 12-5682] Launching behavioral simulation in 'C:/Users/Mateusz Kozlowski/Documents/zampf/ZAMFP/ZAMFP.sim/sim_1/behav/xsim'
INFO: [SIM-utils-51] Simulation object is 'sim_1'
INFO: [USF-XSim-3] XSim::Elaborate design
INFO: [USF-XSim-61] Executing 'ELABORATE' step in 'C:/Users/Mateusz Kozlowski/Documents/zampf/ZAMFP/ZAMFP.sim/sim_1/behav/xsim'
"xelab --incr --debug typical --relax --mt 2 -L xil_defaultlib -L secureip --snapshot system_tb_behav xil_defaultlib.system_tb -log elaborate.log"
Vivado Simulator v2025.1.0
Copyright 1986-2022 Xilinx, Inc. All Rights Reserved.
Copyright 2022-2025 Advanced Micro Devices, Inc. All Rights Reserved.
Running: C:/Xilinx/2025.1/Vivado/bin/unwrapped/win64.o/xelab.exe --incr --debug typical --relax --mt 2 -L xil_defaultlib -L secureip --snapshot system_tb_behav xil_defaultlib.system_tb -log elaborate.log 
Using 2 slave threads.
Starting static elaboration
Completed static elaboration
INFO: [XSIM 43-4323] No Change in HDL. Linking previously generated obj files to create kernel
INFO: [USF-XSim-69] 'elaborate' step finished in '1' seconds
Time resolution is 1 ps
run all
Stopped at time : 82490 ns : File "C:/Users/Mateusz Kozlowski/Documents/zampf/ZAMFP/ZAMFP.srcs/sources_1/new/uart.vhd" Line 221
run all
Stopped at time : 82490 ns : File "C:/Users/Mateusz Kozlowski/Documents/zampf/ZAMFP/ZAMFP.srcs/sources_1/new/uart.vhd" Line 223
WARNING: [filemgmt 56-199] Attempt to get parsing info during refresh. "On-the-fly" syntax checking information may be incorrect. [C:\Users\Mateusz Kozlowski\Documents\zampf\ZAMFP\ZAMFP.srcs\sources_1\new\uart.vhd:]
WARNING: [filemgmt 56-199] Attempt to get parsing info during refresh. "On-the-fly" syntax checking information may be incorrect. [C:\Users\Mateusz Kozlowski\Documents\zampf\ZAMFP\ZAMFP.srcs\system\new\system_tb.vhd:]
WARNING: [filemgmt 56-199] Attempt to get parsing info during refresh. "On-the-fly" syntax checking information may be incorrect. [C:\Users\Mateusz Kozlowski\Documents\zampf\ZAMFP\ZAMFP.srcs\system\new\system_tb.vhd:]
WARNING: [filemgmt 56-199] Attempt to get parsing info during refresh. "On-the-fly" syntax checking information may be incorrect. [C:\Users\Mateusz Kozlowski\Documents\zampf\ZAMFP\ZAMFP.srcs\system\new\system_tb.vhd:]
relaunch_sim
Command: launch_simulation -step compile -simset sim_1 -mode behavioral
INFO: [Vivado 12-12493] Simulation top is 'system_tb'
INFO: [Vivado 12-5682] Launching behavioral simulation in 'C:/Users/Mateusz Kozlowski/Documents/zampf/ZAMFP/ZAMFP.sim/sim_1/behav/xsim'
INFO: [SIM-utils-51] Simulation object is 'sim_1'
INFO: [USF-XSim-2] XSim::Compile design
INFO: [USF-XSim-61] Executing 'COMPILE and ANALYZE' step in 'C:/Users/Mateusz Kozlowski/Documents/zampf/ZAMFP/ZAMFP.sim/sim_1/behav/xsim'
"xvhdl --incr --relax -prj system_tb_vhdl.prj"
INFO: [VRFC 10-163] Analyzing VHDL file "C:/Users/Mateusz Kozlowski/Documents/zampf/ZAMFP/ZAMFP.srcs/sources_1/new/uart.vhd" into library xil_defaultlib
INFO: [VRFC 10-3107] analyzing entity 'uart'
INFO: [VRFC 10-163] Analyzing VHDL file "C:/Users/Mateusz Kozlowski/Documents/zampf/ZAMFP/ZAMFP.srcs/sources_1/new/top.vhd" into library xil_defaultlib
INFO: [VRFC 10-3107] analyzing entity 'system_rtl'
INFO: [VRFC 10-163] Analyzing VHDL file "C:/Users/Mateusz Kozlowski/Documents/zampf/ZAMFP/ZAMFP.srcs/system/new/system_tb.vhd" into library xil_defaultlib
INFO: [VRFC 10-3107] analyzing entity 'system_tb'
INFO: [USF-XSim-69] 'compile' step finished in '1' seconds
Command: launch_simulation -step elaborate -simset sim_1 -mode behavioral
INFO: [Vivado 12-12493] Simulation top is 'system_tb'
INFO: [Vivado 12-5682] Launching behavioral simulation in 'C:/Users/Mateusz Kozlowski/Documents/zampf/ZAMFP/ZAMFP.sim/sim_1/behav/xsim'
INFO: [SIM-utils-51] Simulation object is 'sim_1'
INFO: [USF-XSim-3] XSim::Elaborate design
INFO: [USF-XSim-61] Executing 'ELABORATE' step in 'C:/Users/Mateusz Kozlowski/Documents/zampf/ZAMFP/ZAMFP.sim/sim_1/behav/xsim'
"xelab --incr --debug typical --relax --mt 2 -L xil_defaultlib -L secureip --snapshot system_tb_behav xil_defaultlib.system_tb -log elaborate.log"
Vivado Simulator v2025.1.0
Copyright 1986-2022 Xilinx, Inc. All Rights Reserved.
Copyright 2022-2025 Advanced Micro Devices, Inc. All Rights Reserved.
Running: C:/Xilinx/2025.1/Vivado/bin/unwrapped/win64.o/xelab.exe --incr --debug typical --relax --mt 2 -L xil_defaultlib -L secureip --snapshot system_tb_behav xil_defaultlib.system_tb -log elaborate.log 
Using 2 slave threads.
Starting static elaboration
Completed static elaboration
Starting simulation data flow analysis
Completed simulation data flow analysis
Time Resolution for simulation is 1ps
Compiling package std.standard
Compiling package std.textio
Compiling package ieee.std_logic_1164
Compiling package ieee.std_logic_textio
Compiling package ieee.numeric_std
Compiling architecture behavioral of entity xil_defaultlib.ram [ram_default]
Compiling architecture rtl of entity xil_defaultlib.uart [uart_default]
Compiling architecture behavioral of entity xil_defaultlib.uart_ram_ctrl [uart_ram_ctrl_default]
Compiling architecture rtl of entity xil_defaultlib.system_rtl [system_rtl_default]
Compiling architecture sim of entity xil_defaultlib.system_tb
Built simulation snapshot system_tb_behav
INFO: [USF-XSim-69] 'elaborate' step finished in '1' seconds
Time resolution is 1 ps
run all
Stopped at time : 82490 ns : File "C:/Users/Mateusz Kozlowski/Documents/zampf/ZAMFP/ZAMFP.srcs/sources_1/new/uart.vhd" Line 221
run all
Stopped at time : 82490 ns : File "C:/Users/Mateusz Kozlowski/Documents/zampf/ZAMFP/ZAMFP.srcs/sources_1/new/uart.vhd" Line 223
run all
Stopped at time : 221370 ns : File "C:/Users/Mateusz Kozlowski/Documents/zampf/ZAMFP/ZAMFP.srcs/sources_1/new/uart.vhd" Line 221
run all
Stopped at time : 221370 ns : File "C:/Users/Mateusz Kozlowski/Documents/zampf/ZAMFP/ZAMFP.srcs/sources_1/new/uart.vhd" Line 223
run all
Stopped at time : 316850 ns : File "C:/Users/Mateusz Kozlowski/Documents/zampf/ZAMFP/ZAMFP.srcs/sources_1/new/uart.vhd" Line 221
run all
Stopped at time : 316850 ns : File "C:/Users/Mateusz Kozlowski/Documents/zampf/ZAMFP/ZAMFP.srcs/sources_1/new/uart.vhd" Line 223
run all
Stopped at time : 412330 ns : File "C:/Users/Mateusz Kozlowski/Documents/zampf/ZAMFP/ZAMFP.srcs/sources_1/new/uart.vhd" Line 221
run all
Stopped at time : 412330 ns : File "C:/Users/Mateusz Kozlowski/Documents/zampf/ZAMFP/ZAMFP.srcs/sources_1/new/uart.vhd" Line 223
run all
relaunch_sim
Command: launch_simulation -step compile -simset sim_1 -mode behavioral
INFO: [Vivado 12-12493] Simulation top is 'system_tb'
INFO: [Vivado 12-5682] Launching behavioral simulation in 'C:/Users/Mateusz Kozlowski/Documents/zampf/ZAMFP/ZAMFP.sim/sim_1/behav/xsim'
INFO: [SIM-utils-51] Simulation object is 'sim_1'
INFO: [USF-XSim-2] XSim::Compile design
INFO: [USF-XSim-61] Executing 'COMPILE and ANALYZE' step in 'C:/Users/Mateusz Kozlowski/Documents/zampf/ZAMFP/ZAMFP.sim/sim_1/behav/xsim'
"xvhdl --incr --relax -prj system_tb_vhdl.prj"
INFO: [VRFC 10-163] Analyzing VHDL file "C:/Users/Mateusz Kozlowski/Documents/zampf/ZAMFP/ZAMFP.srcs/sources_1/new/uart.vhd" into library xil_defaultlib
INFO: [VRFC 10-3107] analyzing entity 'uart'
INFO: [VRFC 10-163] Analyzing VHDL file "C:/Users/Mateusz Kozlowski/Documents/zampf/ZAMFP/ZAMFP.srcs/sources_1/new/top.vhd" into library xil_defaultlib
INFO: [VRFC 10-3107] analyzing entity 'system_rtl'
INFO: [VRFC 10-163] Analyzing VHDL file "C:/Users/Mateusz Kozlowski/Documents/zampf/ZAMFP/ZAMFP.srcs/system/new/system_tb.vhd" into library xil_defaultlib
INFO: [VRFC 10-3107] analyzing entity 'system_tb'
INFO: [USF-XSim-69] 'compile' step finished in '1' seconds
Command: launch_simulation -step elaborate -simset sim_1 -mode behavioral
INFO: [Vivado 12-12493] Simulation top is 'system_tb'
INFO: [Vivado 12-5682] Launching behavioral simulation in 'C:/Users/Mateusz Kozlowski/Documents/zampf/ZAMFP/ZAMFP.sim/sim_1/behav/xsim'
INFO: [SIM-utils-51] Simulation object is 'sim_1'
INFO: [USF-XSim-3] XSim::Elaborate design
INFO: [USF-XSim-61] Executing 'ELABORATE' step in 'C:/Users/Mateusz Kozlowski/Documents/zampf/ZAMFP/ZAMFP.sim/sim_1/behav/xsim'
"xelab --incr --debug typical --relax --mt 2 -L xil_defaultlib -L secureip --snapshot system_tb_behav xil_defaultlib.system_tb -log elaborate.log"
Vivado Simulator v2025.1.0
Copyright 1986-2022 Xilinx, Inc. All Rights Reserved.
Copyright 2022-2025 Advanced Micro Devices, Inc. All Rights Reserved.
Running: C:/Xilinx/2025.1/Vivado/bin/unwrapped/win64.o/xelab.exe --incr --debug typical --relax --mt 2 -L xil_defaultlib -L secureip --snapshot system_tb_behav xil_defaultlib.system_tb -log elaborate.log 
Using 2 slave threads.
Starting static elaboration
Completed static elaboration
Starting simulation data flow analysis
Completed simulation data flow analysis
Time Resolution for simulation is 1ps
Compiling package std.standard
Compiling package std.textio
Compiling package ieee.std_logic_1164
Compiling package ieee.std_logic_textio
Compiling package ieee.numeric_std
Compiling architecture behavioral of entity xil_defaultlib.ram [ram_default]
Compiling architecture rtl of entity xil_defaultlib.uart [uart_default]
Compiling architecture behavioral of entity xil_defaultlib.uart_ram_ctrl [uart_ram_ctrl_default]
Compiling architecture rtl of entity xil_defaultlib.system_rtl [system_rtl_default]
Compiling architecture sim of entity xil_defaultlib.system_tb
Built simulation snapshot system_tb_behav
INFO: [USF-XSim-69] 'elaborate' step finished in '1' seconds
Time resolution is 1 ps
relaunch_sim: Time (s): cpu = 00:00:01 ; elapsed = 00:00:06 . Memory (MB): peak = 3418.723 ; gain = 0.000
run all
Stopped at time : 82670 ns : File "C:/Users/Mateusz Kozlowski/Documents/zampf/ZAMFP/ZAMFP.srcs/sources_1/new/uart.vhd" Line 221
remove_bps -BreakPointObjsOrIds bp14 bp15 
run all



RESP WRITE PRE = 0x5A
RESP WRITE HDR = 0x61

RESP WRITE DATA = 0xA1


RESP READ PRE = 0x5A
RESP READ HDR = 0xE1
RESP READ DATA = 0xA1
0


RESP WRITE PRE = 0x5A
RESP WRITE HDR = 0x00
RESP WRITE DATA = 0x00


RESP READ PRE = 0x5A
RESP READ HDR = 0x80
RESP READ DATA = 0x00
1


RESP WRITE PRE = 0x5A
RESP WRITE HDR = 0x03
RESP WRITE DATA = 0x02


RESP READ PRE = 0x5A
RESP READ HDR = 0x83
RESP READ DATA = 0x02
2


RESP WRITE PRE = 0x5A
RESP WRITE HDR = 0x06
RESP WRITE DATA = 0x04


RESP READ PRE = 0x5A
RESP READ HDR = 0x86
RESP READ DATA = 0x04
3


RESP WRITE PRE = 0x5A
RESP WRITE HDR = 0x09
RESP WRITE DATA = 0x06


RESP READ PRE = 0x5A
RESP READ HDR = 0x89
RESP READ DATA = 0x06
4


RESP WRITE PRE = 0x5A
RESP WRITE HDR = 0x0C
RESP WRITE DATA = 0x08


RESP READ PRE = 0x5A
RESP READ HDR = 0x8C
RESP READ DATA = 0x08
5


RESP WRITE PRE = 0x5A
RESP WRITE HDR = 0x0F
RESP WRITE DATA = 0x0A


RESP READ PRE = 0x5A
RESP READ HDR = 0x8F
RESP READ DATA = 0x0A
6


RESP WRITE PRE = 0x5A
RESP WRITE HDR = 0x12
RESP WRITE DATA = 0x0C


RESP READ PRE = 0x5A
RESP READ HDR = 0x92
RESP READ DATA = 0x0C
7


RESP WRITE PRE = 0x5A
RESP WRITE HDR = 0x15
RESP WRITE DATA = 0x0E


RESP READ PRE = 0x5A
RESP READ HDR = 0x95
RESP READ DATA = 0x0E
run: Time (s): cpu = 00:01:17 ; elapsed = 00:00:46 . Memory (MB): peak = 3418.723 ; gain = 0.000
add_bp {C:/Users/Mateusz Kozlowski/Documents/zampf/ZAMFP/ZAMFP.srcs/system/new/system_tb.vhd} 263
relaunch_sim
INFO: xsimkernel Simulation Memory Usage: 17608 KB (Peak: 17608 KB), Simulation CPU Usage: 37812 ms
Command: launch_simulation -step compile -simset sim_1 -mode behavioral
INFO: [Vivado 12-12493] Simulation top is 'system_tb'
INFO: [Vivado 12-5682] Launching behavioral simulation in 'C:/Users/Mateusz Kozlowski/Documents/zampf/ZAMFP/ZAMFP.sim/sim_1/behav/xsim'
INFO: [SIM-utils-51] Simulation object is 'sim_1'
INFO: [USF-XSim-2] XSim::Compile design
INFO: [USF-XSim-61] Executing 'COMPILE and ANALYZE' step in 'C:/Users/Mateusz Kozlowski/Documents/zampf/ZAMFP/ZAMFP.sim/sim_1/behav/xsim'
"xvhdl --incr --relax -prj system_tb_vhdl.prj"
INFO: [USF-XSim-69] 'compile' step finished in '1' seconds
Command: launch_simulation -step elaborate -simset sim_1 -mode behavioral
INFO: [Vivado 12-12493] Simulation top is 'system_tb'
INFO: [Vivado 12-5682] Launching behavioral simulation in 'C:/Users/Mateusz Kozlowski/Documents/zampf/ZAMFP/ZAMFP.sim/sim_1/behav/xsim'
INFO: [SIM-utils-51] Simulation object is 'sim_1'
INFO: [USF-XSim-3] XSim::Elaborate design
INFO: [USF-XSim-61] Executing 'ELABORATE' step in 'C:/Users/Mateusz Kozlowski/Documents/zampf/ZAMFP/ZAMFP.sim/sim_1/behav/xsim'
"xelab --incr --debug typical --relax --mt 2 -L xil_defaultlib -L secureip --snapshot system_tb_behav xil_defaultlib.system_tb -log elaborate.log"
Vivado Simulator v2025.1.0
Copyright 1986-2022 Xilinx, Inc. All Rights Reserved.
Copyright 2022-2025 Advanced Micro Devices, Inc. All Rights Reserved.
Running: C:/Xilinx/2025.1/Vivado/bin/unwrapped/win64.o/xelab.exe --incr --debug typical --relax --mt 2 -L xil_defaultlib -L secureip --snapshot system_tb_behav xil_defaultlib.system_tb -log elaborate.log 
Using 2 slave threads.
Starting static elaboration
Completed static elaboration
INFO: [XSIM 43-4323] No Change in HDL. Linking previously generated obj files to create kernel
INFO: [USF-XSim-69] 'elaborate' step finished in '1' seconds
Time resolution is 1 ps
run all



RESP WRITE PRE = 0x5A
RESP WRITE HDR = 0x61

RESP WRITE DATA = 0xA1


RESP READ PRE = 0x5A
RESP READ HDR = 0xE1
RESP READ DATA = 0xA1
0


RESP WRITE PRE = 0x5A
RESP WRITE HDR = 0x00
RESP WRITE DATA = 0x00


RESP READ PRE = 0x5A
RESP READ HDR = 0x80
RESP READ DATA = 0x00
1


RESP WRITE PRE = 0x5A
RESP WRITE HDR = 0x03
RESP WRITE DATA = 0x02


RESP READ PRE = 0x5A
RESP READ HDR = 0x83
RESP READ DATA = 0x02
2


RESP WRITE PRE = 0x5A
RESP WRITE HDR = 0x06
RESP WRITE DATA = 0x04


RESP READ PRE = 0x5A
RESP READ HDR = 0x86
RESP READ DATA = 0x04
3


RESP WRITE PRE = 0x5A
RESP WRITE HDR = 0x09
RESP WRITE DATA = 0x06


RESP READ PRE = 0x5A
RESP READ HDR = 0x89
RESP READ DATA = 0x06
4


RESP WRITE PRE = 0x5A
RESP WRITE HDR = 0x0C
RESP WRITE DATA = 0x08


RESP READ PRE = 0x5A
RESP READ HDR = 0x8C
RESP READ DATA = 0x08
5


RESP WRITE PRE = 0x5A
RESP WRITE HDR = 0x0F
RESP WRITE DATA = 0x0A


RESP READ PRE = 0x5A
RESP READ HDR = 0x8F
RESP READ DATA = 0x0A
6


RESP WRITE PRE = 0x5A
RESP WRITE HDR = 0x12
RESP WRITE DATA = 0x0C


RESP READ PRE = 0x5A
RESP READ HDR = 0x92
RESP READ DATA = 0x0C
7


RESP WRITE PRE = 0x5A
RESP WRITE HDR = 0x15
RESP WRITE DATA = 0x0E


RESP READ PRE = 0x5A
RESP READ HDR = 0x95
RESP READ DATA = 0x0E
Stopped at time : 11061750 ns : File "C:/Users/Mateusz Kozlowski/Documents/zampf/ZAMFP/ZAMFP.srcs/system/new/system_tb.vhd" Line 263
relaunch_sim
Command: launch_simulation -step compile -simset sim_1 -mode behavioral
INFO: [Vivado 12-12493] Simulation top is 'system_tb'
INFO: [Vivado 12-5682] Launching behavioral simulation in 'C:/Users/Mateusz Kozlowski/Documents/zampf/ZAMFP/ZAMFP.sim/sim_1/behav/xsim'
INFO: [SIM-utils-51] Simulation object is 'sim_1'
INFO: [USF-XSim-2] XSim::Compile design
INFO: [USF-XSim-61] Executing 'COMPILE and ANALYZE' step in 'C:/Users/Mateusz Kozlowski/Documents/zampf/ZAMFP/ZAMFP.sim/sim_1/behav/xsim'
"xvhdl --incr --relax -prj system_tb_vhdl.prj"
INFO: [VRFC 10-163] Analyzing VHDL file "C:/Users/Mateusz Kozlowski/Documents/zampf/ZAMFP/ZAMFP.srcs/sources_1/new/uart.vhd" into library xil_defaultlib
INFO: [VRFC 10-3107] analyzing entity 'uart'
INFO: [VRFC 10-163] Analyzing VHDL file "C:/Users/Mateusz Kozlowski/Documents/zampf/ZAMFP/ZAMFP.srcs/sources_1/new/top.vhd" into library xil_defaultlib
INFO: [VRFC 10-3107] analyzing entity 'system_rtl'
INFO: [VRFC 10-163] Analyzing VHDL file "C:/Users/Mateusz Kozlowski/Documents/zampf/ZAMFP/ZAMFP.srcs/system/new/system_tb.vhd" into library xil_defaultlib
INFO: [VRFC 10-3107] analyzing entity 'system_tb'
INFO: [USF-XSim-69] 'compile' step finished in '1' seconds
Command: launch_simulation -step elaborate -simset sim_1 -mode behavioral
INFO: [Vivado 12-12493] Simulation top is 'system_tb'
INFO: [Vivado 12-5682] Launching behavioral simulation in 'C:/Users/Mateusz Kozlowski/Documents/zampf/ZAMFP/ZAMFP.sim/sim_1/behav/xsim'
INFO: [SIM-utils-51] Simulation object is 'sim_1'
INFO: [USF-XSim-3] XSim::Elaborate design
INFO: [USF-XSim-61] Executing 'ELABORATE' step in 'C:/Users/Mateusz Kozlowski/Documents/zampf/ZAMFP/ZAMFP.sim/sim_1/behav/xsim'
"xelab --incr --debug typical --relax --mt 2 -L xil_defaultlib -L secureip --snapshot system_tb_behav xil_defaultlib.system_tb -log elaborate.log"
Vivado Simulator v2025.1.0
Copyright 1986-2022 Xilinx, Inc. All Rights Reserved.
Copyright 2022-2025 Advanced Micro Devices, Inc. All Rights Reserved.
Running: C:/Xilinx/2025.1/Vivado/bin/unwrapped/win64.o/xelab.exe --incr --debug typical --relax --mt 2 -L xil_defaultlib -L secureip --snapshot system_tb_behav xil_defaultlib.system_tb -log elaborate.log 
Using 2 slave threads.
Starting static elaboration
Completed static elaboration
Starting simulation data flow analysis
Completed simulation data flow analysis
Time Resolution for simulation is 1ps
Compiling package std.standard
Compiling package std.textio
Compiling package ieee.std_logic_1164
Compiling package ieee.std_logic_textio
Compiling package ieee.numeric_std
Compiling architecture behavioral of entity xil_defaultlib.ram [ram_default]
Compiling architecture rtl of entity xil_defaultlib.uart [uart_default]
Compiling architecture behavioral of entity xil_defaultlib.uart_ram_ctrl [uart_ram_ctrl_default]
Compiling architecture rtl of entity xil_defaultlib.system_rtl [system_rtl_default]
Compiling architecture sim of entity xil_defaultlib.system_tb
Built simulation snapshot system_tb_behav
INFO: [USF-XSim-69] 'elaborate' step finished in '1' seconds
Time resolution is 1 ps
relaunch_sim: Time (s): cpu = 00:00:01 ; elapsed = 00:00:06 . Memory (MB): peak = 3418.723 ; gain = 0.000
run all



RESP WRITE PRE = 0x3C
RESP WRITE HDR = 0xF8

add_bp {C:/Users/Mateusz Kozlowski/Documents/zampf/ZAMFP/ZAMFP.srcs/sources_1/new/uart.vhd} 64
relaunch_sim
Command: launch_simulation -step compile -simset sim_1 -mode behavioral
INFO: [Vivado 12-12493] Simulation top is 'system_tb'
INFO: [Vivado 12-5682] Launching behavioral simulation in 'C:/Users/Mateusz Kozlowski/Documents/zampf/ZAMFP/ZAMFP.sim/sim_1/behav/xsim'
INFO: [SIM-utils-51] Simulation object is 'sim_1'
INFO: [USF-XSim-2] XSim::Compile design
INFO: [USF-XSim-61] Executing 'COMPILE and ANALYZE' step in 'C:/Users/Mateusz Kozlowski/Documents/zampf/ZAMFP/ZAMFP.sim/sim_1/behav/xsim'
"xvhdl --incr --relax -prj system_tb_vhdl.prj"
INFO: [VRFC 10-163] Analyzing VHDL file "C:/Users/Mateusz Kozlowski/Documents/zampf/ZAMFP/ZAMFP.srcs/sources_1/new/uart.vhd" into library xil_defaultlib
INFO: [VRFC 10-3107] analyzing entity 'uart'
INFO: [VRFC 10-163] Analyzing VHDL file "C:/Users/Mateusz Kozlowski/Documents/zampf/ZAMFP/ZAMFP.srcs/sources_1/new/top.vhd" into library xil_defaultlib
INFO: [VRFC 10-3107] analyzing entity 'system_rtl'
INFO: [VRFC 10-163] Analyzing VHDL file "C:/Users/Mateusz Kozlowski/Documents/zampf/ZAMFP/ZAMFP.srcs/system/new/system_tb.vhd" into library xil_defaultlib
INFO: [VRFC 10-3107] analyzing entity 'system_tb'
INFO: [USF-XSim-69] 'compile' step finished in '1' seconds
Command: launch_simulation -step elaborate -simset sim_1 -mode behavioral
INFO: [Vivado 12-12493] Simulation top is 'system_tb'
INFO: [Vivado 12-5682] Launching behavioral simulation in 'C:/Users/Mateusz Kozlowski/Documents/zampf/ZAMFP/ZAMFP.sim/sim_1/behav/xsim'
INFO: [SIM-utils-51] Simulation object is 'sim_1'
INFO: [USF-XSim-3] XSim::Elaborate design
INFO: [USF-XSim-61] Executing 'ELABORATE' step in 'C:/Users/Mateusz Kozlowski/Documents/zampf/ZAMFP/ZAMFP.sim/sim_1/behav/xsim'
"xelab --incr --debug typical --relax --mt 2 -L xil_defaultlib -L secureip --snapshot system_tb_behav xil_defaultlib.system_tb -log elaborate.log"
Vivado Simulator v2025.1.0
Copyright 1986-2022 Xilinx, Inc. All Rights Reserved.
Copyright 2022-2025 Advanced Micro Devices, Inc. All Rights Reserved.
Running: C:/Xilinx/2025.1/Vivado/bin/unwrapped/win64.o/xelab.exe --incr --debug typical --relax --mt 2 -L xil_defaultlib -L secureip --snapshot system_tb_behav xil_defaultlib.system_tb -log elaborate.log 
Using 2 slave threads.
Starting static elaboration
Completed static elaboration
Starting simulation data flow analysis
Completed simulation data flow analysis
Time Resolution for simulation is 1ps
Compiling package std.standard
Compiling package std.textio
Compiling package ieee.std_logic_1164
Compiling package ieee.std_logic_textio
Compiling package ieee.numeric_std
Compiling architecture behavioral of entity xil_defaultlib.ram [ram_default]
Compiling architecture rtl of entity xil_defaultlib.uart [uart_default]
Compiling architecture behavioral of entity xil_defaultlib.uart_ram_ctrl [uart_ram_ctrl_default]
Compiling architecture rtl of entity xil_defaultlib.system_rtl [system_rtl_default]
Compiling architecture sim of entity xil_defaultlib.system_tb
Built simulation snapshot system_tb_behav
INFO: [USF-XSim-69] 'elaborate' step finished in '1' seconds
Time resolution is 1 ps
Stopped at time : 0 fs : File "C:/Users/Mateusz Kozlowski/Documents/zampf/ZAMFP/ZAMFP.srcs/sources_1/new/uart.vhd" Line 64
relaunch_sim: Time (s): cpu = 00:00:02 ; elapsed = 00:00:06 . Memory (MB): peak = 3418.723 ; gain = 0.000
run all
Stopped at time : 0 fs : File "C:/Users/Mateusz Kozlowski/Documents/zampf/ZAMFP/ZAMFP.srcs/sources_1/new/uart.vhd" Line 64
run all
Stopped at time : 82670 ns : File "C:/Users/Mateusz Kozlowski/Documents/zampf/ZAMFP/ZAMFP.srcs/sources_1/new/uart.vhd" Line 64
run all

Stopped at time : 82690 ns : File "C:/Users/Mateusz Kozlowski/Documents/zampf/ZAMFP/ZAMFP.srcs/sources_1/new/uart.vhd" Line 64
run all
Stopped at time : 221550 ns : File "C:/Users/Mateusz Kozlowski/Documents/zampf/ZAMFP/ZAMFP.srcs/sources_1/new/uart.vhd" Line 64
run all


Stopped at time : 221570 ns : File "C:/Users/Mateusz Kozlowski/Documents/zampf/ZAMFP/ZAMFP.srcs/sources_1/new/uart.vhd" Line 64
run all
Stopped at time : 317030 ns : File "C:/Users/Mateusz Kozlowski/Documents/zampf/ZAMFP/ZAMFP.srcs/sources_1/new/uart.vhd" Line 64
run all
Stopped at time : 317050 ns : File "C:/Users/Mateusz Kozlowski/Documents/zampf/ZAMFP/ZAMFP.srcs/sources_1/new/uart.vhd" Line 64
run all
Stopped at time : 412510 ns : File "C:/Users/Mateusz Kozlowski/Documents/zampf/ZAMFP/ZAMFP.srcs/sources_1/new/uart.vhd" Line 64
run all
Stopped at time : 412530 ns : File "C:/Users/Mateusz Kozlowski/Documents/zampf/ZAMFP/ZAMFP.srcs/sources_1/new/uart.vhd" Line 64
run all
Stopped at time : 495070 ns : File "C:/Users/Mateusz Kozlowski/Documents/zampf/ZAMFP/ZAMFP.srcs/sources_1/new/uart.vhd" Line 64
run all
RESP WRITE PRE = 0x5A
Stopped at time : 495090 ns : File "C:/Users/Mateusz Kozlowski/Documents/zampf/ZAMFP/ZAMFP.srcs/sources_1/new/uart.vhd" Line 64
run all
Stopped at time : 581890 ns : File "C:/Users/Mateusz Kozlowski/Documents/zampf/ZAMFP/ZAMFP.srcs/sources_1/new/uart.vhd" Line 64
run all
RESP WRITE HDR = 0x61

Stopped at time : 581910 ns : File "C:/Users/Mateusz Kozlowski/Documents/zampf/ZAMFP/ZAMFP.srcs/sources_1/new/uart.vhd" Line 64
run all
Stopped at time : 668710 ns : File "C:/Users/Mateusz Kozlowski/Documents/zampf/ZAMFP/ZAMFP.srcs/sources_1/new/uart.vhd" Line 64
run all
RESP WRITE DATA = 0xA1
Stopped at time : 668730 ns : File "C:/Users/Mateusz Kozlowski/Documents/zampf/ZAMFP/ZAMFP.srcs/sources_1/new/uart.vhd" Line 64
run all
Stopped at time : 751190 ns : File "C:/Users/Mateusz Kozlowski/Documents/zampf/ZAMFP/ZAMFP.srcs/sources_1/new/uart.vhd" Line 64
run all


Stopped at time : 751210 ns : File "C:/Users/Mateusz Kozlowski/Documents/zampf/ZAMFP/ZAMFP.srcs/sources_1/new/uart.vhd" Line 64
run all
Stopped at time : 846670 ns : File "C:/Users/Mateusz Kozlowski/Documents/zampf/ZAMFP/ZAMFP.srcs/sources_1/new/uart.vhd" Line 64
run all
Stopped at time : 846690 ns : File "C:/Users/Mateusz Kozlowski/Documents/zampf/ZAMFP/ZAMFP.srcs/sources_1/new/uart.vhd" Line 64
run all
Stopped at time : 942150 ns : File "C:/Users/Mateusz Kozlowski/Documents/zampf/ZAMFP/ZAMFP.srcs/sources_1/new/uart.vhd" Line 64
run all
Stopped at time : 942170 ns : File "C:/Users/Mateusz Kozlowski/Documents/zampf/ZAMFP/ZAMFP.srcs/sources_1/new/uart.vhd" Line 64
run all
Stopped at time : 1024750 ns : File "C:/Users/Mateusz Kozlowski/Documents/zampf/ZAMFP/ZAMFP.srcs/sources_1/new/uart.vhd" Line 64
run all
RESP READ PRE = 0x5A
Stopped at time : 1024770 ns : File "C:/Users/Mateusz Kozlowski/Documents/zampf/ZAMFP/ZAMFP.srcs/sources_1/new/uart.vhd" Line 64
run all
Stopped at time : 1111570 ns : File "C:/Users/Mateusz Kozlowski/Documents/zampf/ZAMFP/ZAMFP.srcs/sources_1/new/uart.vhd" Line 64
run all
RESP READ HDR = 0xE1
Stopped at time : 1111590 ns : File "C:/Users/Mateusz Kozlowski/Documents/zampf/ZAMFP/ZAMFP.srcs/sources_1/new/uart.vhd" Line 64
run all
Stopped at time : 1198390 ns : File "C:/Users/Mateusz Kozlowski/Documents/zampf/ZAMFP/ZAMFP.srcs/sources_1/new/uart.vhd" Line 64
run all
RESP READ DATA = 0xA1
0
Stopped at time : 1198410 ns : File "C:/Users/Mateusz Kozlowski/Documents/zampf/ZAMFP/ZAMFP.srcs/sources_1/new/uart.vhd" Line 64
run all
Stopped at time : 1454470 ns : File "C:/Users/Mateusz Kozlowski/Documents/zampf/ZAMFP/ZAMFP.srcs/sources_1/new/uart.vhd" Line 64
run all


Stopped at time : 1454490 ns : File "C:/Users/Mateusz Kozlowski/Documents/zampf/ZAMFP/ZAMFP.srcs/sources_1/new/uart.vhd" Line 64
relaunch_sim
Command: launch_simulation -step compile -simset sim_1 -mode behavioral
INFO: [Vivado 12-12493] Simulation top is 'system_tb'
INFO: [Vivado 12-5682] Launching behavioral simulation in 'C:/Users/Mateusz Kozlowski/Documents/zampf/ZAMFP/ZAMFP.sim/sim_1/behav/xsim'
INFO: [SIM-utils-51] Simulation object is 'sim_1'
INFO: [USF-XSim-2] XSim::Compile design
INFO: [USF-XSim-61] Executing 'COMPILE and ANALYZE' step in 'C:/Users/Mateusz Kozlowski/Documents/zampf/ZAMFP/ZAMFP.sim/sim_1/behav/xsim'
"xvhdl --incr --relax -prj system_tb_vhdl.prj"
INFO: [VRFC 10-163] Analyzing VHDL file "C:/Users/Mateusz Kozlowski/Documents/zampf/ZAMFP/ZAMFP.srcs/sources_1/new/uart.vhd" into library xil_defaultlib
INFO: [VRFC 10-3107] analyzing entity 'uart'
INFO: [VRFC 10-163] Analyzing VHDL file "C:/Users/Mateusz Kozlowski/Documents/zampf/ZAMFP/ZAMFP.srcs/sources_1/new/top.vhd" into library xil_defaultlib
INFO: [VRFC 10-3107] analyzing entity 'system_rtl'
INFO: [VRFC 10-163] Analyzing VHDL file "C:/Users/Mateusz Kozlowski/Documents/zampf/ZAMFP/ZAMFP.srcs/system/new/system_tb.vhd" into library xil_defaultlib
INFO: [VRFC 10-3107] analyzing entity 'system_tb'
INFO: [USF-XSim-69] 'compile' step finished in '1' seconds
Command: launch_simulation -step elaborate -simset sim_1 -mode behavioral
INFO: [Vivado 12-12493] Simulation top is 'system_tb'
INFO: [Vivado 12-5682] Launching behavioral simulation in 'C:/Users/Mateusz Kozlowski/Documents/zampf/ZAMFP/ZAMFP.sim/sim_1/behav/xsim'
INFO: [SIM-utils-51] Simulation object is 'sim_1'
INFO: [USF-XSim-3] XSim::Elaborate design
INFO: [USF-XSim-61] Executing 'ELABORATE' step in 'C:/Users/Mateusz Kozlowski/Documents/zampf/ZAMFP/ZAMFP.sim/sim_1/behav/xsim'
"xelab --incr --debug typical --relax --mt 2 -L xil_defaultlib -L secureip --snapshot system_tb_behav xil_defaultlib.system_tb -log elaborate.log"
Vivado Simulator v2025.1.0
Copyright 1986-2022 Xilinx, Inc. All Rights Reserved.
Copyright 2022-2025 Advanced Micro Devices, Inc. All Rights Reserved.
Running: C:/Xilinx/2025.1/Vivado/bin/unwrapped/win64.o/xelab.exe --incr --debug typical --relax --mt 2 -L xil_defaultlib -L secureip --snapshot system_tb_behav xil_defaultlib.system_tb -log elaborate.log 
Using 2 slave threads.
Starting static elaboration
Completed static elaboration
Starting simulation data flow analysis
Completed simulation data flow analysis
Time Resolution for simulation is 1ps
Compiling package std.standard
Compiling package std.textio
Compiling package ieee.std_logic_1164
Compiling package ieee.std_logic_textio
Compiling package ieee.numeric_std
Compiling architecture behavioral of entity xil_defaultlib.ram [ram_default]
Compiling architecture rtl of entity xil_defaultlib.uart [uart_default]
Compiling architecture behavioral of entity xil_defaultlib.uart_ram_ctrl [uart_ram_ctrl_default]
Compiling architecture rtl of entity xil_defaultlib.system_rtl [system_rtl_default]
Compiling architecture sim of entity xil_defaultlib.system_tb
Built simulation snapshot system_tb_behav
INFO: [USF-XSim-69] 'elaborate' step finished in '1' seconds
Time resolution is 1 ps
Stopped at time : 0 fs : File "C:/Users/Mateusz Kozlowski/Documents/zampf/ZAMFP/ZAMFP.srcs/sources_1/new/uart.vhd" Line 64
relaunch_sim: Time (s): cpu = 00:00:01 ; elapsed = 00:00:06 . Memory (MB): peak = 3418.723 ; gain = 0.000
remove_bps -BreakPointObjsOrIds bp23 
run all
run all
add_bp {C:/Users/Mateusz Kozlowski/Documents/zampf/ZAMFP/ZAMFP.srcs/sources_1/new/uart.vhd} 64
relaunch_sim
WARNING: [filemgmt 56-199] Attempt to get parsing info during refresh. "On-the-fly" syntax checking information may be incorrect. [C:\Users\Mateusz Kozlowski\Documents\zampf\ZAMFP\ZAMFP.srcs\sources_1\new\uart.vhd:]
WARNING: [filemgmt 56-199] Attempt to get parsing info during refresh. "On-the-fly" syntax checking information may be incorrect. [C:\Users\Mateusz Kozlowski\Documents\zampf\ZAMFP\ZAMFP.srcs\sources_1\new\uart_ram_ctrl.vhd:]
WARNING: [filemgmt 56-199] Attempt to get parsing info during refresh. "On-the-fly" syntax checking information may be incorrect. [C:\Users\Mateusz Kozlowski\Documents\zampf\ZAMFP\ZAMFP.srcs\system\new\system_tb.vhd:]
WARNING: [filemgmt 56-199] Attempt to get parsing info during refresh. "On-the-fly" syntax checking information may be incorrect. [C:\Users\Mateusz Kozlowski\Documents\zampf\ZAMFP\ZAMFP.srcs\system\new\system_tb.vhd:]
WARNING: [filemgmt 56-199] Attempt to get parsing info during refresh. "On-the-fly" syntax checking information may be incorrect. [C:\Users\Mateusz Kozlowski\Documents\zampf\ZAMFP\ZAMFP.srcs\system\new\system_tb.vhd:]
Command: launch_simulation -step compile -simset sim_1 -mode behavioral
INFO: [Vivado 12-12493] Simulation top is 'system_tb'
WARNING: [filemgmt 56-199] Attempt to get parsing info during refresh. "On-the-fly" syntax checking information may be incorrect. [C:\Users\Mateusz Kozlowski\Documents\zampf\ZAMFP\ZAMFP.srcs\sources_1\new\uart.vhd:]
WARNING: [filemgmt 56-199] Attempt to get parsing info during refresh. "On-the-fly" syntax checking information may be incorrect. [C:\Users\Mateusz Kozlowski\Documents\zampf\ZAMFP\ZAMFP.srcs\sources_1\new\uart_ram_ctrl.vhd:]
WARNING: [filemgmt 56-199] Attempt to get parsing info during refresh. "On-the-fly" syntax checking information may be incorrect. [C:\Users\Mateusz Kozlowski\Documents\zampf\ZAMFP\ZAMFP.srcs\system\new\system_tb.vhd:]
WARNING: [filemgmt 56-199] Attempt to get parsing info during refresh. "On-the-fly" syntax checking information may be incorrect. [C:\Users\Mateusz Kozlowski\Documents\zampf\ZAMFP\ZAMFP.srcs\sources_1\new\uart_ram_ctrl.vhd:]
WARNING: [filemgmt 56-199] Attempt to get parsing info during refresh. "On-the-fly" syntax checking information may be incorrect. [C:\Users\Mateusz Kozlowski\Documents\zampf\ZAMFP\ZAMFP.srcs\sources_1\new\uart_ram_ctrl.vhd:]
INFO: [Vivado 12-5682] Launching behavioral simulation in 'C:/Users/Mateusz Kozlowski/Documents/zampf/ZAMFP/ZAMFP.sim/sim_1/behav/xsim'
INFO: [SIM-utils-51] Simulation object is 'sim_1'
INFO: [USF-XSim-2] XSim::Compile design
INFO: [USF-XSim-61] Executing 'COMPILE and ANALYZE' step in 'C:/Users/Mateusz Kozlowski/Documents/zampf/ZAMFP/ZAMFP.sim/sim_1/behav/xsim'
"xvhdl --incr --relax -prj system_tb_vhdl.prj"
INFO: [VRFC 10-163] Analyzing VHDL file "C:/Users/Mateusz Kozlowski/Documents/zampf/ZAMFP/ZAMFP.srcs/sources_1/new/uart.vhd" into library xil_defaultlib
INFO: [VRFC 10-3107] analyzing entity 'uart'
INFO: [VRFC 10-163] Analyzing VHDL file "C:/Users/Mateusz Kozlowski/Documents/zampf/ZAMFP/ZAMFP.srcs/sources_1/new/top.vhd" into library xil_defaultlib
INFO: [VRFC 10-3107] analyzing entity 'system_rtl'
INFO: [VRFC 10-163] Analyzing VHDL file "C:/Users/Mateusz Kozlowski/Documents/zampf/ZAMFP/ZAMFP.srcs/system/new/system_tb.vhd" into library xil_defaultlib
INFO: [VRFC 10-3107] analyzing entity 'system_tb'
INFO: [USF-XSim-69] 'compile' step finished in '1' seconds
Command: launch_simulation -step elaborate -simset sim_1 -mode behavioral
INFO: [Vivado 12-12493] Simulation top is 'system_tb'
INFO: [Vivado 12-5682] Launching behavioral simulation in 'C:/Users/Mateusz Kozlowski/Documents/zampf/ZAMFP/ZAMFP.sim/sim_1/behav/xsim'
INFO: [SIM-utils-51] Simulation object is 'sim_1'
INFO: [USF-XSim-3] XSim::Elaborate design
INFO: [USF-XSim-61] Executing 'ELABORATE' step in 'C:/Users/Mateusz Kozlowski/Documents/zampf/ZAMFP/ZAMFP.sim/sim_1/behav/xsim'
"xelab --incr --debug typical --relax --mt 2 -L xil_defaultlib -L secureip --snapshot system_tb_behav xil_defaultlib.system_tb -log elaborate.log"
Vivado Simulator v2025.1.0
Copyright 1986-2022 Xilinx, Inc. All Rights Reserved.
Copyright 2022-2025 Advanced Micro Devices, Inc. All Rights Reserved.
Running: C:/Xilinx/2025.1/Vivado/bin/unwrapped/win64.o/xelab.exe --incr --debug typical --relax --mt 2 -L xil_defaultlib -L secureip --snapshot system_tb_behav xil_defaultlib.system_tb -log elaborate.log 
Using 2 slave threads.
Starting static elaboration
Completed static elaboration
Starting simulation data flow analysis
Completed simulation data flow analysis
Time Resolution for simulation is 1ps
Compiling package std.standard
Compiling package std.textio
Compiling package ieee.std_logic_1164
Compiling package ieee.std_logic_textio
Compiling package ieee.numeric_std
Compiling architecture behavioral of entity xil_defaultlib.ram [ram_default]
Compiling architecture rtl of entity xil_defaultlib.uart [uart_default]
Compiling architecture behavioral of entity xil_defaultlib.uart_ram_ctrl [uart_ram_ctrl_default]
Compiling architecture rtl of entity xil_defaultlib.system_rtl [system_rtl_default]
Compiling architecture sim of entity xil_defaultlib.system_tb
Built simulation snapshot system_tb_behav
INFO: [USF-XSim-69] 'elaborate' step finished in '1' seconds
Time resolution is 1 ps
Stopped at time : 0 fs : File "C:/Users/Mateusz Kozlowski/Documents/zampf/ZAMFP/ZAMFP.srcs/sources_1/new/uart.vhd" Line 64
relaunch_sim: Time (s): cpu = 00:00:03 ; elapsed = 00:00:06 . Memory (MB): peak = 3418.723 ; gain = 0.000
run all
Stopped at time : 0 fs : File "C:/Users/Mateusz Kozlowski/Documents/zampf/ZAMFP/ZAMFP.srcs/sources_1/new/uart.vhd" Line 64
run all
Stopped at time : 82490 ns : File "C:/Users/Mateusz Kozlowski/Documents/zampf/ZAMFP/ZAMFP.srcs/sources_1/new/uart.vhd" Line 64
run all

Stopped at time : 82510 ns : File "C:/Users/Mateusz Kozlowski/Documents/zampf/ZAMFP/ZAMFP.srcs/sources_1/new/uart.vhd" Line 64
run all
Stopped at time : 221370 ns : File "C:/Users/Mateusz Kozlowski/Documents/zampf/ZAMFP/ZAMFP.srcs/sources_1/new/uart.vhd" Line 64
run all


Stopped at time : 221390 ns : File "C:/Users/Mateusz Kozlowski/Documents/zampf/ZAMFP/ZAMFP.srcs/sources_1/new/uart.vhd" Line 64
run all
Stopped at time : 316850 ns : File "C:/Users/Mateusz Kozlowski/Documents/zampf/ZAMFP/ZAMFP.srcs/sources_1/new/uart.vhd" Line 64
run all
Stopped at time : 316870 ns : File "C:/Users/Mateusz Kozlowski/Documents/zampf/ZAMFP/ZAMFP.srcs/sources_1/new/uart.vhd" Line 64
run all
Stopped at time : 412330 ns : File "C:/Users/Mateusz Kozlowski/Documents/zampf/ZAMFP/ZAMFP.srcs/sources_1/new/uart.vhd" Line 64
run all
Stopped at time : 412350 ns : File "C:/Users/Mateusz Kozlowski/Documents/zampf/ZAMFP/ZAMFP.srcs/sources_1/new/uart.vhd" Line 64
run all
Stopped at time : 563850 ns : File "C:/Users/Mateusz Kozlowski/Documents/zampf/ZAMFP/ZAMFP.srcs/sources_1/new/uart.vhd" Line 64
run all
RESP WRITE PRE = 0x3C
Stopped at time : 563870 ns : File "C:/Users/Mateusz Kozlowski/Documents/zampf/ZAMFP/ZAMFP.srcs/sources_1/new/uart.vhd" Line 64
run all
Stopped at time : 732690 ns : File "C:/Users/Mateusz Kozlowski/Documents/zampf/ZAMFP/ZAMFP.srcs/sources_1/new/uart.vhd" Line 64
run all
RESP WRITE HDR = 0xF8

Stopped at time : 732710 ns : File "C:/Users/Mateusz Kozlowski/Documents/zampf/ZAMFP/ZAMFP.srcs/sources_1/new/uart.vhd" Line 64
run all
relaunch_sim
WARNING: [filemgmt 56-199] Attempt to get parsing info during refresh. "On-the-fly" syntax checking information may be incorrect. [C:\Users\Mateusz Kozlowski\Documents\zampf\ZAMFP\ZAMFP.srcs\sources_1\new\uart.vhd:]
WARNING: [filemgmt 56-199] Attempt to get parsing info during refresh. "On-the-fly" syntax checking information may be incorrect. [C:\Users\Mateusz Kozlowski\Documents\zampf\ZAMFP\ZAMFP.srcs\sources_1\new\uart_ram_ctrl.vhd:]
WARNING: [filemgmt 56-199] Attempt to get parsing info during refresh. "On-the-fly" syntax checking information may be incorrect. [C:\Users\Mateusz Kozlowski\Documents\zampf\ZAMFP\ZAMFP.srcs\system\new\system_tb.vhd:]
WARNING: [filemgmt 56-199] Attempt to get parsing info during refresh. "On-the-fly" syntax checking information may be incorrect. [C:\Users\Mateusz Kozlowski\Documents\zampf\ZAMFP\ZAMFP.srcs\system\new\system_tb.vhd:]
WARNING: [filemgmt 56-199] Attempt to get parsing info during refresh. "On-the-fly" syntax checking information may be incorrect. [C:\Users\Mateusz Kozlowski\Documents\zampf\ZAMFP\ZAMFP.srcs\system\new\system_tb.vhd:]
WARNING: [filemgmt 56-199] Attempt to get parsing info during refresh. "On-the-fly" syntax checking information may be incorrect. [C:\Users\Mateusz Kozlowski\Documents\zampf\ZAMFP\ZAMFP.srcs\sources_1\new\uart.vhd:]
WARNING: [filemgmt 56-199] Attempt to get parsing info during refresh. "On-the-fly" syntax checking information may be incorrect. [C:\Users\Mateusz Kozlowski\Documents\zampf\ZAMFP\ZAMFP.srcs\sources_1\new\uart_ram_ctrl.vhd:]
WARNING: [filemgmt 56-199] Attempt to get parsing info during refresh. "On-the-fly" syntax checking information may be incorrect. [C:\Users\Mateusz Kozlowski\Documents\zampf\ZAMFP\ZAMFP.srcs\system\new\system_tb.vhd:]
WARNING: [filemgmt 56-199] Attempt to get parsing info during refresh. "On-the-fly" syntax checking information may be incorrect. [C:\Users\Mateusz Kozlowski\Documents\zampf\ZAMFP\ZAMFP.srcs\sources_1\new\uart_ram_ctrl.vhd:]
WARNING: [filemgmt 56-199] Attempt to get parsing info during refresh. "On-the-fly" syntax checking information may be incorrect. [C:\Users\Mateusz Kozlowski\Documents\zampf\ZAMFP\ZAMFP.srcs\sources_1\new\uart_ram_ctrl.vhd:]
Command: launch_simulation -step compile -simset sim_1 -mode behavioral
INFO: [Vivado 12-12493] Simulation top is 'system_tb'
ERROR: [Common 17-180] Spawn failed: Operacja ukonczona pomyslnie.

INFO: [Vivado 12-5682] Launching behavioral simulation in 'C:/Users/Mateusz Kozlowski/Documents/zampf/ZAMFP/ZAMFP.sim/sim_1/behav/xsim'
INFO: [SIM-utils-51] Simulation object is 'sim_1'
INFO: [USF-XSim-2] XSim::Compile design
INFO: [USF-XSim-61] Executing 'COMPILE and ANALYZE' step in 'C:/Users/Mateusz Kozlowski/Documents/zampf/ZAMFP/ZAMFP.sim/sim_1/behav/xsim'
"xvhdl --incr --relax -prj system_tb_vhdl.prj"
INFO: [VRFC 10-163] Analyzing VHDL file "C:/Users/Mateusz Kozlowski/Documents/zampf/ZAMFP/ZAMFP.srcs/sources_1/new/uart.vhd" into library xil_defaultlib
INFO: [VRFC 10-3107] analyzing entity 'uart'
ERROR: [VRFC 10-4982] syntax error near 'process' [C:/Users/Mateusz Kozlowski/Documents/zampf/ZAMFP/ZAMFP.srcs/sources_1/new/uart.vhd:98]
ERROR: [VRFC 10-9458] unit 'rtl' is ignored due to previous errors [C:/Users/Mateusz Kozlowski/Documents/zampf/ZAMFP/ZAMFP.srcs/sources_1/new/uart.vhd:26]
INFO: [VRFC 10-8704] VHDL file 'C:/Users/Mateusz Kozlowski/Documents/zampf/ZAMFP/ZAMFP.srcs/sources_1/new/uart.vhd' is ignored due to errors
INFO: [USF-XSim-69] 'compile' step finished in '1' seconds
INFO: [USF-XSim-99] Step results log file:'C:/Users/Mateusz Kozlowski/Documents/zampf/ZAMFP/ZAMFP.sim/sim_1/behav/xsim/xvhdl.log'
ERROR: [USF-XSim-62] 'compile' step failed with error(s). Please check the Tcl console output or 'C:/Users/Mateusz Kozlowski/Documents/zampf/ZAMFP/ZAMFP.sim/sim_1/behav/xsim/xvhdl.log' file for more information.
ERROR: [Vivado 12-4473] Detected error while running simulation. Please correct the issue and retry this operation.
ERROR: [Common 17-39] 'launch_simulation' failed due to earlier errors.
ERROR: [Common 17-69] Command failed: ERROR: [Common 17-39] 'launch_simulation' failed due to earlier errors.

relaunch_sim
Command: launch_simulation -step compile -simset sim_1 -mode behavioral
INFO: [Vivado 12-12493] Simulation top is 'system_tb'
INFO: [Vivado 12-5682] Launching behavioral simulation in 'C:/Users/Mateusz Kozlowski/Documents/zampf/ZAMFP/ZAMFP.sim/sim_1/behav/xsim'
INFO: [SIM-utils-51] Simulation object is 'sim_1'
INFO: [USF-XSim-2] XSim::Compile design
INFO: [USF-XSim-61] Executing 'COMPILE and ANALYZE' step in 'C:/Users/Mateusz Kozlowski/Documents/zampf/ZAMFP/ZAMFP.sim/sim_1/behav/xsim'
"xvhdl --incr --relax -prj system_tb_vhdl.prj"
INFO: [VRFC 10-163] Analyzing VHDL file "C:/Users/Mateusz Kozlowski/Documents/zampf/ZAMFP/ZAMFP.srcs/sources_1/new/uart.vhd" into library xil_defaultlib
INFO: [VRFC 10-3107] analyzing entity 'uart'
INFO: [VRFC 10-163] Analyzing VHDL file "C:/Users/Mateusz Kozlowski/Documents/zampf/ZAMFP/ZAMFP.srcs/sources_1/new/top.vhd" into library xil_defaultlib
INFO: [VRFC 10-3107] analyzing entity 'system_rtl'
INFO: [VRFC 10-163] Analyzing VHDL file "C:/Users/Mateusz Kozlowski/Documents/zampf/ZAMFP/ZAMFP.srcs/system/new/system_tb.vhd" into library xil_defaultlib
INFO: [VRFC 10-3107] analyzing entity 'system_tb'
INFO: [USF-XSim-69] 'compile' step finished in '1' seconds
Command: launch_simulation -step elaborate -simset sim_1 -mode behavioral
INFO: [Vivado 12-12493] Simulation top is 'system_tb'
INFO: [Vivado 12-5682] Launching behavioral simulation in 'C:/Users/Mateusz Kozlowski/Documents/zampf/ZAMFP/ZAMFP.sim/sim_1/behav/xsim'
INFO: [SIM-utils-51] Simulation object is 'sim_1'
INFO: [USF-XSim-3] XSim::Elaborate design
INFO: [USF-XSim-61] Executing 'ELABORATE' step in 'C:/Users/Mateusz Kozlowski/Documents/zampf/ZAMFP/ZAMFP.sim/sim_1/behav/xsim'
"xelab --incr --debug typical --relax --mt 2 -L xil_defaultlib -L secureip --snapshot system_tb_behav xil_defaultlib.system_tb -log elaborate.log"
Vivado Simulator v2025.1.0
Copyright 1986-2022 Xilinx, Inc. All Rights Reserved.
Copyright 2022-2025 Advanced Micro Devices, Inc. All Rights Reserved.
Running: C:/Xilinx/2025.1/Vivado/bin/unwrapped/win64.o/xelab.exe --incr --debug typical --relax --mt 2 -L xil_defaultlib -L secureip --snapshot system_tb_behav xil_defaultlib.system_tb -log elaborate.log 
Using 2 slave threads.
Starting static elaboration
Completed static elaboration
Starting simulation data flow analysis
Completed simulation data flow analysis
Time Resolution for simulation is 1ps
Compiling package std.standard
Compiling package std.textio
Compiling package ieee.std_logic_1164
Compiling package ieee.std_logic_textio
Compiling package ieee.numeric_std
Compiling architecture behavioral of entity xil_defaultlib.ram [ram_default]
Compiling architecture rtl of entity xil_defaultlib.uart [uart_default]
Compiling architecture behavioral of entity xil_defaultlib.uart_ram_ctrl [uart_ram_ctrl_default]
Compiling architecture rtl of entity xil_defaultlib.system_rtl [system_rtl_default]
Compiling architecture sim of entity xil_defaultlib.system_tb
Built simulation snapshot system_tb_behav
INFO: [USF-XSim-69] 'elaborate' step finished in '1' seconds
Time resolution is 1 ps
Stopped at time : 0 fs : File "C:/Users/Mateusz Kozlowski/Documents/zampf/ZAMFP/ZAMFP.srcs/sources_1/new/uart.vhd" Line 64
relaunch_sim: Time (s): cpu = 00:00:00 ; elapsed = 00:00:05 . Memory (MB): peak = 3418.723 ; gain = 0.000
run all
Stopped at time : 0 fs : File "C:/Users/Mateusz Kozlowski/Documents/zampf/ZAMFP/ZAMFP.srcs/sources_1/new/uart.vhd" Line 64
run all
Stopped at time : 82670 ns : File "C:/Users/Mateusz Kozlowski/Documents/zampf/ZAMFP/ZAMFP.srcs/sources_1/new/uart.vhd" Line 64
run all

Stopped at time : 82690 ns : File "C:/Users/Mateusz Kozlowski/Documents/zampf/ZAMFP/ZAMFP.srcs/sources_1/new/uart.vhd" Line 64
run all
Stopped at time : 221550 ns : File "C:/Users/Mateusz Kozlowski/Documents/zampf/ZAMFP/ZAMFP.srcs/sources_1/new/uart.vhd" Line 64
run all


Stopped at time : 221570 ns : File "C:/Users/Mateusz Kozlowski/Documents/zampf/ZAMFP/ZAMFP.srcs/sources_1/new/uart.vhd" Line 64
run all
Stopped at time : 317030 ns : File "C:/Users/Mateusz Kozlowski/Documents/zampf/ZAMFP/ZAMFP.srcs/sources_1/new/uart.vhd" Line 64
run all
Stopped at time : 317050 ns : File "C:/Users/Mateusz Kozlowski/Documents/zampf/ZAMFP/ZAMFP.srcs/sources_1/new/uart.vhd" Line 64
run all
Stopped at time : 412510 ns : File "C:/Users/Mateusz Kozlowski/Documents/zampf/ZAMFP/ZAMFP.srcs/sources_1/new/uart.vhd" Line 64
run all
Stopped at time : 412530 ns : File "C:/Users/Mateusz Kozlowski/Documents/zampf/ZAMFP/ZAMFP.srcs/sources_1/new/uart.vhd" Line 64
run all
Stopped at time : 495070 ns : File "C:/Users/Mateusz Kozlowski/Documents/zampf/ZAMFP/ZAMFP.srcs/sources_1/new/uart.vhd" Line 64
run all
RESP WRITE PRE = 0x5A
Stopped at time : 495090 ns : File "C:/Users/Mateusz Kozlowski/Documents/zampf/ZAMFP/ZAMFP.srcs/sources_1/new/uart.vhd" Line 64
run all
Stopped at time : 581890 ns : File "C:/Users/Mateusz Kozlowski/Documents/zampf/ZAMFP/ZAMFP.srcs/sources_1/new/uart.vhd" Line 64
run all
RESP WRITE HDR = 0x61

Stopped at time : 581910 ns : File "C:/Users/Mateusz Kozlowski/Documents/zampf/ZAMFP/ZAMFP.srcs/sources_1/new/uart.vhd" Line 64
run all
Stopped at time : 668710 ns : File "C:/Users/Mateusz Kozlowski/Documents/zampf/ZAMFP/ZAMFP.srcs/sources_1/new/uart.vhd" Line 64
run all
RESP WRITE DATA = 0xA1
Stopped at time : 668730 ns : File "C:/Users/Mateusz Kozlowski/Documents/zampf/ZAMFP/ZAMFP.srcs/sources_1/new/uart.vhd" Line 64
run all
Stopped at time : 751190 ns : File "C:/Users/Mateusz Kozlowski/Documents/zampf/ZAMFP/ZAMFP.srcs/sources_1/new/uart.vhd" Line 64
run all


Stopped at time : 751210 ns : File "C:/Users/Mateusz Kozlowski/Documents/zampf/ZAMFP/ZAMFP.srcs/sources_1/new/uart.vhd" Line 64
run all
Stopped at time : 846670 ns : File "C:/Users/Mateusz Kozlowski/Documents/zampf/ZAMFP/ZAMFP.srcs/sources_1/new/uart.vhd" Line 64
run all
Stopped at time : 846690 ns : File "C:/Users/Mateusz Kozlowski/Documents/zampf/ZAMFP/ZAMFP.srcs/sources_1/new/uart.vhd" Line 64
relaunch_sim
WARNING: [filemgmt 56-199] Attempt to get parsing info during refresh. "On-the-fly" syntax checking information may be incorrect. [C:\Users\Mateusz Kozlowski\Documents\zampf\ZAMFP\ZAMFP.srcs\sources_1\new\uart.vhd:]
WARNING: [filemgmt 56-199] Attempt to get parsing info during refresh. "On-the-fly" syntax checking information may be incorrect. [C:\Users\Mateusz Kozlowski\Documents\zampf\ZAMFP\ZAMFP.srcs\sources_1\new\uart_ram_ctrl.vhd:]
WARNING: [filemgmt 56-199] Attempt to get parsing info during refresh. "On-the-fly" syntax checking information may be incorrect. [C:\Users\Mateusz Kozlowski\Documents\zampf\ZAMFP\ZAMFP.srcs\system\new\system_tb.vhd:]
WARNING: [filemgmt 56-199] Attempt to get parsing info during refresh. "On-the-fly" syntax checking information may be incorrect. [C:\Users\Mateusz Kozlowski\Documents\zampf\ZAMFP\ZAMFP.srcs\sources_1\new\uart.vhd:]
WARNING: [filemgmt 56-199] Attempt to get parsing info during refresh. "On-the-fly" syntax checking information may be incorrect. [C:\Users\Mateusz Kozlowski\Documents\zampf\ZAMFP\ZAMFP.srcs\sources_1\new\uart.vhd:]
Command: launch_simulation -step compile -simset sim_1 -mode behavioral
INFO: [Vivado 12-12493] Simulation top is 'system_tb'
ERROR: [Common 17-180] Spawn failed: Operacja ukonczona pomyslnie.

WARNING: [filemgmt 56-199] Attempt to get parsing info during refresh. "On-the-fly" syntax checking information may be incorrect. [C:\Users\Mateusz Kozlowski\Documents\zampf\ZAMFP\ZAMFP.srcs\sources_1\new\uart.vhd:]
WARNING: [filemgmt 56-199] Attempt to get parsing info during refresh. "On-the-fly" syntax checking information may be incorrect. [C:\Users\Mateusz Kozlowski\Documents\zampf\ZAMFP\ZAMFP.srcs\sources_1\new\uart_ram_ctrl.vhd:]
WARNING: [filemgmt 56-199] Attempt to get parsing info during refresh. "On-the-fly" syntax checking information may be incorrect. [C:\Users\Mateusz Kozlowski\Documents\zampf\ZAMFP\ZAMFP.srcs\system\new\system_tb.vhd:]
WARNING: [filemgmt 56-199] Attempt to get parsing info during refresh. "On-the-fly" syntax checking information may be incorrect. [C:\Users\Mateusz Kozlowski\Documents\zampf\ZAMFP\ZAMFP.srcs\system\new\system_tb.vhd:]
WARNING: [filemgmt 56-199] Attempt to get parsing info during refresh. "On-the-fly" syntax checking information may be incorrect. [C:\Users\Mateusz Kozlowski\Documents\zampf\ZAMFP\ZAMFP.srcs\system\new\system_tb.vhd:]
INFO: [Vivado 12-5682] Launching behavioral simulation in 'C:/Users/Mateusz Kozlowski/Documents/zampf/ZAMFP/ZAMFP.sim/sim_1/behav/xsim'
INFO: [SIM-utils-51] Simulation object is 'sim_1'
INFO: [USF-XSim-2] XSim::Compile design
INFO: [USF-XSim-61] Executing 'COMPILE and ANALYZE' step in 'C:/Users/Mateusz Kozlowski/Documents/zampf/ZAMFP/ZAMFP.sim/sim_1/behav/xsim'
"xvhdl --incr --relax -prj system_tb_vhdl.prj"
INFO: [VRFC 10-163] Analyzing VHDL file "C:/Users/Mateusz Kozlowski/Documents/zampf/ZAMFP/ZAMFP.srcs/sources_1/new/uart.vhd" into library xil_defaultlib
INFO: [VRFC 10-3107] analyzing entity 'uart'
INFO: [VRFC 10-163] Analyzing VHDL file "C:/Users/Mateusz Kozlowski/Documents/zampf/ZAMFP/ZAMFP.srcs/sources_1/new/top.vhd" into library xil_defaultlib
INFO: [VRFC 10-3107] analyzing entity 'system_rtl'
INFO: [VRFC 10-163] Analyzing VHDL file "C:/Users/Mateusz Kozlowski/Documents/zampf/ZAMFP/ZAMFP.srcs/system/new/system_tb.vhd" into library xil_defaultlib
INFO: [VRFC 10-3107] analyzing entity 'system_tb'
INFO: [USF-XSim-69] 'compile' step finished in '1' seconds
ERROR: [Common 17-39] 'launch_simulation' failed due to earlier errors.
ERROR: [Common 17-69] Command failed: ERROR: [Common 17-39] 'launch_simulation' failed due to earlier errors.

relaunch_sim
Command: launch_simulation -step compile -simset sim_1 -mode behavioral
INFO: [Vivado 12-12493] Simulation top is 'system_tb'
INFO: [Vivado 12-5682] Launching behavioral simulation in 'C:/Users/Mateusz Kozlowski/Documents/zampf/ZAMFP/ZAMFP.sim/sim_1/behav/xsim'
INFO: [SIM-utils-51] Simulation object is 'sim_1'
INFO: [USF-XSim-2] XSim::Compile design
INFO: [USF-XSim-61] Executing 'COMPILE and ANALYZE' step in 'C:/Users/Mateusz Kozlowski/Documents/zampf/ZAMFP/ZAMFP.sim/sim_1/behav/xsim'
"xvhdl --incr --relax -prj system_tb_vhdl.prj"
INFO: [USF-XSim-69] 'compile' step finished in '1' seconds
Command: launch_simulation -step elaborate -simset sim_1 -mode behavioral
INFO: [Vivado 12-12493] Simulation top is 'system_tb'
INFO: [Vivado 12-5682] Launching behavioral simulation in 'C:/Users/Mateusz Kozlowski/Documents/zampf/ZAMFP/ZAMFP.sim/sim_1/behav/xsim'
INFO: [SIM-utils-51] Simulation object is 'sim_1'
INFO: [USF-XSim-3] XSim::Elaborate design
INFO: [USF-XSim-61] Executing 'ELABORATE' step in 'C:/Users/Mateusz Kozlowski/Documents/zampf/ZAMFP/ZAMFP.sim/sim_1/behav/xsim'
"xelab --incr --debug typical --relax --mt 2 -L xil_defaultlib -L secureip --snapshot system_tb_behav xil_defaultlib.system_tb -log elaborate.log"
Vivado Simulator v2025.1.0
Copyright 1986-2022 Xilinx, Inc. All Rights Reserved.
Copyright 2022-2025 Advanced Micro Devices, Inc. All Rights Reserved.
Running: C:/Xilinx/2025.1/Vivado/bin/unwrapped/win64.o/xelab.exe --incr --debug typical --relax --mt 2 -L xil_defaultlib -L secureip --snapshot system_tb_behav xil_defaultlib.system_tb -log elaborate.log 
Using 2 slave threads.
Starting static elaboration
Completed static elaboration
Starting simulation data flow analysis
Completed simulation data flow analysis
Time Resolution for simulation is 1ps
Compiling package std.standard
Compiling package std.textio
Compiling package ieee.std_logic_1164
Compiling package ieee.std_logic_textio
Compiling package ieee.numeric_std
Compiling architecture behavioral of entity xil_defaultlib.ram [ram_default]
Compiling architecture rtl of entity xil_defaultlib.uart [uart_default]
Compiling architecture behavioral of entity xil_defaultlib.uart_ram_ctrl [uart_ram_ctrl_default]
Compiling architecture rtl of entity xil_defaultlib.system_rtl [system_rtl_default]
Compiling architecture sim of entity xil_defaultlib.system_tb
Built simulation snapshot system_tb_behav
INFO: [USF-XSim-69] 'elaborate' step finished in '1' seconds
Time resolution is 1 ps
Stopped at time : 0 fs : File "C:/Users/Mateusz Kozlowski/Documents/zampf/ZAMFP/ZAMFP.srcs/sources_1/new/uart.vhd" Line 64
run all
Stopped at time : 0 fs : File "C:/Users/Mateusz Kozlowski/Documents/zampf/ZAMFP/ZAMFP.srcs/sources_1/new/uart.vhd" Line 64
run all
Stopped at time : 82490 ns : File "C:/Users/Mateusz Kozlowski/Documents/zampf/ZAMFP/ZAMFP.srcs/sources_1/new/uart.vhd" Line 64
run all

Stopped at time : 82510 ns : File "C:/Users/Mateusz Kozlowski/Documents/zampf/ZAMFP/ZAMFP.srcs/sources_1/new/uart.vhd" Line 64
run all
Stopped at time : 221370 ns : File "C:/Users/Mateusz Kozlowski/Documents/zampf/ZAMFP/ZAMFP.srcs/sources_1/new/uart.vhd" Line 64
run all


Stopped at time : 221390 ns : File "C:/Users/Mateusz Kozlowski/Documents/zampf/ZAMFP/ZAMFP.srcs/sources_1/new/uart.vhd" Line 64
run all
Stopped at time : 316850 ns : File "C:/Users/Mateusz Kozlowski/Documents/zampf/ZAMFP/ZAMFP.srcs/sources_1/new/uart.vhd" Line 64
run all
Stopped at time : 316870 ns : File "C:/Users/Mateusz Kozlowski/Documents/zampf/ZAMFP/ZAMFP.srcs/sources_1/new/uart.vhd" Line 64
run all
Stopped at time : 412330 ns : File "C:/Users/Mateusz Kozlowski/Documents/zampf/ZAMFP/ZAMFP.srcs/sources_1/new/uart.vhd" Line 64
run all
Stopped at time : 412350 ns : File "C:/Users/Mateusz Kozlowski/Documents/zampf/ZAMFP/ZAMFP.srcs/sources_1/new/uart.vhd" Line 64
run all
Stopped at time : 563850 ns : File "C:/Users/Mateusz Kozlowski/Documents/zampf/ZAMFP/ZAMFP.srcs/sources_1/new/uart.vhd" Line 64
run all
RESP WRITE PRE = 0x3C
Stopped at time : 563870 ns : File "C:/Users/Mateusz Kozlowski/Documents/zampf/ZAMFP/ZAMFP.srcs/sources_1/new/uart.vhd" Line 64
run all
Stopped at time : 732690 ns : File "C:/Users/Mateusz Kozlowski/Documents/zampf/ZAMFP/ZAMFP.srcs/sources_1/new/uart.vhd" Line 64
run all
RESP WRITE HDR = 0xF8

Stopped at time : 732710 ns : File "C:/Users/Mateusz Kozlowski/Documents/zampf/ZAMFP/ZAMFP.srcs/sources_1/new/uart.vhd" Line 64
run all
relaunch_sim
WARNING: [filemgmt 56-199] Attempt to get parsing info during refresh. "On-the-fly" syntax checking information may be incorrect. [C:\Users\Mateusz Kozlowski\Documents\zampf\ZAMFP\ZAMFP.srcs\sources_1\new\uart.vhd:]
WARNING: [filemgmt 56-199] Attempt to get parsing info during refresh. "On-the-fly" syntax checking information may be incorrect. [C:\Users\Mateusz Kozlowski\Documents\zampf\ZAMFP\ZAMFP.srcs\sources_1\new\uart_ram_ctrl.vhd:]
WARNING: [filemgmt 56-199] Attempt to get parsing info during refresh. "On-the-fly" syntax checking information may be incorrect. [C:\Users\Mateusz Kozlowski\Documents\zampf\ZAMFP\ZAMFP.srcs\system\new\system_tb.vhd:]
WARNING: [filemgmt 56-199] Attempt to get parsing info during refresh. "On-the-fly" syntax checking information may be incorrect. [C:\Users\Mateusz Kozlowski\Documents\zampf\ZAMFP\ZAMFP.srcs\system\new\system_tb.vhd:]
WARNING: [filemgmt 56-199] Attempt to get parsing info during refresh. "On-the-fly" syntax checking information may be incorrect. [C:\Users\Mateusz Kozlowski\Documents\zampf\ZAMFP\ZAMFP.srcs\system\new\system_tb.vhd:]
Command: launch_simulation -step compile -simset sim_1 -mode behavioral
INFO: [Vivado 12-12493] Simulation top is 'system_tb'
WARNING: [filemgmt 56-199] Attempt to get parsing info during refresh. "On-the-fly" syntax checking information may be incorrect. [C:\Users\Mateusz Kozlowski\Documents\zampf\ZAMFP\ZAMFP.srcs\sources_1\new\uart.vhd:]
WARNING: [filemgmt 56-199] Attempt to get parsing info during refresh. "On-the-fly" syntax checking information may be incorrect. [C:\Users\Mateusz Kozlowski\Documents\zampf\ZAMFP\ZAMFP.srcs\sources_1\new\uart_ram_ctrl.vhd:]
WARNING: [filemgmt 56-199] Attempt to get parsing info during refresh. "On-the-fly" syntax checking information may be incorrect. [C:\Users\Mateusz Kozlowski\Documents\zampf\ZAMFP\ZAMFP.srcs\system\new\system_tb.vhd:]
WARNING: [filemgmt 56-199] Attempt to get parsing info during refresh. "On-the-fly" syntax checking information may be incorrect. [C:\Users\Mateusz Kozlowski\Documents\zampf\ZAMFP\ZAMFP.srcs\sources_1\new\uart_ram_ctrl.vhd:]
WARNING: [filemgmt 56-199] Attempt to get parsing info during refresh. "On-the-fly" syntax checking information may be incorrect. [C:\Users\Mateusz Kozlowski\Documents\zampf\ZAMFP\ZAMFP.srcs\sources_1\new\uart_ram_ctrl.vhd:]
INFO: [Vivado 12-5682] Launching behavioral simulation in 'C:/Users/Mateusz Kozlowski/Documents/zampf/ZAMFP/ZAMFP.sim/sim_1/behav/xsim'
INFO: [SIM-utils-51] Simulation object is 'sim_1'
INFO: [USF-XSim-2] XSim::Compile design
INFO: [USF-XSim-61] Executing 'COMPILE and ANALYZE' step in 'C:/Users/Mateusz Kozlowski/Documents/zampf/ZAMFP/ZAMFP.sim/sim_1/behav/xsim'
"xvhdl --incr --relax -prj system_tb_vhdl.prj"
INFO: [VRFC 10-163] Analyzing VHDL file "C:/Users/Mateusz Kozlowski/Documents/zampf/ZAMFP/ZAMFP.srcs/sources_1/new/uart.vhd" into library xil_defaultlib
INFO: [VRFC 10-3107] analyzing entity 'uart'
INFO: [VRFC 10-163] Analyzing VHDL file "C:/Users/Mateusz Kozlowski/Documents/zampf/ZAMFP/ZAMFP.srcs/sources_1/new/top.vhd" into library xil_defaultlib
INFO: [VRFC 10-3107] analyzing entity 'system_rtl'
INFO: [VRFC 10-163] Analyzing VHDL file "C:/Users/Mateusz Kozlowski/Documents/zampf/ZAMFP/ZAMFP.srcs/system/new/system_tb.vhd" into library xil_defaultlib
INFO: [VRFC 10-3107] analyzing entity 'system_tb'
INFO: [USF-XSim-69] 'compile' step finished in '1' seconds
Command: launch_simulation -step elaborate -simset sim_1 -mode behavioral
INFO: [Vivado 12-12493] Simulation top is 'system_tb'
INFO: [Vivado 12-5682] Launching behavioral simulation in 'C:/Users/Mateusz Kozlowski/Documents/zampf/ZAMFP/ZAMFP.sim/sim_1/behav/xsim'
INFO: [SIM-utils-51] Simulation object is 'sim_1'
INFO: [USF-XSim-3] XSim::Elaborate design
INFO: [USF-XSim-61] Executing 'ELABORATE' step in 'C:/Users/Mateusz Kozlowski/Documents/zampf/ZAMFP/ZAMFP.sim/sim_1/behav/xsim'
"xelab --incr --debug typical --relax --mt 2 -L xil_defaultlib -L secureip --snapshot system_tb_behav xil_defaultlib.system_tb -log elaborate.log"
Vivado Simulator v2025.1.0
Copyright 1986-2022 Xilinx, Inc. All Rights Reserved.
Copyright 2022-2025 Advanced Micro Devices, Inc. All Rights Reserved.
Running: C:/Xilinx/2025.1/Vivado/bin/unwrapped/win64.o/xelab.exe --incr --debug typical --relax --mt 2 -L xil_defaultlib -L secureip --snapshot system_tb_behav xil_defaultlib.system_tb -log elaborate.log 
Using 2 slave threads.
Starting static elaboration
Completed static elaboration
Starting simulation data flow analysis
Completed simulation data flow analysis
Time Resolution for simulation is 1ps
Compiling package std.standard
Compiling package std.textio
Compiling package ieee.std_logic_1164
Compiling package ieee.std_logic_textio
Compiling package ieee.numeric_std
Compiling architecture behavioral of entity xil_defaultlib.ram [ram_default]
Compiling architecture rtl of entity xil_defaultlib.uart [uart_default]
Compiling architecture behavioral of entity xil_defaultlib.uart_ram_ctrl [uart_ram_ctrl_default]
Compiling architecture rtl of entity xil_defaultlib.system_rtl [system_rtl_default]
Compiling architecture sim of entity xil_defaultlib.system_tb
Built simulation snapshot system_tb_behav
INFO: [USF-XSim-69] 'elaborate' step finished in '1' seconds
Time resolution is 1 ps
Stopped at time : 0 fs : File "C:/Users/Mateusz Kozlowski/Documents/zampf/ZAMFP/ZAMFP.srcs/sources_1/new/uart.vhd" Line 64
relaunch_sim: Time (s): cpu = 00:00:01 ; elapsed = 00:00:06 . Memory (MB): peak = 3418.723 ; gain = 0.000
run all
Stopped at time : 0 fs : File "C:/Users/Mateusz Kozlowski/Documents/zampf/ZAMFP/ZAMFP.srcs/sources_1/new/uart.vhd" Line 64
run all
Stopped at time : 82670 ns : File "C:/Users/Mateusz Kozlowski/Documents/zampf/ZAMFP/ZAMFP.srcs/sources_1/new/uart.vhd" Line 64
run all

Stopped at time : 82690 ns : File "C:/Users/Mateusz Kozlowski/Documents/zampf/ZAMFP/ZAMFP.srcs/sources_1/new/uart.vhd" Line 64
run all
Stopped at time : 221550 ns : File "C:/Users/Mateusz Kozlowski/Documents/zampf/ZAMFP/ZAMFP.srcs/sources_1/new/uart.vhd" Line 64
run all


Stopped at time : 221570 ns : File "C:/Users/Mateusz Kozlowski/Documents/zampf/ZAMFP/ZAMFP.srcs/sources_1/new/uart.vhd" Line 64
run all
Stopped at time : 317030 ns : File "C:/Users/Mateusz Kozlowski/Documents/zampf/ZAMFP/ZAMFP.srcs/sources_1/new/uart.vhd" Line 64
run all
Stopped at time : 317050 ns : File "C:/Users/Mateusz Kozlowski/Documents/zampf/ZAMFP/ZAMFP.srcs/sources_1/new/uart.vhd" Line 64
run all
Stopped at time : 412510 ns : File "C:/Users/Mateusz Kozlowski/Documents/zampf/ZAMFP/ZAMFP.srcs/sources_1/new/uart.vhd" Line 64
run all
Stopped at time : 412530 ns : File "C:/Users/Mateusz Kozlowski/Documents/zampf/ZAMFP/ZAMFP.srcs/sources_1/new/uart.vhd" Line 64
run all
Stopped at time : 495070 ns : File "C:/Users/Mateusz Kozlowski/Documents/zampf/ZAMFP/ZAMFP.srcs/sources_1/new/uart.vhd" Line 64
run all
RESP WRITE PRE = 0x5A
Stopped at time : 495090 ns : File "C:/Users/Mateusz Kozlowski/Documents/zampf/ZAMFP/ZAMFP.srcs/sources_1/new/uart.vhd" Line 64
run all
Stopped at time : 581890 ns : File "C:/Users/Mateusz Kozlowski/Documents/zampf/ZAMFP/ZAMFP.srcs/sources_1/new/uart.vhd" Line 64
run all
RESP WRITE HDR = 0x61

Stopped at time : 581910 ns : File "C:/Users/Mateusz Kozlowski/Documents/zampf/ZAMFP/ZAMFP.srcs/sources_1/new/uart.vhd" Line 64
run all
Stopped at time : 668710 ns : File "C:/Users/Mateusz Kozlowski/Documents/zampf/ZAMFP/ZAMFP.srcs/sources_1/new/uart.vhd" Line 64
run all
RESP WRITE DATA = 0xA1
Stopped at time : 668730 ns : File "C:/Users/Mateusz Kozlowski/Documents/zampf/ZAMFP/ZAMFP.srcs/sources_1/new/uart.vhd" Line 64
run all
Stopped at time : 751190 ns : File "C:/Users/Mateusz Kozlowski/Documents/zampf/ZAMFP/ZAMFP.srcs/sources_1/new/uart.vhd" Line 64
run all


Stopped at time : 751210 ns : File "C:/Users/Mateusz Kozlowski/Documents/zampf/ZAMFP/ZAMFP.srcs/sources_1/new/uart.vhd" Line 64
run all
Stopped at time : 846670 ns : File "C:/Users/Mateusz Kozlowski/Documents/zampf/ZAMFP/ZAMFP.srcs/sources_1/new/uart.vhd" Line 64
run all
Stopped at time : 846690 ns : File "C:/Users/Mateusz Kozlowski/Documents/zampf/ZAMFP/ZAMFP.srcs/sources_1/new/uart.vhd" Line 64
run all
Stopped at time : 942150 ns : File "C:/Users/Mateusz Kozlowski/Documents/zampf/ZAMFP/ZAMFP.srcs/sources_1/new/uart.vhd" Line 64
run all
Stopped at time : 942170 ns : File "C:/Users/Mateusz Kozlowski/Documents/zampf/ZAMFP/ZAMFP.srcs/sources_1/new/uart.vhd" Line 64
run all
Stopped at time : 1024750 ns : File "C:/Users/Mateusz Kozlowski/Documents/zampf/ZAMFP/ZAMFP.srcs/sources_1/new/uart.vhd" Line 64
run all
RESP READ PRE = 0x5A
Stopped at time : 1024770 ns : File "C:/Users/Mateusz Kozlowski/Documents/zampf/ZAMFP/ZAMFP.srcs/sources_1/new/uart.vhd" Line 64
run all
Stopped at time : 1111570 ns : File "C:/Users/Mateusz Kozlowski/Documents/zampf/ZAMFP/ZAMFP.srcs/sources_1/new/uart.vhd" Line 64
run all
RESP READ HDR = 0xE1
Stopped at time : 1111590 ns : File "C:/Users/Mateusz Kozlowski/Documents/zampf/ZAMFP/ZAMFP.srcs/sources_1/new/uart.vhd" Line 64
run all
Stopped at time : 1198390 ns : File "C:/Users/Mateusz Kozlowski/Documents/zampf/ZAMFP/ZAMFP.srcs/sources_1/new/uart.vhd" Line 64
run all
RESP READ DATA = 0xA1
0
Stopped at time : 1198410 ns : File "C:/Users/Mateusz Kozlowski/Documents/zampf/ZAMFP/ZAMFP.srcs/sources_1/new/uart.vhd" Line 64
run all
Stopped at time : 1454470 ns : File "C:/Users/Mateusz Kozlowski/Documents/zampf/ZAMFP/ZAMFP.srcs/sources_1/new/uart.vhd" Line 64
run all


Stopped at time : 1454490 ns : File "C:/Users/Mateusz Kozlowski/Documents/zampf/ZAMFP/ZAMFP.srcs/sources_1/new/uart.vhd" Line 64
run all
Stopped at time : 1549950 ns : File "C:/Users/Mateusz Kozlowski/Documents/zampf/ZAMFP/ZAMFP.srcs/sources_1/new/uart.vhd" Line 64
run all
Stopped at time : 1549970 ns : File "C:/Users/Mateusz Kozlowski/Documents/zampf/ZAMFP/ZAMFP.srcs/sources_1/new/uart.vhd" Line 64
run all
Stopped at time : 1645430 ns : File "C:/Users/Mateusz Kozlowski/Documents/zampf/ZAMFP/ZAMFP.srcs/sources_1/new/uart.vhd" Line 64
run all
Stopped at time : 1645450 ns : File "C:/Users/Mateusz Kozlowski/Documents/zampf/ZAMFP/ZAMFP.srcs/sources_1/new/uart.vhd" Line 64
run all
Stopped at time : 1727990 ns : File "C:/Users/Mateusz Kozlowski/Documents/zampf/ZAMFP/ZAMFP.srcs/sources_1/new/uart.vhd" Line 64
run all
RESP WRITE PRE = 0x5A
Stopped at time : 1728010 ns : File "C:/Users/Mateusz Kozlowski/Documents/zampf/ZAMFP/ZAMFP.srcs/sources_1/new/uart.vhd" Line 64
run all
Stopped at time : 1814810 ns : File "C:/Users/Mateusz Kozlowski/Documents/zampf/ZAMFP/ZAMFP.srcs/sources_1/new/uart.vhd" Line 64
run all
RESP WRITE HDR = 0x00
Stopped at time : 1814830 ns : File "C:/Users/Mateusz Kozlowski/Documents/zampf/ZAMFP/ZAMFP.srcs/sources_1/new/uart.vhd" Line 64
run all
Stopped at time : 1901630 ns : File "C:/Users/Mateusz Kozlowski/Documents/zampf/ZAMFP/ZAMFP.srcs/sources_1/new/uart.vhd" Line 64
run all
RESP WRITE DATA = 0x00
Stopped at time : 1901650 ns : File "C:/Users/Mateusz Kozlowski/Documents/zampf/ZAMFP/ZAMFP.srcs/sources_1/new/uart.vhd" Line 64
run all
Stopped at time : 1984110 ns : File "C:/Users/Mateusz Kozlowski/Documents/zampf/ZAMFP/ZAMFP.srcs/sources_1/new/uart.vhd" Line 64
run all


Stopped at time : 1984130 ns : File "C:/Users/Mateusz Kozlowski/Documents/zampf/ZAMFP/ZAMFP.srcs/sources_1/new/uart.vhd" Line 64
run all
Stopped at time : 2079590 ns : File "C:/Users/Mateusz Kozlowski/Documents/zampf/ZAMFP/ZAMFP.srcs/sources_1/new/uart.vhd" Line 64
run all
Stopped at time : 2079610 ns : File "C:/Users/Mateusz Kozlowski/Documents/zampf/ZAMFP/ZAMFP.srcs/sources_1/new/uart.vhd" Line 64
run all
Stopped at time : 2175070 ns : File "C:/Users/Mateusz Kozlowski/Documents/zampf/ZAMFP/ZAMFP.srcs/sources_1/new/uart.vhd" Line 64
run all
Stopped at time : 2175090 ns : File "C:/Users/Mateusz Kozlowski/Documents/zampf/ZAMFP/ZAMFP.srcs/sources_1/new/uart.vhd" Line 64
run all
Stopped at time : 2257670 ns : File "C:/Users/Mateusz Kozlowski/Documents/zampf/ZAMFP/ZAMFP.srcs/sources_1/new/uart.vhd" Line 64
run all
RESP READ PRE = 0x5A
Stopped at time : 2257690 ns : File "C:/Users/Mateusz Kozlowski/Documents/zampf/ZAMFP/ZAMFP.srcs/sources_1/new/uart.vhd" Line 64
run all
Stopped at time : 2344490 ns : File "C:/Users/Mateusz Kozlowski/Documents/zampf/ZAMFP/ZAMFP.srcs/sources_1/new/uart.vhd" Line 64
run all
RESP READ HDR = 0x80
Stopped at time : 2344510 ns : File "C:/Users/Mateusz Kozlowski/Documents/zampf/ZAMFP/ZAMFP.srcs/sources_1/new/uart.vhd" Line 64
run all
Stopped at time : 2431310 ns : File "C:/Users/Mateusz Kozlowski/Documents/zampf/ZAMFP/ZAMFP.srcs/sources_1/new/uart.vhd" Line 64
run all
RESP READ DATA = 0x00
1
Stopped at time : 2431330 ns : File "C:/Users/Mateusz Kozlowski/Documents/zampf/ZAMFP/ZAMFP.srcs/sources_1/new/uart.vhd" Line 64
run all
Stopped at time : 2687390 ns : File "C:/Users/Mateusz Kozlowski/Documents/zampf/ZAMFP/ZAMFP.srcs/sources_1/new/uart.vhd" Line 64
WARNING: [filemgmt 56-199] Attempt to get parsing info during refresh. "On-the-fly" syntax checking information may be incorrect. [C:\Users\Mateusz Kozlowski\Documents\zampf\ZAMFP\ZAMFP.srcs\sources_1\new\uart.vhd:]
WARNING: [filemgmt 56-199] Attempt to get parsing info during refresh. "On-the-fly" syntax checking information may be incorrect. [C:\Users\Mateusz Kozlowski\Documents\zampf\ZAMFP\ZAMFP.srcs\sources_1\new\uart_ram_ctrl.vhd:]
WARNING: [filemgmt 56-199] Attempt to get parsing info during refresh. "On-the-fly" syntax checking information may be incorrect. [C:\Users\Mateusz Kozlowski\Documents\zampf\ZAMFP\ZAMFP.srcs\system\new\system_tb.vhd:]
WARNING: [filemgmt 56-199] Attempt to get parsing info during refresh. "On-the-fly" syntax checking information may be incorrect. [C:\Users\Mateusz Kozlowski\Documents\zampf\ZAMFP\ZAMFP.srcs\system\new\system_tb.vhd:]
WARNING: [filemgmt 56-199] Attempt to get parsing info during refresh. "On-the-fly" syntax checking information may be incorrect. [C:\Users\Mateusz Kozlowski\Documents\zampf\ZAMFP\ZAMFP.srcs\system\new\system_tb.vhd:]
WARNING: [filemgmt 56-199] Attempt to get parsing info during refresh. "On-the-fly" syntax checking information may be incorrect. [C:\Users\Mateusz Kozlowski\Documents\zampf\ZAMFP\ZAMFP.srcs\sources_1\new\uart.vhd:]
WARNING: [filemgmt 56-199] Attempt to get parsing info during refresh. "On-the-fly" syntax checking information may be incorrect. [C:\Users\Mateusz Kozlowski\Documents\zampf\ZAMFP\ZAMFP.srcs\sources_1\new\uart_ram_ctrl.vhd:]
WARNING: [filemgmt 56-199] Attempt to get parsing info during refresh. "On-the-fly" syntax checking information may be incorrect. [C:\Users\Mateusz Kozlowski\Documents\zampf\ZAMFP\ZAMFP.srcs\system\new\system_tb.vhd:]
WARNING: [filemgmt 56-199] Attempt to get parsing info during refresh. "On-the-fly" syntax checking information may be incorrect. [C:\Users\Mateusz Kozlowski\Documents\zampf\ZAMFP\ZAMFP.srcs\sources_1\new\uart_ram_ctrl.vhd:]
WARNING: [filemgmt 56-199] Attempt to get parsing info during refresh. "On-the-fly" syntax checking information may be incorrect. [C:\Users\Mateusz Kozlowski\Documents\zampf\ZAMFP\ZAMFP.srcs\sources_1\new\uart_ram_ctrl.vhd:]
ERROR: [Common 17-180] Spawn failed: Operacja ukonczona pomyslnie.

relaunch_sim
Command: launch_simulation -step compile -simset sim_1 -mode behavioral
INFO: [Vivado 12-12493] Simulation top is 'system_tb'
INFO: [Vivado 12-5682] Launching behavioral simulation in 'C:/Users/Mateusz Kozlowski/Documents/zampf/ZAMFP/ZAMFP.sim/sim_1/behav/xsim'
INFO: [SIM-utils-51] Simulation object is 'sim_1'
INFO: [USF-XSim-2] XSim::Compile design
INFO: [USF-XSim-61] Executing 'COMPILE and ANALYZE' step in 'C:/Users/Mateusz Kozlowski/Documents/zampf/ZAMFP/ZAMFP.sim/sim_1/behav/xsim'
"xvhdl --incr --relax -prj system_tb_vhdl.prj"
INFO: [VRFC 10-163] Analyzing VHDL file "C:/Users/Mateusz Kozlowski/Documents/zampf/ZAMFP/ZAMFP.srcs/system/new/system_tb.vhd" into library xil_defaultlib
INFO: [VRFC 10-3107] analyzing entity 'system_tb'
INFO: [USF-XSim-69] 'compile' step finished in '1' seconds
Command: launch_simulation -step elaborate -simset sim_1 -mode behavioral
INFO: [Vivado 12-12493] Simulation top is 'system_tb'
INFO: [Vivado 12-5682] Launching behavioral simulation in 'C:/Users/Mateusz Kozlowski/Documents/zampf/ZAMFP/ZAMFP.sim/sim_1/behav/xsim'
INFO: [SIM-utils-51] Simulation object is 'sim_1'
INFO: [USF-XSim-3] XSim::Elaborate design
INFO: [USF-XSim-61] Executing 'ELABORATE' step in 'C:/Users/Mateusz Kozlowski/Documents/zampf/ZAMFP/ZAMFP.sim/sim_1/behav/xsim'
"xelab --incr --debug typical --relax --mt 2 -L xil_defaultlib -L secureip --snapshot system_tb_behav xil_defaultlib.system_tb -log elaborate.log"
Vivado Simulator v2025.1.0
Copyright 1986-2022 Xilinx, Inc. All Rights Reserved.
Copyright 2022-2025 Advanced Micro Devices, Inc. All Rights Reserved.
Running: C:/Xilinx/2025.1/Vivado/bin/unwrapped/win64.o/xelab.exe --incr --debug typical --relax --mt 2 -L xil_defaultlib -L secureip --snapshot system_tb_behav xil_defaultlib.system_tb -log elaborate.log 
Using 2 slave threads.
Starting static elaboration
Completed static elaboration
Starting simulation data flow analysis
Completed simulation data flow analysis
Time Resolution for simulation is 1ps
Compiling package std.standard
Compiling package std.textio
Compiling package ieee.std_logic_1164
Compiling package ieee.std_logic_textio
Compiling package ieee.numeric_std
Compiling architecture behavioral of entity xil_defaultlib.ram [ram_default]
Compiling architecture rtl of entity xil_defaultlib.uart [uart_default]
Compiling architecture behavioral of entity xil_defaultlib.uart_ram_ctrl [uart_ram_ctrl_default]
Compiling architecture rtl of entity xil_defaultlib.system_rtl [system_rtl_default]
Compiling architecture rtl of entity xil_defaultlib.uart [\uart(baud=9600)\]
Compiling architecture sim of entity xil_defaultlib.system_tb
Built simulation snapshot system_tb_behav
INFO: [USF-XSim-69] 'elaborate' step finished in '1' seconds
Time resolution is 1 ps
Stopped at time : 0 fs : File "C:/Users/Mateusz Kozlowski/Documents/zampf/ZAMFP/ZAMFP.srcs/sources_1/new/uart.vhd" Line 64
relaunch_sim
Command: launch_simulation -step compile -simset sim_1 -mode behavioral
INFO: [Vivado 12-12493] Simulation top is 'system_tb'
INFO: [Vivado 12-5682] Launching behavioral simulation in 'C:/Users/Mateusz Kozlowski/Documents/zampf/ZAMFP/ZAMFP.sim/sim_1/behav/xsim'
INFO: [SIM-utils-51] Simulation object is 'sim_1'
INFO: [USF-XSim-2] XSim::Compile design
INFO: [USF-XSim-61] Executing 'COMPILE and ANALYZE' step in 'C:/Users/Mateusz Kozlowski/Documents/zampf/ZAMFP/ZAMFP.sim/sim_1/behav/xsim'
"xvhdl --incr --relax -prj system_tb_vhdl.prj"
INFO: [USF-XSim-69] 'compile' step finished in '1' seconds
Command: launch_simulation -step elaborate -simset sim_1 -mode behavioral
INFO: [Vivado 12-12493] Simulation top is 'system_tb'
INFO: [Vivado 12-5682] Launching behavioral simulation in 'C:/Users/Mateusz Kozlowski/Documents/zampf/ZAMFP/ZAMFP.sim/sim_1/behav/xsim'
INFO: [SIM-utils-51] Simulation object is 'sim_1'
INFO: [USF-XSim-3] XSim::Elaborate design
INFO: [USF-XSim-61] Executing 'ELABORATE' step in 'C:/Users/Mateusz Kozlowski/Documents/zampf/ZAMFP/ZAMFP.sim/sim_1/behav/xsim'
"xelab --incr --debug typical --relax --mt 2 -L xil_defaultlib -L secureip --snapshot system_tb_behav xil_defaultlib.system_tb -log elaborate.log"
Vivado Simulator v2025.1.0
Copyright 1986-2022 Xilinx, Inc. All Rights Reserved.
Copyright 2022-2025 Advanced Micro Devices, Inc. All Rights Reserved.
Running: C:/Xilinx/2025.1/Vivado/bin/unwrapped/win64.o/xelab.exe --incr --debug typical --relax --mt 2 -L xil_defaultlib -L secureip --snapshot system_tb_behav xil_defaultlib.system_tb -log elaborate.log 
Using 2 slave threads.
Starting static elaboration
Completed static elaboration
INFO: [XSIM 43-4323] No Change in HDL. Linking previously generated obj files to create kernel
INFO: [USF-XSim-69] 'elaborate' step finished in '1' seconds
Time resolution is 1 ps
Stopped at time : 0 fs : File "C:/Users/Mateusz Kozlowski/Documents/zampf/ZAMFP/ZAMFP.srcs/sources_1/new/uart.vhd" Line 64
run all
Stopped at time : 0 fs : File "C:/Users/Mateusz Kozlowski/Documents/zampf/ZAMFP/ZAMFP.srcs/sources_1/new/uart.vhd" Line 64
run all
Stopped at time : 82670 ns : File "C:/Users/Mateusz Kozlowski/Documents/zampf/ZAMFP/ZAMFP.srcs/sources_1/new/uart.vhd" Line 64
run all

Stopped at time : 82690 ns : File "C:/Users/Mateusz Kozlowski/Documents/zampf/ZAMFP/ZAMFP.srcs/sources_1/new/uart.vhd" Line 64
run all
Stopped at time : 165150 ns : File "C:/Users/Mateusz Kozlowski/Documents/zampf/ZAMFP/ZAMFP.srcs/sources_1/new/uart.vhd" Line 64
run all

Stopped at time : 165170 ns : File "C:/Users/Mateusz Kozlowski/Documents/zampf/ZAMFP/ZAMFP.srcs/sources_1/new/uart.vhd" Line 64
run all
Stopped at time : 290990 ns : File "C:/Users/Mateusz Kozlowski/Documents/zampf/ZAMFP/ZAMFP.srcs/sources_1/new/uart.vhd" Line 64
run all

Stopped at time : 291010 ns : File "C:/Users/Mateusz Kozlowski/Documents/zampf/ZAMFP/ZAMFP.srcs/sources_1/new/uart.vhd" Line 64
run all
Stopped at time : 373470 ns : File "C:/Users/Mateusz Kozlowski/Documents/zampf/ZAMFP/ZAMFP.srcs/sources_1/new/uart.vhd" Line 64
run all

Stopped at time : 373490 ns : File "C:/Users/Mateusz Kozlowski/Documents/zampf/ZAMFP/ZAMFP.srcs/sources_1/new/uart.vhd" Line 64
run all
Stopped at time : 499310 ns : File "C:/Users/Mateusz Kozlowski/Documents/zampf/ZAMFP/ZAMFP.srcs/sources_1/new/uart.vhd" Line 64
run all

Stopped at time : 499330 ns : File "C:/Users/Mateusz Kozlowski/Documents/zampf/ZAMFP/ZAMFP.srcs/sources_1/new/uart.vhd" Line 64
run all
Stopped at time : 581790 ns : File "C:/Users/Mateusz Kozlowski/Documents/zampf/ZAMFP/ZAMFP.srcs/sources_1/new/uart.vhd" Line 64
run all

Stopped at time : 581810 ns : File "C:/Users/Mateusz Kozlowski/Documents/zampf/ZAMFP/ZAMFP.srcs/sources_1/new/uart.vhd" Line 64
run all
Stopped at time : 707630 ns : File "C:/Users/Mateusz Kozlowski/Documents/zampf/ZAMFP/ZAMFP.srcs/sources_1/new/uart.vhd" Line 64
run all

Stopped at time : 707650 ns : File "C:/Users/Mateusz Kozlowski/Documents/zampf/ZAMFP/ZAMFP.srcs/sources_1/new/uart.vhd" Line 64
run all
Stopped at time : 790110 ns : File "C:/Users/Mateusz Kozlowski/Documents/zampf/ZAMFP/ZAMFP.srcs/sources_1/new/uart.vhd" Line 64
run all

Stopped at time : 790130 ns : File "C:/Users/Mateusz Kozlowski/Documents/zampf/ZAMFP/ZAMFP.srcs/sources_1/new/uart.vhd" Line 64
run all
Stopped at time : 915950 ns : File "C:/Users/Mateusz Kozlowski/Documents/zampf/ZAMFP/ZAMFP.srcs/sources_1/new/uart.vhd" Line 64
run all

Stopped at time : 915970 ns : File "C:/Users/Mateusz Kozlowski/Documents/zampf/ZAMFP/ZAMFP.srcs/sources_1/new/uart.vhd" Line 64
run all
Stopped at time : 998430 ns : File "C:/Users/Mateusz Kozlowski/Documents/zampf/ZAMFP/ZAMFP.srcs/sources_1/new/uart.vhd" Line 64
run all

Stopped at time : 998450 ns : File "C:/Users/Mateusz Kozlowski/Documents/zampf/ZAMFP/ZAMFP.srcs/sources_1/new/uart.vhd" Line 64
run all
Stopped at time : 1749230 ns : File "C:/Users/Mateusz Kozlowski/Documents/zampf/ZAMFP/ZAMFP.srcs/sources_1/new/uart.vhd" Line 64
run all

Stopped at time : 1749250 ns : File "C:/Users/Mateusz Kozlowski/Documents/zampf/ZAMFP/ZAMFP.srcs/sources_1/new/uart.vhd" Line 64
run all
Stopped at time : 1831710 ns : File "C:/Users/Mateusz Kozlowski/Documents/zampf/ZAMFP/ZAMFP.srcs/sources_1/new/uart.vhd" Line 64
run all

Stopped at time : 1831730 ns : File "C:/Users/Mateusz Kozlowski/Documents/zampf/ZAMFP/ZAMFP.srcs/sources_1/new/uart.vhd" Line 64
run all
Stopped at time : 1957550 ns : File "C:/Users/Mateusz Kozlowski/Documents/zampf/ZAMFP/ZAMFP.srcs/sources_1/new/uart.vhd" Line 64
run all

Stopped at time : 1957570 ns : File "C:/Users/Mateusz Kozlowski/Documents/zampf/ZAMFP/ZAMFP.srcs/sources_1/new/uart.vhd" Line 64
run all
Stopped at time : 2040030 ns : File "C:/Users/Mateusz Kozlowski/Documents/zampf/ZAMFP/ZAMFP.srcs/sources_1/new/uart.vhd" Line 64
run all

Stopped at time : 2040050 ns : File "C:/Users/Mateusz Kozlowski/Documents/zampf/ZAMFP/ZAMFP.srcs/sources_1/new/uart.vhd" Line 64
run all
Stopped at time : 2165870 ns : File "C:/Users/Mateusz Kozlowski/Documents/zampf/ZAMFP/ZAMFP.srcs/sources_1/new/uart.vhd" Line 64
run all

Stopped at time : 2165890 ns : File "C:/Users/Mateusz Kozlowski/Documents/zampf/ZAMFP/ZAMFP.srcs/sources_1/new/uart.vhd" Line 64
run all
Stopped at time : 2248350 ns : File "C:/Users/Mateusz Kozlowski/Documents/zampf/ZAMFP/ZAMFP.srcs/sources_1/new/uart.vhd" Line 64
run all

Stopped at time : 2248370 ns : File "C:/Users/Mateusz Kozlowski/Documents/zampf/ZAMFP/ZAMFP.srcs/sources_1/new/uart.vhd" Line 64
run all
Stopped at time : 2330830 ns : File "C:/Users/Mateusz Kozlowski/Documents/zampf/ZAMFP/ZAMFP.srcs/sources_1/new/uart.vhd" Line 64
run all

Stopped at time : 2330850 ns : File "C:/Users/Mateusz Kozlowski/Documents/zampf/ZAMFP/ZAMFP.srcs/sources_1/new/uart.vhd" Line 64
run all
Stopped at time : 2478350 ns : File "C:/Users/Mateusz Kozlowski/Documents/zampf/ZAMFP/ZAMFP.srcs/sources_1/new/uart.vhd" Line 64
run all

Stopped at time : 2478370 ns : File "C:/Users/Mateusz Kozlowski/Documents/zampf/ZAMFP/ZAMFP.srcs/sources_1/new/uart.vhd" Line 64
run all
Stopped at time : 2560830 ns : File "C:/Users/Mateusz Kozlowski/Documents/zampf/ZAMFP/ZAMFP.srcs/sources_1/new/uart.vhd" Line 64
run all

Stopped at time : 2560850 ns : File "C:/Users/Mateusz Kozlowski/Documents/zampf/ZAMFP/ZAMFP.srcs/sources_1/new/uart.vhd" Line 64
run all
Stopped at time : 2894990 ns : File "C:/Users/Mateusz Kozlowski/Documents/zampf/ZAMFP/ZAMFP.srcs/sources_1/new/uart.vhd" Line 64
run all

Stopped at time : 2895010 ns : File "C:/Users/Mateusz Kozlowski/Documents/zampf/ZAMFP/ZAMFP.srcs/sources_1/new/uart.vhd" Line 64
run all
Stopped at time : 2977470 ns : File "C:/Users/Mateusz Kozlowski/Documents/zampf/ZAMFP/ZAMFP.srcs/sources_1/new/uart.vhd" Line 64
run all

Stopped at time : 2977490 ns : File "C:/Users/Mateusz Kozlowski/Documents/zampf/ZAMFP/ZAMFP.srcs/sources_1/new/uart.vhd" Line 64
run all
Stopped at time : 3103310 ns : File "C:/Users/Mateusz Kozlowski/Documents/zampf/ZAMFP/ZAMFP.srcs/sources_1/new/uart.vhd" Line 64
run all

Stopped at time : 3103330 ns : File "C:/Users/Mateusz Kozlowski/Documents/zampf/ZAMFP/ZAMFP.srcs/sources_1/new/uart.vhd" Line 64
run all
Stopped at time : 3185790 ns : File "C:/Users/Mateusz Kozlowski/Documents/zampf/ZAMFP/ZAMFP.srcs/sources_1/new/uart.vhd" Line 64
run all

Stopped at time : 3185810 ns : File "C:/Users/Mateusz Kozlowski/Documents/zampf/ZAMFP/ZAMFP.srcs/sources_1/new/uart.vhd" Line 64
run all
Stopped at time : 3268270 ns : File "C:/Users/Mateusz Kozlowski/Documents/zampf/ZAMFP/ZAMFP.srcs/sources_1/new/uart.vhd" Line 64
run all

Stopped at time : 3268290 ns : File "C:/Users/Mateusz Kozlowski/Documents/zampf/ZAMFP/ZAMFP.srcs/sources_1/new/uart.vhd" Line 64
run all
Stopped at time : 3350750 ns : File "C:/Users/Mateusz Kozlowski/Documents/zampf/ZAMFP/ZAMFP.srcs/sources_1/new/uart.vhd" Line 64
run all

Stopped at time : 3350770 ns : File "C:/Users/Mateusz Kozlowski/Documents/zampf/ZAMFP/ZAMFP.srcs/sources_1/new/uart.vhd" Line 64
run all
Stopped at time : 3433230 ns : File "C:/Users/Mateusz Kozlowski/Documents/zampf/ZAMFP/ZAMFP.srcs/sources_1/new/uart.vhd" Line 64
run all

Stopped at time : 3433250 ns : File "C:/Users/Mateusz Kozlowski/Documents/zampf/ZAMFP/ZAMFP.srcs/sources_1/new/uart.vhd" Line 64
run all
Stopped at time : 3515710 ns : File "C:/Users/Mateusz Kozlowski/Documents/zampf/ZAMFP/ZAMFP.srcs/sources_1/new/uart.vhd" Line 64
run all

Stopped at time : 3515730 ns : File "C:/Users/Mateusz Kozlowski/Documents/zampf/ZAMFP/ZAMFP.srcs/sources_1/new/uart.vhd" Line 64
run all
Stopped at time : 3728270 ns : File "C:/Users/Mateusz Kozlowski/Documents/zampf/ZAMFP/ZAMFP.srcs/sources_1/new/uart.vhd" Line 64
run all

Stopped at time : 3728290 ns : File "C:/Users/Mateusz Kozlowski/Documents/zampf/ZAMFP/ZAMFP.srcs/sources_1/new/uart.vhd" Line 64
run all
Stopped at time : 3810750 ns : File "C:/Users/Mateusz Kozlowski/Documents/zampf/ZAMFP/ZAMFP.srcs/sources_1/new/uart.vhd" Line 64
run all

Stopped at time : 3810770 ns : File "C:/Users/Mateusz Kozlowski/Documents/zampf/ZAMFP/ZAMFP.srcs/sources_1/new/uart.vhd" Line 64
run all
Stopped at time : 4040750 ns : File "C:/Users/Mateusz Kozlowski/Documents/zampf/ZAMFP/ZAMFP.srcs/sources_1/new/uart.vhd" Line 64
remove_bps -BreakPointObjsOrIds bp35 
add_bp {C:/Users/Mateusz Kozlowski/Documents/zampf/ZAMFP/ZAMFP.srcs/system/new/system_tb.vhd} 263
run all

Stopped at time : 4040770 ns : File "C:/Users/Mateusz Kozlowski/Documents/zampf/ZAMFP/ZAMFP.srcs/sources_1/new/uart.vhd" Line 64
remove_bps -BreakPointObjsOrIds bp36 
run all









run all
run: Time (s): cpu = 00:00:23 ; elapsed = 00:00:24 . Memory (MB): peak = 3418.723 ; gain = 0.000
relaunch_sim
INFO: xsimkernel Simulation Memory Usage: 17532 KB (Peak: 17532 KB), Simulation CPU Usage: 27265 ms
Command: launch_simulation -step compile -simset sim_1 -mode behavioral
INFO: [Vivado 12-12493] Simulation top is 'system_tb'
INFO: [Vivado 12-5682] Launching behavioral simulation in 'C:/Users/Mateusz Kozlowski/Documents/zampf/ZAMFP/ZAMFP.sim/sim_1/behav/xsim'
INFO: [SIM-utils-51] Simulation object is 'sim_1'
INFO: [USF-XSim-2] XSim::Compile design
INFO: [USF-XSim-61] Executing 'COMPILE and ANALYZE' step in 'C:/Users/Mateusz Kozlowski/Documents/zampf/ZAMFP/ZAMFP.sim/sim_1/behav/xsim'
"xvhdl --incr --relax -prj system_tb_vhdl.prj"
INFO: [USF-XSim-69] 'compile' step finished in '1' seconds
Command: launch_simulation -step elaborate -simset sim_1 -mode behavioral
INFO: [Vivado 12-12493] Simulation top is 'system_tb'
INFO: [Vivado 12-5682] Launching behavioral simulation in 'C:/Users/Mateusz Kozlowski/Documents/zampf/ZAMFP/ZAMFP.sim/sim_1/behav/xsim'
INFO: [SIM-utils-51] Simulation object is 'sim_1'
INFO: [USF-XSim-3] XSim::Elaborate design
INFO: [USF-XSim-61] Executing 'ELABORATE' step in 'C:/Users/Mateusz Kozlowski/Documents/zampf/ZAMFP/ZAMFP.sim/sim_1/behav/xsim'
"xelab --incr --debug typical --relax --mt 2 -L xil_defaultlib -L secureip --snapshot system_tb_behav xil_defaultlib.system_tb -log elaborate.log"
Vivado Simulator v2025.1.0
Copyright 1986-2022 Xilinx, Inc. All Rights Reserved.
Copyright 2022-2025 Advanced Micro Devices, Inc. All Rights Reserved.
Running: C:/Xilinx/2025.1/Vivado/bin/unwrapped/win64.o/xelab.exe --incr --debug typical --relax --mt 2 -L xil_defaultlib -L secureip --snapshot system_tb_behav xil_defaultlib.system_tb -log elaborate.log 
Using 2 slave threads.
Starting static elaboration
Completed static elaboration
INFO: [XSIM 43-4323] No Change in HDL. Linking previously generated obj files to create kernel
INFO: [USF-XSim-69] 'elaborate' step finished in '1' seconds
Time resolution is 1 ps
current_wave_config {system_tb_behav.wcfg}
system_tb_behav.wcfg
add_wave {{/system_tb/dut/uart_i/BIT_TICKS}} 
current_wave_config {system_tb_behav.wcfg}
system_tb_behav.wcfg
add_wave {{/system_tb/uart_monitor/BIT_TICKS}} 
run all







































run: Time (s): cpu = 00:00:19 ; elapsed = 00:00:18 . Memory (MB): peak = 3418.723 ; gain = 0.000
add_bp {C:/Users/Mateusz Kozlowski/Documents/zampf/ZAMFP/ZAMFP.srcs/sources_1/new/uart.vhd} 106
relaunch_sim
INFO: xsimkernel Simulation Memory Usage: 17592 KB (Peak: 17592 KB), Simulation CPU Usage: 18077 ms
Command: launch_simulation -step compile -simset sim_1 -mode behavioral
INFO: [Vivado 12-12493] Simulation top is 'system_tb'
INFO: [Vivado 12-5682] Launching behavioral simulation in 'C:/Users/Mateusz Kozlowski/Documents/zampf/ZAMFP/ZAMFP.sim/sim_1/behav/xsim'
INFO: [SIM-utils-51] Simulation object is 'sim_1'
INFO: [USF-XSim-2] XSim::Compile design
INFO: [USF-XSim-61] Executing 'COMPILE and ANALYZE' step in 'C:/Users/Mateusz Kozlowski/Documents/zampf/ZAMFP/ZAMFP.sim/sim_1/behav/xsim'
"xvhdl --incr --relax -prj system_tb_vhdl.prj"
INFO: [USF-XSim-69] 'compile' step finished in '1' seconds
Command: launch_simulation -step elaborate -simset sim_1 -mode behavioral
INFO: [Vivado 12-12493] Simulation top is 'system_tb'
INFO: [Vivado 12-5682] Launching behavioral simulation in 'C:/Users/Mateusz Kozlowski/Documents/zampf/ZAMFP/ZAMFP.sim/sim_1/behav/xsim'
INFO: [SIM-utils-51] Simulation object is 'sim_1'
INFO: [USF-XSim-3] XSim::Elaborate design
INFO: [USF-XSim-61] Executing 'ELABORATE' step in 'C:/Users/Mateusz Kozlowski/Documents/zampf/ZAMFP/ZAMFP.sim/sim_1/behav/xsim'
"xelab --incr --debug typical --relax --mt 2 -L xil_defaultlib -L secureip --snapshot system_tb_behav xil_defaultlib.system_tb -log elaborate.log"
Vivado Simulator v2025.1.0
Copyright 1986-2022 Xilinx, Inc. All Rights Reserved.
Copyright 2022-2025 Advanced Micro Devices, Inc. All Rights Reserved.
Running: C:/Xilinx/2025.1/Vivado/bin/unwrapped/win64.o/xelab.exe --incr --debug typical --relax --mt 2 -L xil_defaultlib -L secureip --snapshot system_tb_behav xil_defaultlib.system_tb -log elaborate.log 
Using 2 slave threads.
Starting static elaboration
Completed static elaboration
INFO: [XSIM 43-4323] No Change in HDL. Linking previously generated obj files to create kernel
INFO: [USF-XSim-69] 'elaborate' step finished in '1' seconds
Time resolution is 1 ps
run all







































run: Time (s): cpu = 00:00:08 ; elapsed = 00:00:09 . Memory (MB): peak = 3418.723 ; gain = 0.000
add_bp {C:/Users/Mateusz Kozlowski/Documents/zampf/ZAMFP/ZAMFP.srcs/sources_1/new/uart.vhd} 76
relaunch_sim
Command: launch_simulation -step compile -simset sim_1 -mode behavioral
INFO: [Vivado 12-12493] Simulation top is 'system_tb'
INFO: [Vivado 12-5682] Launching behavioral simulation in 'C:/Users/Mateusz Kozlowski/Documents/zampf/ZAMFP/ZAMFP.sim/sim_1/behav/xsim'
INFO: [SIM-utils-51] Simulation object is 'sim_1'
INFO: [USF-XSim-2] XSim::Compile design
INFO: [USF-XSim-61] Executing 'COMPILE and ANALYZE' step in 'C:/Users/Mateusz Kozlowski/Documents/zampf/ZAMFP/ZAMFP.sim/sim_1/behav/xsim'
"xvhdl --incr --relax -prj system_tb_vhdl.prj"
INFO: [USF-XSim-69] 'compile' step finished in '1' seconds
Command: launch_simulation -step elaborate -simset sim_1 -mode behavioral
INFO: [Vivado 12-12493] Simulation top is 'system_tb'
INFO: [Vivado 12-5682] Launching behavioral simulation in 'C:/Users/Mateusz Kozlowski/Documents/zampf/ZAMFP/ZAMFP.sim/sim_1/behav/xsim'
INFO: [SIM-utils-51] Simulation object is 'sim_1'
INFO: [USF-XSim-3] XSim::Elaborate design
INFO: [USF-XSim-61] Executing 'ELABORATE' step in 'C:/Users/Mateusz Kozlowski/Documents/zampf/ZAMFP/ZAMFP.sim/sim_1/behav/xsim'
"xelab --incr --debug typical --relax --mt 2 -L xil_defaultlib -L secureip --snapshot system_tb_behav xil_defaultlib.system_tb -log elaborate.log"
Vivado Simulator v2025.1.0
Copyright 1986-2022 Xilinx, Inc. All Rights Reserved.
Copyright 2022-2025 Advanced Micro Devices, Inc. All Rights Reserved.
Running: C:/Xilinx/2025.1/Vivado/bin/unwrapped/win64.o/xelab.exe --incr --debug typical --relax --mt 2 -L xil_defaultlib -L secureip --snapshot system_tb_behav xil_defaultlib.system_tb -log elaborate.log 
Using 2 slave threads.
Starting static elaboration
Completed static elaboration
INFO: [XSIM 43-4323] No Change in HDL. Linking previously generated obj files to create kernel
INFO: [USF-XSim-69] 'elaborate' step finished in '1' seconds
Time resolution is 1 ps
Stopped at time : 10 ns : File "C:/Users/Mateusz Kozlowski/Documents/zampf/ZAMFP/ZAMFP.srcs/sources_1/new/uart.vhd" Line 76
run all
Stopped at time : 10 ns : File "C:/Users/Mateusz Kozlowski/Documents/zampf/ZAMFP/ZAMFP.srcs/sources_1/new/uart.vhd" Line 76
add_bp {C:/Users/Mateusz Kozlowski/Documents/zampf/ZAMFP/ZAMFP.srcs/sources_1/new/uart.vhd} 79
run all
Stopped at time : 10 ns : File "C:/Users/Mateusz Kozlowski/Documents/zampf/ZAMFP/ZAMFP.srcs/sources_1/new/uart.vhd" Line 79
add_bp {C:/Users/Mateusz Kozlowski/Documents/zampf/ZAMFP/ZAMFP.srcs/sources_1/new/uart.vhd} 82
run all
Stopped at time : 30 ns : File "C:/Users/Mateusz Kozlowski/Documents/zampf/ZAMFP/ZAMFP.srcs/sources_1/new/uart.vhd" Line 76
run all
Stopped at time : 30 ns : File "C:/Users/Mateusz Kozlowski/Documents/zampf/ZAMFP/ZAMFP.srcs/sources_1/new/uart.vhd" Line 79
run all
Stopped at time : 30 ns : File "C:/Users/Mateusz Kozlowski/Documents/zampf/ZAMFP/ZAMFP.srcs/sources_1/new/uart.vhd" Line 76
run all
Stopped at time : 30 ns : File "C:/Users/Mateusz Kozlowski/Documents/zampf/ZAMFP/ZAMFP.srcs/sources_1/new/uart.vhd" Line 79
run all
Stopped at time : 50 ns : File "C:/Users/Mateusz Kozlowski/Documents/zampf/ZAMFP/ZAMFP.srcs/sources_1/new/uart.vhd" Line 76
run all
Stopped at time : 50 ns : File "C:/Users/Mateusz Kozlowski/Documents/zampf/ZAMFP/ZAMFP.srcs/sources_1/new/uart.vhd" Line 79
run all
Stopped at time : 50 ns : File "C:/Users/Mateusz Kozlowski/Documents/zampf/ZAMFP/ZAMFP.srcs/sources_1/new/uart.vhd" Line 76
run all
Stopped at time : 50 ns : File "C:/Users/Mateusz Kozlowski/Documents/zampf/ZAMFP/ZAMFP.srcs/sources_1/new/uart.vhd" Line 79
run all
Stopped at time : 70 ns : File "C:/Users/Mateusz Kozlowski/Documents/zampf/ZAMFP/ZAMFP.srcs/sources_1/new/uart.vhd" Line 76
run all
Stopped at time : 70 ns : File "C:/Users/Mateusz Kozlowski/Documents/zampf/ZAMFP/ZAMFP.srcs/sources_1/new/uart.vhd" Line 79
run all
Stopped at time : 70 ns : File "C:/Users/Mateusz Kozlowski/Documents/zampf/ZAMFP/ZAMFP.srcs/sources_1/new/uart.vhd" Line 76
run all
Stopped at time : 70 ns : File "C:/Users/Mateusz Kozlowski/Documents/zampf/ZAMFP/ZAMFP.srcs/sources_1/new/uart.vhd" Line 79
run all
Stopped at time : 90 ns : File "C:/Users/Mateusz Kozlowski/Documents/zampf/ZAMFP/ZAMFP.srcs/sources_1/new/uart.vhd" Line 76
run all
Stopped at time : 90 ns : File "C:/Users/Mateusz Kozlowski/Documents/zampf/ZAMFP/ZAMFP.srcs/sources_1/new/uart.vhd" Line 79
run all
Stopped at time : 90 ns : File "C:/Users/Mateusz Kozlowski/Documents/zampf/ZAMFP/ZAMFP.srcs/sources_1/new/uart.vhd" Line 76
run all
Stopped at time : 90 ns : File "C:/Users/Mateusz Kozlowski/Documents/zampf/ZAMFP/ZAMFP.srcs/sources_1/new/uart.vhd" Line 79
run all
Stopped at time : 110 ns : File "C:/Users/Mateusz Kozlowski/Documents/zampf/ZAMFP/ZAMFP.srcs/sources_1/new/uart.vhd" Line 76
run all
Stopped at time : 110 ns : File "C:/Users/Mateusz Kozlowski/Documents/zampf/ZAMFP/ZAMFP.srcs/sources_1/new/uart.vhd" Line 79
run all
Stopped at time : 110 ns : File "C:/Users/Mateusz Kozlowski/Documents/zampf/ZAMFP/ZAMFP.srcs/sources_1/new/uart.vhd" Line 76
run all
Stopped at time : 110 ns : File "C:/Users/Mateusz Kozlowski/Documents/zampf/ZAMFP/ZAMFP.srcs/sources_1/new/uart.vhd" Line 79
run all
Stopped at time : 130 ns : File "C:/Users/Mateusz Kozlowski/Documents/zampf/ZAMFP/ZAMFP.srcs/sources_1/new/uart.vhd" Line 76
run all
Stopped at time : 130 ns : File "C:/Users/Mateusz Kozlowski/Documents/zampf/ZAMFP/ZAMFP.srcs/sources_1/new/uart.vhd" Line 79
run all
Stopped at time : 130 ns : File "C:/Users/Mateusz Kozlowski/Documents/zampf/ZAMFP/ZAMFP.srcs/sources_1/new/uart.vhd" Line 76
run all
Stopped at time : 130 ns : File "C:/Users/Mateusz Kozlowski/Documents/zampf/ZAMFP/ZAMFP.srcs/sources_1/new/uart.vhd" Line 79
run all
Stopped at time : 150 ns : File "C:/Users/Mateusz Kozlowski/Documents/zampf/ZAMFP/ZAMFP.srcs/sources_1/new/uart.vhd" Line 76
run all
Stopped at time : 150 ns : File "C:/Users/Mateusz Kozlowski/Documents/zampf/ZAMFP/ZAMFP.srcs/sources_1/new/uart.vhd" Line 79
run all
Stopped at time : 150 ns : File "C:/Users/Mateusz Kozlowski/Documents/zampf/ZAMFP/ZAMFP.srcs/sources_1/new/uart.vhd" Line 76
run all
Stopped at time : 150 ns : File "C:/Users/Mateusz Kozlowski/Documents/zampf/ZAMFP/ZAMFP.srcs/sources_1/new/uart.vhd" Line 79
run all
Stopped at time : 170 ns : File "C:/Users/Mateusz Kozlowski/Documents/zampf/ZAMFP/ZAMFP.srcs/sources_1/new/uart.vhd" Line 76
remove_bps -file {C:/Users/Mateusz Kozlowski/Documents/zampf/ZAMFP/ZAMFP.srcs/sources_1/new/uart.vhd} -line 79
remove_bps -file {C:/Users/Mateusz Kozlowski/Documents/zampf/ZAMFP/ZAMFP.srcs/sources_1/new/uart.vhd} -line 76
run all
Stopped at time : 210 ns : File "C:/Users/Mateusz Kozlowski/Documents/zampf/ZAMFP/ZAMFP.srcs/sources_1/new/uart.vhd" Line 82
add_bp {C:/Users/Mateusz Kozlowski/Documents/zampf/ZAMFP/ZAMFP.srcs/sources_1/new/uart.vhd} 84
remove_bps -file {C:/Users/Mateusz Kozlowski/Documents/zampf/ZAMFP/ZAMFP.srcs/sources_1/new/uart.vhd} -line 84
add_bp {C:/Users/Mateusz Kozlowski/Documents/zampf/ZAMFP/ZAMFP.srcs/sources_1/new/uart.vhd} 84
add_bp {C:/Users/Mateusz Kozlowski/Documents/zampf/ZAMFP/ZAMFP.srcs/sources_1/new/uart.vhd} 86
add_bp {C:/Users/Mateusz Kozlowski/Documents/zampf/ZAMFP/ZAMFP.srcs/sources_1/new/uart.vhd} 88
add_bp {C:/Users/Mateusz Kozlowski/Documents/zampf/ZAMFP/ZAMFP.srcs/sources_1/new/uart.vhd} 87
run all
Stopped at time : 210 ns : File "C:/Users/Mateusz Kozlowski/Documents/zampf/ZAMFP/ZAMFP.srcs/sources_1/new/uart.vhd" Line 84
run all
Stopped at time : 210 ns : File "C:/Users/Mateusz Kozlowski/Documents/zampf/ZAMFP/ZAMFP.srcs/sources_1/new/uart.vhd" Line 86
add_bp {C:/Users/Mateusz Kozlowski/Documents/zampf/ZAMFP/ZAMFP.srcs/sources_1/new/uart.vhd} 100
add_bp {C:/Users/Mateusz Kozlowski/Documents/zampf/ZAMFP/ZAMFP.srcs/sources_1/new/uart.vhd} 101
run all
Stopped at time : 210 ns : File "C:/Users/Mateusz Kozlowski/Documents/zampf/ZAMFP/ZAMFP.srcs/sources_1/new/uart.vhd" Line 87
run all
Stopped at time : 210 ns : File "C:/Users/Mateusz Kozlowski/Documents/zampf/ZAMFP/ZAMFP.srcs/sources_1/new/uart.vhd" Line 88
run all
Stopped at time : 210 ns : File "C:/Users/Mateusz Kozlowski/Documents/zampf/ZAMFP/ZAMFP.srcs/sources_1/new/uart.vhd" Line 82
run all
Stopped at time : 210 ns : File "C:/Users/Mateusz Kozlowski/Documents/zampf/ZAMFP/ZAMFP.srcs/sources_1/new/uart.vhd" Line 84
run all
Stopped at time : 210 ns : File "C:/Users/Mateusz Kozlowski/Documents/zampf/ZAMFP/ZAMFP.srcs/sources_1/new/uart.vhd" Line 86
run all
Stopped at time : 230 ns : File "C:/Users/Mateusz Kozlowski/Documents/zampf/ZAMFP/ZAMFP.srcs/sources_1/new/uart.vhd" Line 82
run all
Stopped at time : 230 ns : File "C:/Users/Mateusz Kozlowski/Documents/zampf/ZAMFP/ZAMFP.srcs/sources_1/new/uart.vhd" Line 84
run all
Stopped at time : 230 ns : File "C:/Users/Mateusz Kozlowski/Documents/zampf/ZAMFP/ZAMFP.srcs/sources_1/new/uart.vhd" Line 86
run all
Stopped at time : 230 ns : File "C:/Users/Mateusz Kozlowski/Documents/zampf/ZAMFP/ZAMFP.srcs/sources_1/new/uart.vhd" Line 82
run all
Stopped at time : 230 ns : File "C:/Users/Mateusz Kozlowski/Documents/zampf/ZAMFP/ZAMFP.srcs/sources_1/new/uart.vhd" Line 84
run all
Stopped at time : 230 ns : File "C:/Users/Mateusz Kozlowski/Documents/zampf/ZAMFP/ZAMFP.srcs/sources_1/new/uart.vhd" Line 86
run all
Stopped at time : 250 ns : File "C:/Users/Mateusz Kozlowski/Documents/zampf/ZAMFP/ZAMFP.srcs/sources_1/new/uart.vhd" Line 82
run all
Stopped at time : 250 ns : File "C:/Users/Mateusz Kozlowski/Documents/zampf/ZAMFP/ZAMFP.srcs/sources_1/new/uart.vhd" Line 84
run all
Stopped at time : 250 ns : File "C:/Users/Mateusz Kozlowski/Documents/zampf/ZAMFP/ZAMFP.srcs/sources_1/new/uart.vhd" Line 86
run all
Stopped at time : 250 ns : File "C:/Users/Mateusz Kozlowski/Documents/zampf/ZAMFP/ZAMFP.srcs/sources_1/new/uart.vhd" Line 82
run all
Stopped at time : 250 ns : File "C:/Users/Mateusz Kozlowski/Documents/zampf/ZAMFP/ZAMFP.srcs/sources_1/new/uart.vhd" Line 84
run all
Stopped at time : 250 ns : File "C:/Users/Mateusz Kozlowski/Documents/zampf/ZAMFP/ZAMFP.srcs/sources_1/new/uart.vhd" Line 86
run all
Stopped at time : 270 ns : File "C:/Users/Mateusz Kozlowski/Documents/zampf/ZAMFP/ZAMFP.srcs/sources_1/new/uart.vhd" Line 82
run all
Stopped at time : 270 ns : File "C:/Users/Mateusz Kozlowski/Documents/zampf/ZAMFP/ZAMFP.srcs/sources_1/new/uart.vhd" Line 84
run all
Stopped at time : 270 ns : File "C:/Users/Mateusz Kozlowski/Documents/zampf/ZAMFP/ZAMFP.srcs/sources_1/new/uart.vhd" Line 86
run all
Stopped at time : 270 ns : File "C:/Users/Mateusz Kozlowski/Documents/zampf/ZAMFP/ZAMFP.srcs/sources_1/new/uart.vhd" Line 82
run all
Stopped at time : 270 ns : File "C:/Users/Mateusz Kozlowski/Documents/zampf/ZAMFP/ZAMFP.srcs/sources_1/new/uart.vhd" Line 84
run all
Stopped at time : 270 ns : File "C:/Users/Mateusz Kozlowski/Documents/zampf/ZAMFP/ZAMFP.srcs/sources_1/new/uart.vhd" Line 86
run all
Stopped at time : 290 ns : File "C:/Users/Mateusz Kozlowski/Documents/zampf/ZAMFP/ZAMFP.srcs/sources_1/new/uart.vhd" Line 82
run all
Stopped at time : 290 ns : File "C:/Users/Mateusz Kozlowski/Documents/zampf/ZAMFP/ZAMFP.srcs/sources_1/new/uart.vhd" Line 84
run all
Stopped at time : 290 ns : File "C:/Users/Mateusz Kozlowski/Documents/zampf/ZAMFP/ZAMFP.srcs/sources_1/new/uart.vhd" Line 86
run all
Stopped at time : 290 ns : File "C:/Users/Mateusz Kozlowski/Documents/zampf/ZAMFP/ZAMFP.srcs/sources_1/new/uart.vhd" Line 82
run all
Stopped at time : 290 ns : File "C:/Users/Mateusz Kozlowski/Documents/zampf/ZAMFP/ZAMFP.srcs/sources_1/new/uart.vhd" Line 84
run all
Stopped at time : 290 ns : File "C:/Users/Mateusz Kozlowski/Documents/zampf/ZAMFP/ZAMFP.srcs/sources_1/new/uart.vhd" Line 86
run all
Stopped at time : 310 ns : File "C:/Users/Mateusz Kozlowski/Documents/zampf/ZAMFP/ZAMFP.srcs/sources_1/new/uart.vhd" Line 82
run all
Stopped at time : 310 ns : File "C:/Users/Mateusz Kozlowski/Documents/zampf/ZAMFP/ZAMFP.srcs/sources_1/new/uart.vhd" Line 84
run all
Stopped at time : 310 ns : File "C:/Users/Mateusz Kozlowski/Documents/zampf/ZAMFP/ZAMFP.srcs/sources_1/new/uart.vhd" Line 86
run all
Stopped at time : 310 ns : File "C:/Users/Mateusz Kozlowski/Documents/zampf/ZAMFP/ZAMFP.srcs/sources_1/new/uart.vhd" Line 82
run all
Stopped at time : 310 ns : File "C:/Users/Mateusz Kozlowski/Documents/zampf/ZAMFP/ZAMFP.srcs/sources_1/new/uart.vhd" Line 84
run all
Stopped at time : 310 ns : File "C:/Users/Mateusz Kozlowski/Documents/zampf/ZAMFP/ZAMFP.srcs/sources_1/new/uart.vhd" Line 86
run all
Stopped at time : 330 ns : File "C:/Users/Mateusz Kozlowski/Documents/zampf/ZAMFP/ZAMFP.srcs/sources_1/new/uart.vhd" Line 82
run all
Stopped at time : 330 ns : File "C:/Users/Mateusz Kozlowski/Documents/zampf/ZAMFP/ZAMFP.srcs/sources_1/new/uart.vhd" Line 84
run all
Stopped at time : 330 ns : File "C:/Users/Mateusz Kozlowski/Documents/zampf/ZAMFP/ZAMFP.srcs/sources_1/new/uart.vhd" Line 86
run all
Stopped at time : 330 ns : File "C:/Users/Mateusz Kozlowski/Documents/zampf/ZAMFP/ZAMFP.srcs/sources_1/new/uart.vhd" Line 82
run all
Stopped at time : 330 ns : File "C:/Users/Mateusz Kozlowski/Documents/zampf/ZAMFP/ZAMFP.srcs/sources_1/new/uart.vhd" Line 84
run all
Stopped at time : 330 ns : File "C:/Users/Mateusz Kozlowski/Documents/zampf/ZAMFP/ZAMFP.srcs/sources_1/new/uart.vhd" Line 86
run all
Stopped at time : 350 ns : File "C:/Users/Mateusz Kozlowski/Documents/zampf/ZAMFP/ZAMFP.srcs/sources_1/new/uart.vhd" Line 82
run all
Stopped at time : 350 ns : File "C:/Users/Mateusz Kozlowski/Documents/zampf/ZAMFP/ZAMFP.srcs/sources_1/new/uart.vhd" Line 84
run all
Stopped at time : 350 ns : File "C:/Users/Mateusz Kozlowski/Documents/zampf/ZAMFP/ZAMFP.srcs/sources_1/new/uart.vhd" Line 86
run all
Stopped at time : 350 ns : File "C:/Users/Mateusz Kozlowski/Documents/zampf/ZAMFP/ZAMFP.srcs/sources_1/new/uart.vhd" Line 82
run all
Stopped at time : 350 ns : File "C:/Users/Mateusz Kozlowski/Documents/zampf/ZAMFP/ZAMFP.srcs/sources_1/new/uart.vhd" Line 84
run all
Stopped at time : 350 ns : File "C:/Users/Mateusz Kozlowski/Documents/zampf/ZAMFP/ZAMFP.srcs/sources_1/new/uart.vhd" Line 86
run all
Stopped at time : 370 ns : File "C:/Users/Mateusz Kozlowski/Documents/zampf/ZAMFP/ZAMFP.srcs/sources_1/new/uart.vhd" Line 82
run all
Stopped at time : 370 ns : File "C:/Users/Mateusz Kozlowski/Documents/zampf/ZAMFP/ZAMFP.srcs/sources_1/new/uart.vhd" Line 84
run all
Stopped at time : 370 ns : File "C:/Users/Mateusz Kozlowski/Documents/zampf/ZAMFP/ZAMFP.srcs/sources_1/new/uart.vhd" Line 86
run all
Stopped at time : 370 ns : File "C:/Users/Mateusz Kozlowski/Documents/zampf/ZAMFP/ZAMFP.srcs/sources_1/new/uart.vhd" Line 82
run all
Stopped at time : 370 ns : File "C:/Users/Mateusz Kozlowski/Documents/zampf/ZAMFP/ZAMFP.srcs/sources_1/new/uart.vhd" Line 84
run all
Stopped at time : 370 ns : File "C:/Users/Mateusz Kozlowski/Documents/zampf/ZAMFP/ZAMFP.srcs/sources_1/new/uart.vhd" Line 86
run all
Stopped at time : 390 ns : File "C:/Users/Mateusz Kozlowski/Documents/zampf/ZAMFP/ZAMFP.srcs/sources_1/new/uart.vhd" Line 82
run all
Stopped at time : 390 ns : File "C:/Users/Mateusz Kozlowski/Documents/zampf/ZAMFP/ZAMFP.srcs/sources_1/new/uart.vhd" Line 84
run all
Stopped at time : 390 ns : File "C:/Users/Mateusz Kozlowski/Documents/zampf/ZAMFP/ZAMFP.srcs/sources_1/new/uart.vhd" Line 86
run all
Stopped at time : 390 ns : File "C:/Users/Mateusz Kozlowski/Documents/zampf/ZAMFP/ZAMFP.srcs/sources_1/new/uart.vhd" Line 82
run all
Stopped at time : 390 ns : File "C:/Users/Mateusz Kozlowski/Documents/zampf/ZAMFP/ZAMFP.srcs/sources_1/new/uart.vhd" Line 84
run all
Stopped at time : 390 ns : File "C:/Users/Mateusz Kozlowski/Documents/zampf/ZAMFP/ZAMFP.srcs/sources_1/new/uart.vhd" Line 86
run all
Stopped at time : 410 ns : File "C:/Users/Mateusz Kozlowski/Documents/zampf/ZAMFP/ZAMFP.srcs/sources_1/new/uart.vhd" Line 82
run all
Stopped at time : 410 ns : File "C:/Users/Mateusz Kozlowski/Documents/zampf/ZAMFP/ZAMFP.srcs/sources_1/new/uart.vhd" Line 84
run all
Stopped at time : 410 ns : File "C:/Users/Mateusz Kozlowski/Documents/zampf/ZAMFP/ZAMFP.srcs/sources_1/new/uart.vhd" Line 86
run all
Stopped at time : 410 ns : File "C:/Users/Mateusz Kozlowski/Documents/zampf/ZAMFP/ZAMFP.srcs/sources_1/new/uart.vhd" Line 82
run all
Stopped at time : 410 ns : File "C:/Users/Mateusz Kozlowski/Documents/zampf/ZAMFP/ZAMFP.srcs/sources_1/new/uart.vhd" Line 84
run all
Stopped at time : 410 ns : File "C:/Users/Mateusz Kozlowski/Documents/zampf/ZAMFP/ZAMFP.srcs/sources_1/new/uart.vhd" Line 86
run all
Stopped at time : 430 ns : File "C:/Users/Mateusz Kozlowski/Documents/zampf/ZAMFP/ZAMFP.srcs/sources_1/new/uart.vhd" Line 82
run all
Stopped at time : 430 ns : File "C:/Users/Mateusz Kozlowski/Documents/zampf/ZAMFP/ZAMFP.srcs/sources_1/new/uart.vhd" Line 84
run all
Stopped at time : 430 ns : File "C:/Users/Mateusz Kozlowski/Documents/zampf/ZAMFP/ZAMFP.srcs/sources_1/new/uart.vhd" Line 86
run all
Stopped at time : 430 ns : File "C:/Users/Mateusz Kozlowski/Documents/zampf/ZAMFP/ZAMFP.srcs/sources_1/new/uart.vhd" Line 82
run all
Stopped at time : 430 ns : File "C:/Users/Mateusz Kozlowski/Documents/zampf/ZAMFP/ZAMFP.srcs/sources_1/new/uart.vhd" Line 84
run all
Stopped at time : 430 ns : File "C:/Users/Mateusz Kozlowski/Documents/zampf/ZAMFP/ZAMFP.srcs/sources_1/new/uart.vhd" Line 86
run all
Stopped at time : 450 ns : File "C:/Users/Mateusz Kozlowski/Documents/zampf/ZAMFP/ZAMFP.srcs/sources_1/new/uart.vhd" Line 82
run all
Stopped at time : 450 ns : File "C:/Users/Mateusz Kozlowski/Documents/zampf/ZAMFP/ZAMFP.srcs/sources_1/new/uart.vhd" Line 84
run all
Stopped at time : 450 ns : File "C:/Users/Mateusz Kozlowski/Documents/zampf/ZAMFP/ZAMFP.srcs/sources_1/new/uart.vhd" Line 86
run all
Stopped at time : 450 ns : File "C:/Users/Mateusz Kozlowski/Documents/zampf/ZAMFP/ZAMFP.srcs/sources_1/new/uart.vhd" Line 82
run all
Stopped at time : 450 ns : File "C:/Users/Mateusz Kozlowski/Documents/zampf/ZAMFP/ZAMFP.srcs/sources_1/new/uart.vhd" Line 84
run all
Stopped at time : 450 ns : File "C:/Users/Mateusz Kozlowski/Documents/zampf/ZAMFP/ZAMFP.srcs/sources_1/new/uart.vhd" Line 86
run all
Stopped at time : 470 ns : File "C:/Users/Mateusz Kozlowski/Documents/zampf/ZAMFP/ZAMFP.srcs/sources_1/new/uart.vhd" Line 82
run all
Stopped at time : 470 ns : File "C:/Users/Mateusz Kozlowski/Documents/zampf/ZAMFP/ZAMFP.srcs/sources_1/new/uart.vhd" Line 84
run all
Stopped at time : 470 ns : File "C:/Users/Mateusz Kozlowski/Documents/zampf/ZAMFP/ZAMFP.srcs/sources_1/new/uart.vhd" Line 86
run all
Stopped at time : 470 ns : File "C:/Users/Mateusz Kozlowski/Documents/zampf/ZAMFP/ZAMFP.srcs/sources_1/new/uart.vhd" Line 82
run all
Stopped at time : 470 ns : File "C:/Users/Mateusz Kozlowski/Documents/zampf/ZAMFP/ZAMFP.srcs/sources_1/new/uart.vhd" Line 84
run all
Stopped at time : 470 ns : File "C:/Users/Mateusz Kozlowski/Documents/zampf/ZAMFP/ZAMFP.srcs/sources_1/new/uart.vhd" Line 86
run all
Stopped at time : 490 ns : File "C:/Users/Mateusz Kozlowski/Documents/zampf/ZAMFP/ZAMFP.srcs/sources_1/new/uart.vhd" Line 82
run all
Stopped at time : 490 ns : File "C:/Users/Mateusz Kozlowski/Documents/zampf/ZAMFP/ZAMFP.srcs/sources_1/new/uart.vhd" Line 84
run all
Stopped at time : 490 ns : File "C:/Users/Mateusz Kozlowski/Documents/zampf/ZAMFP/ZAMFP.srcs/sources_1/new/uart.vhd" Line 86
run all
Stopped at time : 490 ns : File "C:/Users/Mateusz Kozlowski/Documents/zampf/ZAMFP/ZAMFP.srcs/sources_1/new/uart.vhd" Line 82
run all
Stopped at time : 490 ns : File "C:/Users/Mateusz Kozlowski/Documents/zampf/ZAMFP/ZAMFP.srcs/sources_1/new/uart.vhd" Line 84
run all
Stopped at time : 490 ns : File "C:/Users/Mateusz Kozlowski/Documents/zampf/ZAMFP/ZAMFP.srcs/sources_1/new/uart.vhd" Line 86
run all
Stopped at time : 510 ns : File "C:/Users/Mateusz Kozlowski/Documents/zampf/ZAMFP/ZAMFP.srcs/sources_1/new/uart.vhd" Line 82
run all
Stopped at time : 510 ns : File "C:/Users/Mateusz Kozlowski/Documents/zampf/ZAMFP/ZAMFP.srcs/sources_1/new/uart.vhd" Line 84
run all
Stopped at time : 510 ns : File "C:/Users/Mateusz Kozlowski/Documents/zampf/ZAMFP/ZAMFP.srcs/sources_1/new/uart.vhd" Line 86
run all
Stopped at time : 510 ns : File "C:/Users/Mateusz Kozlowski/Documents/zampf/ZAMFP/ZAMFP.srcs/sources_1/new/uart.vhd" Line 82
run all
Stopped at time : 510 ns : File "C:/Users/Mateusz Kozlowski/Documents/zampf/ZAMFP/ZAMFP.srcs/sources_1/new/uart.vhd" Line 84
run all
Stopped at time : 510 ns : File "C:/Users/Mateusz Kozlowski/Documents/zampf/ZAMFP/ZAMFP.srcs/sources_1/new/uart.vhd" Line 86
run all
Stopped at time : 530 ns : File "C:/Users/Mateusz Kozlowski/Documents/zampf/ZAMFP/ZAMFP.srcs/sources_1/new/uart.vhd" Line 82
run all
Stopped at time : 530 ns : File "C:/Users/Mateusz Kozlowski/Documents/zampf/ZAMFP/ZAMFP.srcs/sources_1/new/uart.vhd" Line 84
run all
Stopped at time : 530 ns : File "C:/Users/Mateusz Kozlowski/Documents/zampf/ZAMFP/ZAMFP.srcs/sources_1/new/uart.vhd" Line 86
run all
Stopped at time : 530 ns : File "C:/Users/Mateusz Kozlowski/Documents/zampf/ZAMFP/ZAMFP.srcs/sources_1/new/uart.vhd" Line 82
run all
Stopped at time : 530 ns : File "C:/Users/Mateusz Kozlowski/Documents/zampf/ZAMFP/ZAMFP.srcs/sources_1/new/uart.vhd" Line 84
run all
Stopped at time : 530 ns : File "C:/Users/Mateusz Kozlowski/Documents/zampf/ZAMFP/ZAMFP.srcs/sources_1/new/uart.vhd" Line 86
run all
Stopped at time : 550 ns : File "C:/Users/Mateusz Kozlowski/Documents/zampf/ZAMFP/ZAMFP.srcs/sources_1/new/uart.vhd" Line 82
run all
Stopped at time : 550 ns : File "C:/Users/Mateusz Kozlowski/Documents/zampf/ZAMFP/ZAMFP.srcs/sources_1/new/uart.vhd" Line 84
run all
Stopped at time : 550 ns : File "C:/Users/Mateusz Kozlowski/Documents/zampf/ZAMFP/ZAMFP.srcs/sources_1/new/uart.vhd" Line 86
run all
Stopped at time : 550 ns : File "C:/Users/Mateusz Kozlowski/Documents/zampf/ZAMFP/ZAMFP.srcs/sources_1/new/uart.vhd" Line 82
run all
Stopped at time : 550 ns : File "C:/Users/Mateusz Kozlowski/Documents/zampf/ZAMFP/ZAMFP.srcs/sources_1/new/uart.vhd" Line 84
run all
Stopped at time : 550 ns : File "C:/Users/Mateusz Kozlowski/Documents/zampf/ZAMFP/ZAMFP.srcs/sources_1/new/uart.vhd" Line 86
run all
Stopped at time : 570 ns : File "C:/Users/Mateusz Kozlowski/Documents/zampf/ZAMFP/ZAMFP.srcs/sources_1/new/uart.vhd" Line 82
run all
Stopped at time : 570 ns : File "C:/Users/Mateusz Kozlowski/Documents/zampf/ZAMFP/ZAMFP.srcs/sources_1/new/uart.vhd" Line 84
run all
Stopped at time : 570 ns : File "C:/Users/Mateusz Kozlowski/Documents/zampf/ZAMFP/ZAMFP.srcs/sources_1/new/uart.vhd" Line 86
run all
Stopped at time : 570 ns : File "C:/Users/Mateusz Kozlowski/Documents/zampf/ZAMFP/ZAMFP.srcs/sources_1/new/uart.vhd" Line 82
run all
Stopped at time : 570 ns : File "C:/Users/Mateusz Kozlowski/Documents/zampf/ZAMFP/ZAMFP.srcs/sources_1/new/uart.vhd" Line 84
run all
Stopped at time : 570 ns : File "C:/Users/Mateusz Kozlowski/Documents/zampf/ZAMFP/ZAMFP.srcs/sources_1/new/uart.vhd" Line 86
run all
Stopped at time : 590 ns : File "C:/Users/Mateusz Kozlowski/Documents/zampf/ZAMFP/ZAMFP.srcs/sources_1/new/uart.vhd" Line 82
run all
Stopped at time : 590 ns : File "C:/Users/Mateusz Kozlowski/Documents/zampf/ZAMFP/ZAMFP.srcs/sources_1/new/uart.vhd" Line 84
run all
Stopped at time : 590 ns : File "C:/Users/Mateusz Kozlowski/Documents/zampf/ZAMFP/ZAMFP.srcs/sources_1/new/uart.vhd" Line 86
run all
Stopped at time : 590 ns : File "C:/Users/Mateusz Kozlowski/Documents/zampf/ZAMFP/ZAMFP.srcs/sources_1/new/uart.vhd" Line 82
run all
Stopped at time : 590 ns : File "C:/Users/Mateusz Kozlowski/Documents/zampf/ZAMFP/ZAMFP.srcs/sources_1/new/uart.vhd" Line 84
run all
Stopped at time : 590 ns : File "C:/Users/Mateusz Kozlowski/Documents/zampf/ZAMFP/ZAMFP.srcs/sources_1/new/uart.vhd" Line 86
run all
Stopped at time : 610 ns : File "C:/Users/Mateusz Kozlowski/Documents/zampf/ZAMFP/ZAMFP.srcs/sources_1/new/uart.vhd" Line 82
run all
Stopped at time : 610 ns : File "C:/Users/Mateusz Kozlowski/Documents/zampf/ZAMFP/ZAMFP.srcs/sources_1/new/uart.vhd" Line 84
run all
Stopped at time : 610 ns : File "C:/Users/Mateusz Kozlowski/Documents/zampf/ZAMFP/ZAMFP.srcs/sources_1/new/uart.vhd" Line 86
run all
Stopped at time : 610 ns : File "C:/Users/Mateusz Kozlowski/Documents/zampf/ZAMFP/ZAMFP.srcs/sources_1/new/uart.vhd" Line 82
run all
Stopped at time : 610 ns : File "C:/Users/Mateusz Kozlowski/Documents/zampf/ZAMFP/ZAMFP.srcs/sources_1/new/uart.vhd" Line 84
run all
Stopped at time : 610 ns : File "C:/Users/Mateusz Kozlowski/Documents/zampf/ZAMFP/ZAMFP.srcs/sources_1/new/uart.vhd" Line 86
run all
Stopped at time : 630 ns : File "C:/Users/Mateusz Kozlowski/Documents/zampf/ZAMFP/ZAMFP.srcs/sources_1/new/uart.vhd" Line 82
run all
Stopped at time : 630 ns : File "C:/Users/Mateusz Kozlowski/Documents/zampf/ZAMFP/ZAMFP.srcs/sources_1/new/uart.vhd" Line 84
run all
Stopped at time : 630 ns : File "C:/Users/Mateusz Kozlowski/Documents/zampf/ZAMFP/ZAMFP.srcs/sources_1/new/uart.vhd" Line 86
run all
Stopped at time : 630 ns : File "C:/Users/Mateusz Kozlowski/Documents/zampf/ZAMFP/ZAMFP.srcs/sources_1/new/uart.vhd" Line 82
run all
Stopped at time : 630 ns : File "C:/Users/Mateusz Kozlowski/Documents/zampf/ZAMFP/ZAMFP.srcs/sources_1/new/uart.vhd" Line 84
run all
Stopped at time : 630 ns : File "C:/Users/Mateusz Kozlowski/Documents/zampf/ZAMFP/ZAMFP.srcs/sources_1/new/uart.vhd" Line 86
run all
Stopped at time : 650 ns : File "C:/Users/Mateusz Kozlowski/Documents/zampf/ZAMFP/ZAMFP.srcs/sources_1/new/uart.vhd" Line 82
run all
Stopped at time : 650 ns : File "C:/Users/Mateusz Kozlowski/Documents/zampf/ZAMFP/ZAMFP.srcs/sources_1/new/uart.vhd" Line 84
run all
Stopped at time : 650 ns : File "C:/Users/Mateusz Kozlowski/Documents/zampf/ZAMFP/ZAMFP.srcs/sources_1/new/uart.vhd" Line 86
run all
Stopped at time : 650 ns : File "C:/Users/Mateusz Kozlowski/Documents/zampf/ZAMFP/ZAMFP.srcs/sources_1/new/uart.vhd" Line 82
run all
Stopped at time : 650 ns : File "C:/Users/Mateusz Kozlowski/Documents/zampf/ZAMFP/ZAMFP.srcs/sources_1/new/uart.vhd" Line 84
run all
Stopped at time : 650 ns : File "C:/Users/Mateusz Kozlowski/Documents/zampf/ZAMFP/ZAMFP.srcs/sources_1/new/uart.vhd" Line 86
run all
Stopped at time : 670 ns : File "C:/Users/Mateusz Kozlowski/Documents/zampf/ZAMFP/ZAMFP.srcs/sources_1/new/uart.vhd" Line 82
run all
Stopped at time : 670 ns : File "C:/Users/Mateusz Kozlowski/Documents/zampf/ZAMFP/ZAMFP.srcs/sources_1/new/uart.vhd" Line 84
run all
Stopped at time : 670 ns : File "C:/Users/Mateusz Kozlowski/Documents/zampf/ZAMFP/ZAMFP.srcs/sources_1/new/uart.vhd" Line 86
run all
Stopped at time : 670 ns : File "C:/Users/Mateusz Kozlowski/Documents/zampf/ZAMFP/ZAMFP.srcs/sources_1/new/uart.vhd" Line 82
run all
Stopped at time : 670 ns : File "C:/Users/Mateusz Kozlowski/Documents/zampf/ZAMFP/ZAMFP.srcs/sources_1/new/uart.vhd" Line 84
run all
Stopped at time : 670 ns : File "C:/Users/Mateusz Kozlowski/Documents/zampf/ZAMFP/ZAMFP.srcs/sources_1/new/uart.vhd" Line 86
run all
Stopped at time : 690 ns : File "C:/Users/Mateusz Kozlowski/Documents/zampf/ZAMFP/ZAMFP.srcs/sources_1/new/uart.vhd" Line 82
add_bp {C:/Users/Mateusz Kozlowski/Documents/zampf/ZAMFP/ZAMFP.srcs/sources_1/new/uart.vhd} 93
run all
Stopped at time : 690 ns : File "C:/Users/Mateusz Kozlowski/Documents/zampf/ZAMFP/ZAMFP.srcs/sources_1/new/uart.vhd" Line 84
run all
Stopped at time : 690 ns : File "C:/Users/Mateusz Kozlowski/Documents/zampf/ZAMFP/ZAMFP.srcs/sources_1/new/uart.vhd" Line 86
run all
Stopped at time : 690 ns : File "C:/Users/Mateusz Kozlowski/Documents/zampf/ZAMFP/ZAMFP.srcs/sources_1/new/uart.vhd" Line 93
run all
Stopped at time : 690 ns : File "C:/Users/Mateusz Kozlowski/Documents/zampf/ZAMFP/ZAMFP.srcs/sources_1/new/uart.vhd" Line 82
run all
Stopped at time : 690 ns : File "C:/Users/Mateusz Kozlowski/Documents/zampf/ZAMFP/ZAMFP.srcs/sources_1/new/uart.vhd" Line 84
run all
Stopped at time : 690 ns : File "C:/Users/Mateusz Kozlowski/Documents/zampf/ZAMFP/ZAMFP.srcs/sources_1/new/uart.vhd" Line 86
run all
Stopped at time : 690 ns : File "C:/Users/Mateusz Kozlowski/Documents/zampf/ZAMFP/ZAMFP.srcs/sources_1/new/uart.vhd" Line 93
run all
Stopped at time : 710 ns : File "C:/Users/Mateusz Kozlowski/Documents/zampf/ZAMFP/ZAMFP.srcs/sources_1/new/uart.vhd" Line 82
run all
Stopped at time : 710 ns : File "C:/Users/Mateusz Kozlowski/Documents/zampf/ZAMFP/ZAMFP.srcs/sources_1/new/uart.vhd" Line 84
run all
Stopped at time : 710 ns : File "C:/Users/Mateusz Kozlowski/Documents/zampf/ZAMFP/ZAMFP.srcs/sources_1/new/uart.vhd" Line 86
run all
Stopped at time : 710 ns : File "C:/Users/Mateusz Kozlowski/Documents/zampf/ZAMFP/ZAMFP.srcs/sources_1/new/uart.vhd" Line 93
run all
Stopped at time : 710 ns : File "C:/Users/Mateusz Kozlowski/Documents/zampf/ZAMFP/ZAMFP.srcs/sources_1/new/uart.vhd" Line 82
run all
Stopped at time : 710 ns : File "C:/Users/Mateusz Kozlowski/Documents/zampf/ZAMFP/ZAMFP.srcs/sources_1/new/uart.vhd" Line 84
run all
Stopped at time : 710 ns : File "C:/Users/Mateusz Kozlowski/Documents/zampf/ZAMFP/ZAMFP.srcs/sources_1/new/uart.vhd" Line 86
run all
Stopped at time : 710 ns : File "C:/Users/Mateusz Kozlowski/Documents/zampf/ZAMFP/ZAMFP.srcs/sources_1/new/uart.vhd" Line 93
run all
Stopped at time : 730 ns : File "C:/Users/Mateusz Kozlowski/Documents/zampf/ZAMFP/ZAMFP.srcs/sources_1/new/uart.vhd" Line 82
run all
Stopped at time : 730 ns : File "C:/Users/Mateusz Kozlowski/Documents/zampf/ZAMFP/ZAMFP.srcs/sources_1/new/uart.vhd" Line 84
run all
Stopped at time : 730 ns : File "C:/Users/Mateusz Kozlowski/Documents/zampf/ZAMFP/ZAMFP.srcs/sources_1/new/uart.vhd" Line 86
run all
Stopped at time : 730 ns : File "C:/Users/Mateusz Kozlowski/Documents/zampf/ZAMFP/ZAMFP.srcs/sources_1/new/uart.vhd" Line 93
add_bp {C:/Users/Mateusz Kozlowski/Documents/zampf/ZAMFP/ZAMFP.srcs/sources_1/new/uart.vhd} 96
run all
Stopped at time : 730 ns : File "C:/Users/Mateusz Kozlowski/Documents/zampf/ZAMFP/ZAMFP.srcs/sources_1/new/uart.vhd" Line 82
run all
Stopped at time : 730 ns : File "C:/Users/Mateusz Kozlowski/Documents/zampf/ZAMFP/ZAMFP.srcs/sources_1/new/uart.vhd" Line 84
run all
Stopped at time : 730 ns : File "C:/Users/Mateusz Kozlowski/Documents/zampf/ZAMFP/ZAMFP.srcs/sources_1/new/uart.vhd" Line 86
run all
Stopped at time : 730 ns : File "C:/Users/Mateusz Kozlowski/Documents/zampf/ZAMFP/ZAMFP.srcs/sources_1/new/uart.vhd" Line 93
run all
Stopped at time : 750 ns : File "C:/Users/Mateusz Kozlowski/Documents/zampf/ZAMFP/ZAMFP.srcs/sources_1/new/uart.vhd" Line 82
run all
Stopped at time : 750 ns : File "C:/Users/Mateusz Kozlowski/Documents/zampf/ZAMFP/ZAMFP.srcs/sources_1/new/uart.vhd" Line 84
run all
Stopped at time : 750 ns : File "C:/Users/Mateusz Kozlowski/Documents/zampf/ZAMFP/ZAMFP.srcs/sources_1/new/uart.vhd" Line 86
run all
Stopped at time : 750 ns : File "C:/Users/Mateusz Kozlowski/Documents/zampf/ZAMFP/ZAMFP.srcs/sources_1/new/uart.vhd" Line 93
run all
Stopped at time : 750 ns : File "C:/Users/Mateusz Kozlowski/Documents/zampf/ZAMFP/ZAMFP.srcs/sources_1/new/uart.vhd" Line 82
run all
Stopped at time : 750 ns : File "C:/Users/Mateusz Kozlowski/Documents/zampf/ZAMFP/ZAMFP.srcs/sources_1/new/uart.vhd" Line 84
run all
Stopped at time : 750 ns : File "C:/Users/Mateusz Kozlowski/Documents/zampf/ZAMFP/ZAMFP.srcs/sources_1/new/uart.vhd" Line 86
run all
Stopped at time : 750 ns : File "C:/Users/Mateusz Kozlowski/Documents/zampf/ZAMFP/ZAMFP.srcs/sources_1/new/uart.vhd" Line 93
run all
Stopped at time : 770 ns : File "C:/Users/Mateusz Kozlowski/Documents/zampf/ZAMFP/ZAMFP.srcs/sources_1/new/uart.vhd" Line 82
run all
Stopped at time : 770 ns : File "C:/Users/Mateusz Kozlowski/Documents/zampf/ZAMFP/ZAMFP.srcs/sources_1/new/uart.vhd" Line 84
run all
Stopped at time : 770 ns : File "C:/Users/Mateusz Kozlowski/Documents/zampf/ZAMFP/ZAMFP.srcs/sources_1/new/uart.vhd" Line 86
run all
Stopped at time : 770 ns : File "C:/Users/Mateusz Kozlowski/Documents/zampf/ZAMFP/ZAMFP.srcs/sources_1/new/uart.vhd" Line 93
run all
Stopped at time : 770 ns : File "C:/Users/Mateusz Kozlowski/Documents/zampf/ZAMFP/ZAMFP.srcs/sources_1/new/uart.vhd" Line 82
run all
Stopped at time : 770 ns : File "C:/Users/Mateusz Kozlowski/Documents/zampf/ZAMFP/ZAMFP.srcs/sources_1/new/uart.vhd" Line 84
run all
Stopped at time : 770 ns : File "C:/Users/Mateusz Kozlowski/Documents/zampf/ZAMFP/ZAMFP.srcs/sources_1/new/uart.vhd" Line 86
run all
Stopped at time : 770 ns : File "C:/Users/Mateusz Kozlowski/Documents/zampf/ZAMFP/ZAMFP.srcs/sources_1/new/uart.vhd" Line 93
add_bp {C:/Users/Mateusz Kozlowski/Documents/zampf/ZAMFP/ZAMFP.srcs/sources_1/new/uart.vhd} 95
remove_bps -file {C:/Users/Mateusz Kozlowski/Documents/zampf/ZAMFP/ZAMFP.srcs/sources_1/new/uart.vhd} -line 93
remove_bps -file {C:/Users/Mateusz Kozlowski/Documents/zampf/ZAMFP/ZAMFP.srcs/sources_1/new/uart.vhd} -line 88
remove_bps -file {C:/Users/Mateusz Kozlowski/Documents/zampf/ZAMFP/ZAMFP.srcs/sources_1/new/uart.vhd} -line 87
remove_bps -file {C:/Users/Mateusz Kozlowski/Documents/zampf/ZAMFP/ZAMFP.srcs/sources_1/new/uart.vhd} -line 86
remove_bps -file {C:/Users/Mateusz Kozlowski/Documents/zampf/ZAMFP/ZAMFP.srcs/sources_1/new/uart.vhd} -line 84
remove_bps -file {C:/Users/Mateusz Kozlowski/Documents/zampf/ZAMFP/ZAMFP.srcs/sources_1/new/uart.vhd} -line 82
remove_bps -file {C:/Users/Mateusz Kozlowski/Documents/zampf/ZAMFP/ZAMFP.srcs/sources_1/new/uart.vhd} -line 100
remove_bps -file {C:/Users/Mateusz Kozlowski/Documents/zampf/ZAMFP/ZAMFP.srcs/sources_1/new/uart.vhd} -line 101
remove_bps -file {C:/Users/Mateusz Kozlowski/Documents/zampf/ZAMFP/ZAMFP.srcs/sources_1/new/uart.vhd} -line 106
run all
Stopped at time : 4550 ns : File "C:/Users/Mateusz Kozlowski/Documents/zampf/ZAMFP/ZAMFP.srcs/sources_1/new/uart.vhd" Line 95
run all
Stopped at time : 4550 ns : File "C:/Users/Mateusz Kozlowski/Documents/zampf/ZAMFP/ZAMFP.srcs/sources_1/new/uart.vhd" Line 96
run all
Stopped at time : 4570 ns : File "C:/Users/Mateusz Kozlowski/Documents/zampf/ZAMFP/ZAMFP.srcs/sources_1/new/uart.vhd" Line 95
run all
Stopped at time : 8910 ns : File "C:/Users/Mateusz Kozlowski/Documents/zampf/ZAMFP/ZAMFP.srcs/sources_1/new/uart.vhd" Line 95
run all
Stopped at time : 8930 ns : File "C:/Users/Mateusz Kozlowski/Documents/zampf/ZAMFP/ZAMFP.srcs/sources_1/new/uart.vhd" Line 95
run all
Stopped at time : 13270 ns : File "C:/Users/Mateusz Kozlowski/Documents/zampf/ZAMFP/ZAMFP.srcs/sources_1/new/uart.vhd" Line 95
run all
Stopped at time : 13270 ns : File "C:/Users/Mateusz Kozlowski/Documents/zampf/ZAMFP/ZAMFP.srcs/sources_1/new/uart.vhd" Line 96
run all
Stopped at time : 13290 ns : File "C:/Users/Mateusz Kozlowski/Documents/zampf/ZAMFP/ZAMFP.srcs/sources_1/new/uart.vhd" Line 95
run all
Stopped at time : 17630 ns : File "C:/Users/Mateusz Kozlowski/Documents/zampf/ZAMFP/ZAMFP.srcs/sources_1/new/uart.vhd" Line 95
run all
Stopped at time : 17650 ns : File "C:/Users/Mateusz Kozlowski/Documents/zampf/ZAMFP/ZAMFP.srcs/sources_1/new/uart.vhd" Line 95
run all
Stopped at time : 21990 ns : File "C:/Users/Mateusz Kozlowski/Documents/zampf/ZAMFP/ZAMFP.srcs/sources_1/new/uart.vhd" Line 95
run all
Stopped at time : 21990 ns : File "C:/Users/Mateusz Kozlowski/Documents/zampf/ZAMFP/ZAMFP.srcs/sources_1/new/uart.vhd" Line 96
run all
Stopped at time : 22010 ns : File "C:/Users/Mateusz Kozlowski/Documents/zampf/ZAMFP/ZAMFP.srcs/sources_1/new/uart.vhd" Line 95
run all
Stopped at time : 26350 ns : File "C:/Users/Mateusz Kozlowski/Documents/zampf/ZAMFP/ZAMFP.srcs/sources_1/new/uart.vhd" Line 95
run all
Stopped at time : 26370 ns : File "C:/Users/Mateusz Kozlowski/Documents/zampf/ZAMFP/ZAMFP.srcs/sources_1/new/uart.vhd" Line 95
run all
Stopped at time : 30710 ns : File "C:/Users/Mateusz Kozlowski/Documents/zampf/ZAMFP/ZAMFP.srcs/sources_1/new/uart.vhd" Line 95
run all
Stopped at time : 30710 ns : File "C:/Users/Mateusz Kozlowski/Documents/zampf/ZAMFP/ZAMFP.srcs/sources_1/new/uart.vhd" Line 96
run all
Stopped at time : 30730 ns : File "C:/Users/Mateusz Kozlowski/Documents/zampf/ZAMFP/ZAMFP.srcs/sources_1/new/uart.vhd" Line 95
run all
Stopped at time : 35070 ns : File "C:/Users/Mateusz Kozlowski/Documents/zampf/ZAMFP/ZAMFP.srcs/sources_1/new/uart.vhd" Line 95
run all
Stopped at time : 35090 ns : File "C:/Users/Mateusz Kozlowski/Documents/zampf/ZAMFP/ZAMFP.srcs/sources_1/new/uart.vhd" Line 95
run all
Stopped at time : 39430 ns : File "C:/Users/Mateusz Kozlowski/Documents/zampf/ZAMFP/ZAMFP.srcs/sources_1/new/uart.vhd" Line 95
run all
Stopped at time : 39430 ns : File "C:/Users/Mateusz Kozlowski/Documents/zampf/ZAMFP/ZAMFP.srcs/sources_1/new/uart.vhd" Line 96
run all
Stopped at time : 39450 ns : File "C:/Users/Mateusz Kozlowski/Documents/zampf/ZAMFP/ZAMFP.srcs/sources_1/new/uart.vhd" Line 95
run all
Stopped at time : 43790 ns : File "C:/Users/Mateusz Kozlowski/Documents/zampf/ZAMFP/ZAMFP.srcs/sources_1/new/uart.vhd" Line 95
run all
Stopped at time : 43810 ns : File "C:/Users/Mateusz Kozlowski/Documents/zampf/ZAMFP/ZAMFP.srcs/sources_1/new/uart.vhd" Line 95
run all
Stopped at time : 48150 ns : File "C:/Users/Mateusz Kozlowski/Documents/zampf/ZAMFP/ZAMFP.srcs/sources_1/new/uart.vhd" Line 95
run all
Stopped at time : 48150 ns : File "C:/Users/Mateusz Kozlowski/Documents/zampf/ZAMFP/ZAMFP.srcs/sources_1/new/uart.vhd" Line 96
run all
Stopped at time : 48170 ns : File "C:/Users/Mateusz Kozlowski/Documents/zampf/ZAMFP/ZAMFP.srcs/sources_1/new/uart.vhd" Line 95
run all
Stopped at time : 52510 ns : File "C:/Users/Mateusz Kozlowski/Documents/zampf/ZAMFP/ZAMFP.srcs/sources_1/new/uart.vhd" Line 95
run all
Stopped at time : 52530 ns : File "C:/Users/Mateusz Kozlowski/Documents/zampf/ZAMFP/ZAMFP.srcs/sources_1/new/uart.vhd" Line 95
run all
Stopped at time : 56870 ns : File "C:/Users/Mateusz Kozlowski/Documents/zampf/ZAMFP/ZAMFP.srcs/sources_1/new/uart.vhd" Line 95
run all
Stopped at time : 56870 ns : File "C:/Users/Mateusz Kozlowski/Documents/zampf/ZAMFP/ZAMFP.srcs/sources_1/new/uart.vhd" Line 96
run all
Stopped at time : 56890 ns : File "C:/Users/Mateusz Kozlowski/Documents/zampf/ZAMFP/ZAMFP.srcs/sources_1/new/uart.vhd" Line 95
run all
Stopped at time : 61230 ns : File "C:/Users/Mateusz Kozlowski/Documents/zampf/ZAMFP/ZAMFP.srcs/sources_1/new/uart.vhd" Line 95
run all
Stopped at time : 61250 ns : File "C:/Users/Mateusz Kozlowski/Documents/zampf/ZAMFP/ZAMFP.srcs/sources_1/new/uart.vhd" Line 95
run all
Stopped at time : 65590 ns : File "C:/Users/Mateusz Kozlowski/Documents/zampf/ZAMFP/ZAMFP.srcs/sources_1/new/uart.vhd" Line 95
run all
Stopped at time : 65590 ns : File "C:/Users/Mateusz Kozlowski/Documents/zampf/ZAMFP/ZAMFP.srcs/sources_1/new/uart.vhd" Line 96
run all
Stopped at time : 65610 ns : File "C:/Users/Mateusz Kozlowski/Documents/zampf/ZAMFP/ZAMFP.srcs/sources_1/new/uart.vhd" Line 95
run all
Stopped at time : 69950 ns : File "C:/Users/Mateusz Kozlowski/Documents/zampf/ZAMFP/ZAMFP.srcs/sources_1/new/uart.vhd" Line 95
run all
Stopped at time : 69970 ns : File "C:/Users/Mateusz Kozlowski/Documents/zampf/ZAMFP/ZAMFP.srcs/sources_1/new/uart.vhd" Line 95
run all
Stopped at time : 74310 ns : File "C:/Users/Mateusz Kozlowski/Documents/zampf/ZAMFP/ZAMFP.srcs/sources_1/new/uart.vhd" Line 95
relaunch_sim
Command: launch_simulation -step compile -simset sim_1 -mode behavioral
INFO: [Vivado 12-12493] Simulation top is 'system_tb'
INFO: [Vivado 12-5682] Launching behavioral simulation in 'C:/Users/Mateusz Kozlowski/Documents/zampf/ZAMFP/ZAMFP.sim/sim_1/behav/xsim'
INFO: [SIM-utils-51] Simulation object is 'sim_1'
INFO: [USF-XSim-2] XSim::Compile design
INFO: [USF-XSim-61] Executing 'COMPILE and ANALYZE' step in 'C:/Users/Mateusz Kozlowski/Documents/zampf/ZAMFP/ZAMFP.sim/sim_1/behav/xsim'
"xvhdl --incr --relax -prj system_tb_vhdl.prj"
INFO: [VRFC 10-163] Analyzing VHDL file "C:/Users/Mateusz Kozlowski/Documents/zampf/ZAMFP/ZAMFP.srcs/sources_1/new/uart.vhd" into library xil_defaultlib
INFO: [VRFC 10-3107] analyzing entity 'uart'
INFO: [VRFC 10-163] Analyzing VHDL file "C:/Users/Mateusz Kozlowski/Documents/zampf/ZAMFP/ZAMFP.srcs/sources_1/new/top.vhd" into library xil_defaultlib
INFO: [VRFC 10-3107] analyzing entity 'system_rtl'
INFO: [VRFC 10-163] Analyzing VHDL file "C:/Users/Mateusz Kozlowski/Documents/zampf/ZAMFP/ZAMFP.srcs/system/new/system_tb.vhd" into library xil_defaultlib
INFO: [VRFC 10-3107] analyzing entity 'system_tb'
INFO: [USF-XSim-69] 'compile' step finished in '1' seconds
Command: launch_simulation -step elaborate -simset sim_1 -mode behavioral
INFO: [Vivado 12-12493] Simulation top is 'system_tb'
INFO: [Vivado 12-5682] Launching behavioral simulation in 'C:/Users/Mateusz Kozlowski/Documents/zampf/ZAMFP/ZAMFP.sim/sim_1/behav/xsim'
INFO: [SIM-utils-51] Simulation object is 'sim_1'
INFO: [USF-XSim-3] XSim::Elaborate design
INFO: [USF-XSim-61] Executing 'ELABORATE' step in 'C:/Users/Mateusz Kozlowski/Documents/zampf/ZAMFP/ZAMFP.sim/sim_1/behav/xsim'
"xelab --incr --debug typical --relax --mt 2 -L xil_defaultlib -L secureip --snapshot system_tb_behav xil_defaultlib.system_tb -log elaborate.log"
Vivado Simulator v2025.1.0
Copyright 1986-2022 Xilinx, Inc. All Rights Reserved.
Copyright 2022-2025 Advanced Micro Devices, Inc. All Rights Reserved.
Running: C:/Xilinx/2025.1/Vivado/bin/unwrapped/win64.o/xelab.exe --incr --debug typical --relax --mt 2 -L xil_defaultlib -L secureip --snapshot system_tb_behav xil_defaultlib.system_tb -log elaborate.log 
Using 2 slave threads.
Starting static elaboration
Completed static elaboration
Starting simulation data flow analysis
Completed simulation data flow analysis
Time Resolution for simulation is 1ps
Compiling package std.standard
Compiling package std.textio
Compiling package ieee.std_logic_1164
Compiling package ieee.std_logic_textio
Compiling package ieee.numeric_std
Compiling architecture behavioral of entity xil_defaultlib.ram [ram_default]
Compiling architecture rtl of entity xil_defaultlib.uart [\uart(baud=115200)\]
Compiling architecture behavioral of entity xil_defaultlib.uart_ram_ctrl [uart_ram_ctrl_default]
Compiling architecture rtl of entity xil_defaultlib.system_rtl [system_rtl_default]
Compiling architecture rtl of entity xil_defaultlib.uart [uart_default]
Compiling architecture sim of entity xil_defaultlib.system_tb
Built simulation snapshot system_tb_behav
INFO: [USF-XSim-69] 'elaborate' step finished in '1' seconds
Time resolution is 1 ps
relaunch_sim: Time (s): cpu = 00:00:01 ; elapsed = 00:00:06 . Memory (MB): peak = 3418.723 ; gain = 0.000
run all
Stopped at time : 4550 ns : File "C:/Users/Mateusz Kozlowski/Documents/zampf/ZAMFP/ZAMFP.srcs/sources_1/new/uart.vhd" Line 95
run all
Stopped at time : 4550 ns : File "C:/Users/Mateusz Kozlowski/Documents/zampf/ZAMFP/ZAMFP.srcs/sources_1/new/uart.vhd" Line 96
run all
Stopped at time : 4570 ns : File "C:/Users/Mateusz Kozlowski/Documents/zampf/ZAMFP/ZAMFP.srcs/sources_1/new/uart.vhd" Line 95
run all
Stopped at time : 8910 ns : File "C:/Users/Mateusz Kozlowski/Documents/zampf/ZAMFP/ZAMFP.srcs/sources_1/new/uart.vhd" Line 95
run all
Stopped at time : 8930 ns : File "C:/Users/Mateusz Kozlowski/Documents/zampf/ZAMFP/ZAMFP.srcs/sources_1/new/uart.vhd" Line 95
run all
Stopped at time : 13270 ns : File "C:/Users/Mateusz Kozlowski/Documents/zampf/ZAMFP/ZAMFP.srcs/sources_1/new/uart.vhd" Line 95
run all
Stopped at time : 13270 ns : File "C:/Users/Mateusz Kozlowski/Documents/zampf/ZAMFP/ZAMFP.srcs/sources_1/new/uart.vhd" Line 96
run all
Stopped at time : 13290 ns : File "C:/Users/Mateusz Kozlowski/Documents/zampf/ZAMFP/ZAMFP.srcs/sources_1/new/uart.vhd" Line 95
run all
Stopped at time : 17630 ns : File "C:/Users/Mateusz Kozlowski/Documents/zampf/ZAMFP/ZAMFP.srcs/sources_1/new/uart.vhd" Line 95
run all
Stopped at time : 17650 ns : File "C:/Users/Mateusz Kozlowski/Documents/zampf/ZAMFP/ZAMFP.srcs/sources_1/new/uart.vhd" Line 95
run all
Stopped at time : 21990 ns : File "C:/Users/Mateusz Kozlowski/Documents/zampf/ZAMFP/ZAMFP.srcs/sources_1/new/uart.vhd" Line 95
run all
Stopped at time : 21990 ns : File "C:/Users/Mateusz Kozlowski/Documents/zampf/ZAMFP/ZAMFP.srcs/sources_1/new/uart.vhd" Line 96
run all
Stopped at time : 22010 ns : File "C:/Users/Mateusz Kozlowski/Documents/zampf/ZAMFP/ZAMFP.srcs/sources_1/new/uart.vhd" Line 95
run all
Stopped at time : 26350 ns : File "C:/Users/Mateusz Kozlowski/Documents/zampf/ZAMFP/ZAMFP.srcs/sources_1/new/uart.vhd" Line 95
run all
Stopped at time : 26370 ns : File "C:/Users/Mateusz Kozlowski/Documents/zampf/ZAMFP/ZAMFP.srcs/sources_1/new/uart.vhd" Line 95
run all
Stopped at time : 30710 ns : File "C:/Users/Mateusz Kozlowski/Documents/zampf/ZAMFP/ZAMFP.srcs/sources_1/new/uart.vhd" Line 95
run all
Stopped at time : 30710 ns : File "C:/Users/Mateusz Kozlowski/Documents/zampf/ZAMFP/ZAMFP.srcs/sources_1/new/uart.vhd" Line 96
run all
Stopped at time : 30730 ns : File "C:/Users/Mateusz Kozlowski/Documents/zampf/ZAMFP/ZAMFP.srcs/sources_1/new/uart.vhd" Line 95
run all
Stopped at time : 35070 ns : File "C:/Users/Mateusz Kozlowski/Documents/zampf/ZAMFP/ZAMFP.srcs/sources_1/new/uart.vhd" Line 95
run all
Stopped at time : 35090 ns : File "C:/Users/Mateusz Kozlowski/Documents/zampf/ZAMFP/ZAMFP.srcs/sources_1/new/uart.vhd" Line 95
run all
Stopped at time : 39430 ns : File "C:/Users/Mateusz Kozlowski/Documents/zampf/ZAMFP/ZAMFP.srcs/sources_1/new/uart.vhd" Line 95
run all
Stopped at time : 39430 ns : File "C:/Users/Mateusz Kozlowski/Documents/zampf/ZAMFP/ZAMFP.srcs/sources_1/new/uart.vhd" Line 96
run all
Stopped at time : 39450 ns : File "C:/Users/Mateusz Kozlowski/Documents/zampf/ZAMFP/ZAMFP.srcs/sources_1/new/uart.vhd" Line 95
run all
Stopped at time : 43790 ns : File "C:/Users/Mateusz Kozlowski/Documents/zampf/ZAMFP/ZAMFP.srcs/sources_1/new/uart.vhd" Line 95
run all
Stopped at time : 43810 ns : File "C:/Users/Mateusz Kozlowski/Documents/zampf/ZAMFP/ZAMFP.srcs/sources_1/new/uart.vhd" Line 95
run all
Stopped at time : 48150 ns : File "C:/Users/Mateusz Kozlowski/Documents/zampf/ZAMFP/ZAMFP.srcs/sources_1/new/uart.vhd" Line 95
run all
Stopped at time : 48150 ns : File "C:/Users/Mateusz Kozlowski/Documents/zampf/ZAMFP/ZAMFP.srcs/sources_1/new/uart.vhd" Line 96
run all
Stopped at time : 48170 ns : File "C:/Users/Mateusz Kozlowski/Documents/zampf/ZAMFP/ZAMFP.srcs/sources_1/new/uart.vhd" Line 95
run all
Stopped at time : 52510 ns : File "C:/Users/Mateusz Kozlowski/Documents/zampf/ZAMFP/ZAMFP.srcs/sources_1/new/uart.vhd" Line 95
run all
Stopped at time : 52530 ns : File "C:/Users/Mateusz Kozlowski/Documents/zampf/ZAMFP/ZAMFP.srcs/sources_1/new/uart.vhd" Line 95
run all
Stopped at time : 56870 ns : File "C:/Users/Mateusz Kozlowski/Documents/zampf/ZAMFP/ZAMFP.srcs/sources_1/new/uart.vhd" Line 95
run all
Stopped at time : 56870 ns : File "C:/Users/Mateusz Kozlowski/Documents/zampf/ZAMFP/ZAMFP.srcs/sources_1/new/uart.vhd" Line 96
run all
Stopped at time : 56890 ns : File "C:/Users/Mateusz Kozlowski/Documents/zampf/ZAMFP/ZAMFP.srcs/sources_1/new/uart.vhd" Line 95
run all
Stopped at time : 61230 ns : File "C:/Users/Mateusz Kozlowski/Documents/zampf/ZAMFP/ZAMFP.srcs/sources_1/new/uart.vhd" Line 95
run all
Stopped at time : 61250 ns : File "C:/Users/Mateusz Kozlowski/Documents/zampf/ZAMFP/ZAMFP.srcs/sources_1/new/uart.vhd" Line 95
run all
Stopped at time : 65590 ns : File "C:/Users/Mateusz Kozlowski/Documents/zampf/ZAMFP/ZAMFP.srcs/sources_1/new/uart.vhd" Line 95
run all
Stopped at time : 65590 ns : File "C:/Users/Mateusz Kozlowski/Documents/zampf/ZAMFP/ZAMFP.srcs/sources_1/new/uart.vhd" Line 96
run all
Stopped at time : 65610 ns : File "C:/Users/Mateusz Kozlowski/Documents/zampf/ZAMFP/ZAMFP.srcs/sources_1/new/uart.vhd" Line 95
run all
Stopped at time : 69950 ns : File "C:/Users/Mateusz Kozlowski/Documents/zampf/ZAMFP/ZAMFP.srcs/sources_1/new/uart.vhd" Line 95
run all
Stopped at time : 69970 ns : File "C:/Users/Mateusz Kozlowski/Documents/zampf/ZAMFP/ZAMFP.srcs/sources_1/new/uart.vhd" Line 95
run all
Stopped at time : 74310 ns : File "C:/Users/Mateusz Kozlowski/Documents/zampf/ZAMFP/ZAMFP.srcs/sources_1/new/uart.vhd" Line 95
run all
Stopped at time : 74310 ns : File "C:/Users/Mateusz Kozlowski/Documents/zampf/ZAMFP/ZAMFP.srcs/sources_1/new/uart.vhd" Line 96
run all
Stopped at time : 74330 ns : File "C:/Users/Mateusz Kozlowski/Documents/zampf/ZAMFP/ZAMFP.srcs/sources_1/new/uart.vhd" Line 95
run all
Stopped at time : 78670 ns : File "C:/Users/Mateusz Kozlowski/Documents/zampf/ZAMFP/ZAMFP.srcs/sources_1/new/uart.vhd" Line 95
run all
Stopped at time : 78690 ns : File "C:/Users/Mateusz Kozlowski/Documents/zampf/ZAMFP/ZAMFP.srcs/sources_1/new/uart.vhd" Line 95
run all

Stopped at time : 83030 ns : File "C:/Users/Mateusz Kozlowski/Documents/zampf/ZAMFP/ZAMFP.srcs/sources_1/new/uart.vhd" Line 95
run all
Stopped at time : 83030 ns : File "C:/Users/Mateusz Kozlowski/Documents/zampf/ZAMFP/ZAMFP.srcs/sources_1/new/uart.vhd" Line 96
run all
Stopped at time : 83050 ns : File "C:/Users/Mateusz Kozlowski/Documents/zampf/ZAMFP/ZAMFP.srcs/sources_1/new/uart.vhd" Line 95
run all
Stopped at time : 87390 ns : File "C:/Users/Mateusz Kozlowski/Documents/zampf/ZAMFP/ZAMFP.srcs/sources_1/new/uart.vhd" Line 95
run all
Stopped at time : 87410 ns : File "C:/Users/Mateusz Kozlowski/Documents/zampf/ZAMFP/ZAMFP.srcs/sources_1/new/uart.vhd" Line 95
run all
Stopped at time : 91750 ns : File "C:/Users/Mateusz Kozlowski/Documents/zampf/ZAMFP/ZAMFP.srcs/sources_1/new/uart.vhd" Line 95
current_wave_config {system_tb_behav.wcfg}
system_tb_behav.wcfg
add_wave {{/system_tb/bit_period}} 
run all
Stopped at time : 91750 ns : File "C:/Users/Mateusz Kozlowski/Documents/zampf/ZAMFP/ZAMFP.srcs/sources_1/new/uart.vhd" Line 96
run all
Stopped at time : 91770 ns : File "C:/Users/Mateusz Kozlowski/Documents/zampf/ZAMFP/ZAMFP.srcs/sources_1/new/uart.vhd" Line 95
run all
Stopped at time : 96110 ns : File "C:/Users/Mateusz Kozlowski/Documents/zampf/ZAMFP/ZAMFP.srcs/sources_1/new/uart.vhd" Line 95
run all
Stopped at time : 96130 ns : File "C:/Users/Mateusz Kozlowski/Documents/zampf/ZAMFP/ZAMFP.srcs/sources_1/new/uart.vhd" Line 95
run all
Stopped at time : 100470 ns : File "C:/Users/Mateusz Kozlowski/Documents/zampf/ZAMFP/ZAMFP.srcs/sources_1/new/uart.vhd" Line 95
run all
Stopped at time : 100470 ns : File "C:/Users/Mateusz Kozlowski/Documents/zampf/ZAMFP/ZAMFP.srcs/sources_1/new/uart.vhd" Line 96
run all
Stopped at time : 100490 ns : File "C:/Users/Mateusz Kozlowski/Documents/zampf/ZAMFP/ZAMFP.srcs/sources_1/new/uart.vhd" Line 95
run all
Stopped at time : 104830 ns : File "C:/Users/Mateusz Kozlowski/Documents/zampf/ZAMFP/ZAMFP.srcs/sources_1/new/uart.vhd" Line 95
run all
Stopped at time : 104850 ns : File "C:/Users/Mateusz Kozlowski/Documents/zampf/ZAMFP/ZAMFP.srcs/sources_1/new/uart.vhd" Line 95
run all
Stopped at time : 104850 ns : File "C:/Users/Mateusz Kozlowski/Documents/zampf/ZAMFP/ZAMFP.srcs/sources_1/new/uart.vhd" Line 96
run all
Stopped at time : 109190 ns : File "C:/Users/Mateusz Kozlowski/Documents/zampf/ZAMFP/ZAMFP.srcs/sources_1/new/uart.vhd" Line 95
run all
Stopped at time : 109190 ns : File "C:/Users/Mateusz Kozlowski/Documents/zampf/ZAMFP/ZAMFP.srcs/sources_1/new/uart.vhd" Line 96
run all
Stopped at time : 109210 ns : File "C:/Users/Mateusz Kozlowski/Documents/zampf/ZAMFP/ZAMFP.srcs/sources_1/new/uart.vhd" Line 95
run all
Stopped at time : 113550 ns : File "C:/Users/Mateusz Kozlowski/Documents/zampf/ZAMFP/ZAMFP.srcs/sources_1/new/uart.vhd" Line 95
run all
Stopped at time : 113570 ns : File "C:/Users/Mateusz Kozlowski/Documents/zampf/ZAMFP/ZAMFP.srcs/sources_1/new/uart.vhd" Line 95
run all
Stopped at time : 113570 ns : File "C:/Users/Mateusz Kozlowski/Documents/zampf/ZAMFP/ZAMFP.srcs/sources_1/new/uart.vhd" Line 96
run all
Stopped at time : 117910 ns : File "C:/Users/Mateusz Kozlowski/Documents/zampf/ZAMFP/ZAMFP.srcs/sources_1/new/uart.vhd" Line 95
run all
Stopped at time : 117910 ns : File "C:/Users/Mateusz Kozlowski/Documents/zampf/ZAMFP/ZAMFP.srcs/sources_1/new/uart.vhd" Line 96
run all
Stopped at time : 117930 ns : File "C:/Users/Mateusz Kozlowski/Documents/zampf/ZAMFP/ZAMFP.srcs/sources_1/new/uart.vhd" Line 95
run all
Stopped at time : 122270 ns : File "C:/Users/Mateusz Kozlowski/Documents/zampf/ZAMFP/ZAMFP.srcs/sources_1/new/uart.vhd" Line 95
run all
Stopped at time : 122290 ns : File "C:/Users/Mateusz Kozlowski/Documents/zampf/ZAMFP/ZAMFP.srcs/sources_1/new/uart.vhd" Line 95
run all
Stopped at time : 122290 ns : File "C:/Users/Mateusz Kozlowski/Documents/zampf/ZAMFP/ZAMFP.srcs/sources_1/new/uart.vhd" Line 96
run all
Stopped at time : 126630 ns : File "C:/Users/Mateusz Kozlowski/Documents/zampf/ZAMFP/ZAMFP.srcs/sources_1/new/uart.vhd" Line 95
run all
Stopped at time : 126630 ns : File "C:/Users/Mateusz Kozlowski/Documents/zampf/ZAMFP/ZAMFP.srcs/sources_1/new/uart.vhd" Line 96
run all
Stopped at time : 126650 ns : File "C:/Users/Mateusz Kozlowski/Documents/zampf/ZAMFP/ZAMFP.srcs/sources_1/new/uart.vhd" Line 95
run all
Stopped at time : 130990 ns : File "C:/Users/Mateusz Kozlowski/Documents/zampf/ZAMFP/ZAMFP.srcs/sources_1/new/uart.vhd" Line 95
run all
Stopped at time : 131010 ns : File "C:/Users/Mateusz Kozlowski/Documents/zampf/ZAMFP/ZAMFP.srcs/sources_1/new/uart.vhd" Line 95
run all
Stopped at time : 131010 ns : File "C:/Users/Mateusz Kozlowski/Documents/zampf/ZAMFP/ZAMFP.srcs/sources_1/new/uart.vhd" Line 96
run all
Stopped at time : 135350 ns : File "C:/Users/Mateusz Kozlowski/Documents/zampf/ZAMFP/ZAMFP.srcs/sources_1/new/uart.vhd" Line 95
run all
Stopped at time : 135350 ns : File "C:/Users/Mateusz Kozlowski/Documents/zampf/ZAMFP/ZAMFP.srcs/sources_1/new/uart.vhd" Line 96
run all
Stopped at time : 135370 ns : File "C:/Users/Mateusz Kozlowski/Documents/zampf/ZAMFP/ZAMFP.srcs/sources_1/new/uart.vhd" Line 95
run all
Stopped at time : 139710 ns : File "C:/Users/Mateusz Kozlowski/Documents/zampf/ZAMFP/ZAMFP.srcs/sources_1/new/uart.vhd" Line 95
run all
Stopped at time : 139730 ns : File "C:/Users/Mateusz Kozlowski/Documents/zampf/ZAMFP/ZAMFP.srcs/sources_1/new/uart.vhd" Line 95
current_wave_config {system_tb_behav.wcfg}
system_tb_behav.wcfg
add_wave {{/system_tb/dut/uart_i/baud}} 
relaunch_sim
Command: launch_simulation -step compile -simset sim_1 -mode behavioral
INFO: [Vivado 12-12493] Simulation top is 'system_tb'
INFO: [Vivado 12-5682] Launching behavioral simulation in 'C:/Users/Mateusz Kozlowski/Documents/zampf/ZAMFP/ZAMFP.sim/sim_1/behav/xsim'
INFO: [SIM-utils-51] Simulation object is 'sim_1'
INFO: [USF-XSim-2] XSim::Compile design
INFO: [USF-XSim-61] Executing 'COMPILE and ANALYZE' step in 'C:/Users/Mateusz Kozlowski/Documents/zampf/ZAMFP/ZAMFP.sim/sim_1/behav/xsim'
"xvhdl --incr --relax -prj system_tb_vhdl.prj"
INFO: [USF-XSim-69] 'compile' step finished in '1' seconds
Command: launch_simulation -step elaborate -simset sim_1 -mode behavioral
INFO: [Vivado 12-12493] Simulation top is 'system_tb'
INFO: [Vivado 12-5682] Launching behavioral simulation in 'C:/Users/Mateusz Kozlowski/Documents/zampf/ZAMFP/ZAMFP.sim/sim_1/behav/xsim'
INFO: [SIM-utils-51] Simulation object is 'sim_1'
INFO: [USF-XSim-3] XSim::Elaborate design
INFO: [USF-XSim-61] Executing 'ELABORATE' step in 'C:/Users/Mateusz Kozlowski/Documents/zampf/ZAMFP/ZAMFP.sim/sim_1/behav/xsim'
"xelab --incr --debug typical --relax --mt 2 -L xil_defaultlib -L secureip --snapshot system_tb_behav xil_defaultlib.system_tb -log elaborate.log"
Vivado Simulator v2025.1.0
Copyright 1986-2022 Xilinx, Inc. All Rights Reserved.
Copyright 2022-2025 Advanced Micro Devices, Inc. All Rights Reserved.
Running: C:/Xilinx/2025.1/Vivado/bin/unwrapped/win64.o/xelab.exe --incr --debug typical --relax --mt 2 -L xil_defaultlib -L secureip --snapshot system_tb_behav xil_defaultlib.system_tb -log elaborate.log 
Using 2 slave threads.
Starting static elaboration
Completed static elaboration
INFO: [XSIM 43-4323] No Change in HDL. Linking previously generated obj files to create kernel
INFO: [USF-XSim-69] 'elaborate' step finished in '1' seconds
Time resolution is 1 ps
run all
Stopped at time : 4550 ns : File "C:/Users/Mateusz Kozlowski/Documents/zampf/ZAMFP/ZAMFP.srcs/sources_1/new/uart.vhd" Line 95
run all
Stopped at time : 4550 ns : File "C:/Users/Mateusz Kozlowski/Documents/zampf/ZAMFP/ZAMFP.srcs/sources_1/new/uart.vhd" Line 96
run all
Stopped at time : 4570 ns : File "C:/Users/Mateusz Kozlowski/Documents/zampf/ZAMFP/ZAMFP.srcs/sources_1/new/uart.vhd" Line 95
run all
Stopped at time : 8910 ns : File "C:/Users/Mateusz Kozlowski/Documents/zampf/ZAMFP/ZAMFP.srcs/sources_1/new/uart.vhd" Line 95
run all
Stopped at time : 8930 ns : File "C:/Users/Mateusz Kozlowski/Documents/zampf/ZAMFP/ZAMFP.srcs/sources_1/new/uart.vhd" Line 95
run all
Stopped at time : 13270 ns : File "C:/Users/Mateusz Kozlowski/Documents/zampf/ZAMFP/ZAMFP.srcs/sources_1/new/uart.vhd" Line 95
run all
Stopped at time : 13270 ns : File "C:/Users/Mateusz Kozlowski/Documents/zampf/ZAMFP/ZAMFP.srcs/sources_1/new/uart.vhd" Line 96
run all
Stopped at time : 13290 ns : File "C:/Users/Mateusz Kozlowski/Documents/zampf/ZAMFP/ZAMFP.srcs/sources_1/new/uart.vhd" Line 95
run all
Stopped at time : 17630 ns : File "C:/Users/Mateusz Kozlowski/Documents/zampf/ZAMFP/ZAMFP.srcs/sources_1/new/uart.vhd" Line 95
run all
Stopped at time : 17650 ns : File "C:/Users/Mateusz Kozlowski/Documents/zampf/ZAMFP/ZAMFP.srcs/sources_1/new/uart.vhd" Line 95
run all
Stopped at time : 21990 ns : File "C:/Users/Mateusz Kozlowski/Documents/zampf/ZAMFP/ZAMFP.srcs/sources_1/new/uart.vhd" Line 95
run all
Stopped at time : 21990 ns : File "C:/Users/Mateusz Kozlowski/Documents/zampf/ZAMFP/ZAMFP.srcs/sources_1/new/uart.vhd" Line 96
run all
Stopped at time : 22010 ns : File "C:/Users/Mateusz Kozlowski/Documents/zampf/ZAMFP/ZAMFP.srcs/sources_1/new/uart.vhd" Line 95
run all
Stopped at time : 26350 ns : File "C:/Users/Mateusz Kozlowski/Documents/zampf/ZAMFP/ZAMFP.srcs/sources_1/new/uart.vhd" Line 95
run all
Stopped at time : 26370 ns : File "C:/Users/Mateusz Kozlowski/Documents/zampf/ZAMFP/ZAMFP.srcs/sources_1/new/uart.vhd" Line 95
run all
Stopped at time : 30710 ns : File "C:/Users/Mateusz Kozlowski/Documents/zampf/ZAMFP/ZAMFP.srcs/sources_1/new/uart.vhd" Line 95
run all
Stopped at time : 30710 ns : File "C:/Users/Mateusz Kozlowski/Documents/zampf/ZAMFP/ZAMFP.srcs/sources_1/new/uart.vhd" Line 96
run all
Stopped at time : 30730 ns : File "C:/Users/Mateusz Kozlowski/Documents/zampf/ZAMFP/ZAMFP.srcs/sources_1/new/uart.vhd" Line 95
run all
Stopped at time : 35070 ns : File "C:/Users/Mateusz Kozlowski/Documents/zampf/ZAMFP/ZAMFP.srcs/sources_1/new/uart.vhd" Line 95
run all
Stopped at time : 35090 ns : File "C:/Users/Mateusz Kozlowski/Documents/zampf/ZAMFP/ZAMFP.srcs/sources_1/new/uart.vhd" Line 95
run all
Stopped at time : 39430 ns : File "C:/Users/Mateusz Kozlowski/Documents/zampf/ZAMFP/ZAMFP.srcs/sources_1/new/uart.vhd" Line 95
run all
Stopped at time : 39430 ns : File "C:/Users/Mateusz Kozlowski/Documents/zampf/ZAMFP/ZAMFP.srcs/sources_1/new/uart.vhd" Line 96
run all
Stopped at time : 39450 ns : File "C:/Users/Mateusz Kozlowski/Documents/zampf/ZAMFP/ZAMFP.srcs/sources_1/new/uart.vhd" Line 95
run all
Stopped at time : 43790 ns : File "C:/Users/Mateusz Kozlowski/Documents/zampf/ZAMFP/ZAMFP.srcs/sources_1/new/uart.vhd" Line 95
run all
Stopped at time : 43810 ns : File "C:/Users/Mateusz Kozlowski/Documents/zampf/ZAMFP/ZAMFP.srcs/sources_1/new/uart.vhd" Line 95
run all
Stopped at time : 48150 ns : File "C:/Users/Mateusz Kozlowski/Documents/zampf/ZAMFP/ZAMFP.srcs/sources_1/new/uart.vhd" Line 95
run all
Stopped at time : 48150 ns : File "C:/Users/Mateusz Kozlowski/Documents/zampf/ZAMFP/ZAMFP.srcs/sources_1/new/uart.vhd" Line 96
run all
Stopped at time : 48170 ns : File "C:/Users/Mateusz Kozlowski/Documents/zampf/ZAMFP/ZAMFP.srcs/sources_1/new/uart.vhd" Line 95
run all
Stopped at time : 52510 ns : File "C:/Users/Mateusz Kozlowski/Documents/zampf/ZAMFP/ZAMFP.srcs/sources_1/new/uart.vhd" Line 95
run all
Stopped at time : 52530 ns : File "C:/Users/Mateusz Kozlowski/Documents/zampf/ZAMFP/ZAMFP.srcs/sources_1/new/uart.vhd" Line 95
run all
Stopped at time : 56870 ns : File "C:/Users/Mateusz Kozlowski/Documents/zampf/ZAMFP/ZAMFP.srcs/sources_1/new/uart.vhd" Line 95
run all
Stopped at time : 56870 ns : File "C:/Users/Mateusz Kozlowski/Documents/zampf/ZAMFP/ZAMFP.srcs/sources_1/new/uart.vhd" Line 96
run all
Stopped at time : 56890 ns : File "C:/Users/Mateusz Kozlowski/Documents/zampf/ZAMFP/ZAMFP.srcs/sources_1/new/uart.vhd" Line 95
run all
Stopped at time : 61230 ns : File "C:/Users/Mateusz Kozlowski/Documents/zampf/ZAMFP/ZAMFP.srcs/sources_1/new/uart.vhd" Line 95
run all
Stopped at time : 61250 ns : File "C:/Users/Mateusz Kozlowski/Documents/zampf/ZAMFP/ZAMFP.srcs/sources_1/new/uart.vhd" Line 95
run all
Stopped at time : 65590 ns : File "C:/Users/Mateusz Kozlowski/Documents/zampf/ZAMFP/ZAMFP.srcs/sources_1/new/uart.vhd" Line 95
run all
Stopped at time : 65590 ns : File "C:/Users/Mateusz Kozlowski/Documents/zampf/ZAMFP/ZAMFP.srcs/sources_1/new/uart.vhd" Line 96
run all
Stopped at time : 65610 ns : File "C:/Users/Mateusz Kozlowski/Documents/zampf/ZAMFP/ZAMFP.srcs/sources_1/new/uart.vhd" Line 95
run all
Stopped at time : 69950 ns : File "C:/Users/Mateusz Kozlowski/Documents/zampf/ZAMFP/ZAMFP.srcs/sources_1/new/uart.vhd" Line 95
run all
Stopped at time : 69970 ns : File "C:/Users/Mateusz Kozlowski/Documents/zampf/ZAMFP/ZAMFP.srcs/sources_1/new/uart.vhd" Line 95
run all
Stopped at time : 74310 ns : File "C:/Users/Mateusz Kozlowski/Documents/zampf/ZAMFP/ZAMFP.srcs/sources_1/new/uart.vhd" Line 95
run all
Stopped at time : 74310 ns : File "C:/Users/Mateusz Kozlowski/Documents/zampf/ZAMFP/ZAMFP.srcs/sources_1/new/uart.vhd" Line 96
run all
Stopped at time : 74330 ns : File "C:/Users/Mateusz Kozlowski/Documents/zampf/ZAMFP/ZAMFP.srcs/sources_1/new/uart.vhd" Line 95
run all
Stopped at time : 78670 ns : File "C:/Users/Mateusz Kozlowski/Documents/zampf/ZAMFP/ZAMFP.srcs/sources_1/new/uart.vhd" Line 95
run all
Stopped at time : 78690 ns : File "C:/Users/Mateusz Kozlowski/Documents/zampf/ZAMFP/ZAMFP.srcs/sources_1/new/uart.vhd" Line 95
run all

Stopped at time : 83030 ns : File "C:/Users/Mateusz Kozlowski/Documents/zampf/ZAMFP/ZAMFP.srcs/sources_1/new/uart.vhd" Line 95
run all
Stopped at time : 83030 ns : File "C:/Users/Mateusz Kozlowski/Documents/zampf/ZAMFP/ZAMFP.srcs/sources_1/new/uart.vhd" Line 96
run all
Stopped at time : 83050 ns : File "C:/Users/Mateusz Kozlowski/Documents/zampf/ZAMFP/ZAMFP.srcs/sources_1/new/uart.vhd" Line 95
run all
Stopped at time : 87390 ns : File "C:/Users/Mateusz Kozlowski/Documents/zampf/ZAMFP/ZAMFP.srcs/sources_1/new/uart.vhd" Line 95
run all
Stopped at time : 87410 ns : File "C:/Users/Mateusz Kozlowski/Documents/zampf/ZAMFP/ZAMFP.srcs/sources_1/new/uart.vhd" Line 95
run all
Stopped at time : 91750 ns : File "C:/Users/Mateusz Kozlowski/Documents/zampf/ZAMFP/ZAMFP.srcs/sources_1/new/uart.vhd" Line 95
run all
Stopped at time : 91750 ns : File "C:/Users/Mateusz Kozlowski/Documents/zampf/ZAMFP/ZAMFP.srcs/sources_1/new/uart.vhd" Line 96
run all
Stopped at time : 91770 ns : File "C:/Users/Mateusz Kozlowski/Documents/zampf/ZAMFP/ZAMFP.srcs/sources_1/new/uart.vhd" Line 95
run all
Stopped at time : 96110 ns : File "C:/Users/Mateusz Kozlowski/Documents/zampf/ZAMFP/ZAMFP.srcs/sources_1/new/uart.vhd" Line 95
run all
Stopped at time : 96130 ns : File "C:/Users/Mateusz Kozlowski/Documents/zampf/ZAMFP/ZAMFP.srcs/sources_1/new/uart.vhd" Line 95
run all
Stopped at time : 100470 ns : File "C:/Users/Mateusz Kozlowski/Documents/zampf/ZAMFP/ZAMFP.srcs/sources_1/new/uart.vhd" Line 95
run all
Stopped at time : 100470 ns : File "C:/Users/Mateusz Kozlowski/Documents/zampf/ZAMFP/ZAMFP.srcs/sources_1/new/uart.vhd" Line 96
run all
Stopped at time : 100490 ns : File "C:/Users/Mateusz Kozlowski/Documents/zampf/ZAMFP/ZAMFP.srcs/sources_1/new/uart.vhd" Line 95
run all
Stopped at time : 104830 ns : File "C:/Users/Mateusz Kozlowski/Documents/zampf/ZAMFP/ZAMFP.srcs/sources_1/new/uart.vhd" Line 95
run all
Stopped at time : 104850 ns : File "C:/Users/Mateusz Kozlowski/Documents/zampf/ZAMFP/ZAMFP.srcs/sources_1/new/uart.vhd" Line 95
run all
Stopped at time : 104850 ns : File "C:/Users/Mateusz Kozlowski/Documents/zampf/ZAMFP/ZAMFP.srcs/sources_1/new/uart.vhd" Line 96
run all
Stopped at time : 109190 ns : File "C:/Users/Mateusz Kozlowski/Documents/zampf/ZAMFP/ZAMFP.srcs/sources_1/new/uart.vhd" Line 95
run all
Stopped at time : 109190 ns : File "C:/Users/Mateusz Kozlowski/Documents/zampf/ZAMFP/ZAMFP.srcs/sources_1/new/uart.vhd" Line 96
run all
Stopped at time : 109210 ns : File "C:/Users/Mateusz Kozlowski/Documents/zampf/ZAMFP/ZAMFP.srcs/sources_1/new/uart.vhd" Line 95
run all
Stopped at time : 113550 ns : File "C:/Users/Mateusz Kozlowski/Documents/zampf/ZAMFP/ZAMFP.srcs/sources_1/new/uart.vhd" Line 95
run all
Stopped at time : 113570 ns : File "C:/Users/Mateusz Kozlowski/Documents/zampf/ZAMFP/ZAMFP.srcs/sources_1/new/uart.vhd" Line 95
run all
Stopped at time : 113570 ns : File "C:/Users/Mateusz Kozlowski/Documents/zampf/ZAMFP/ZAMFP.srcs/sources_1/new/uart.vhd" Line 96
run all
Stopped at time : 117910 ns : File "C:/Users/Mateusz Kozlowski/Documents/zampf/ZAMFP/ZAMFP.srcs/sources_1/new/uart.vhd" Line 95
run all
Stopped at time : 117910 ns : File "C:/Users/Mateusz Kozlowski/Documents/zampf/ZAMFP/ZAMFP.srcs/sources_1/new/uart.vhd" Line 96
run all
Stopped at time : 117930 ns : File "C:/Users/Mateusz Kozlowski/Documents/zampf/ZAMFP/ZAMFP.srcs/sources_1/new/uart.vhd" Line 95
run all
Stopped at time : 122270 ns : File "C:/Users/Mateusz Kozlowski/Documents/zampf/ZAMFP/ZAMFP.srcs/sources_1/new/uart.vhd" Line 95
run all
Stopped at time : 122290 ns : File "C:/Users/Mateusz Kozlowski/Documents/zampf/ZAMFP/ZAMFP.srcs/sources_1/new/uart.vhd" Line 95
add_bp {C:/Users/Mateusz Kozlowski/Documents/zampf/ZAMFP/ZAMFP.srcs/sources_1/new/uart.vhd} 76
run all
Stopped at time : 122290 ns : File "C:/Users/Mateusz Kozlowski/Documents/zampf/ZAMFP/ZAMFP.srcs/sources_1/new/uart.vhd" Line 96
run all
Stopped at time : 126630 ns : File "C:/Users/Mateusz Kozlowski/Documents/zampf/ZAMFP/ZAMFP.srcs/sources_1/new/uart.vhd" Line 95
run all
Stopped at time : 126630 ns : File "C:/Users/Mateusz Kozlowski/Documents/zampf/ZAMFP/ZAMFP.srcs/sources_1/new/uart.vhd" Line 96
run all
Stopped at time : 126650 ns : File "C:/Users/Mateusz Kozlowski/Documents/zampf/ZAMFP/ZAMFP.srcs/sources_1/new/uart.vhd" Line 95
run all
Stopped at time : 130990 ns : File "C:/Users/Mateusz Kozlowski/Documents/zampf/ZAMFP/ZAMFP.srcs/sources_1/new/uart.vhd" Line 95
run all
Stopped at time : 131010 ns : File "C:/Users/Mateusz Kozlowski/Documents/zampf/ZAMFP/ZAMFP.srcs/sources_1/new/uart.vhd" Line 95
run all
Stopped at time : 131010 ns : File "C:/Users/Mateusz Kozlowski/Documents/zampf/ZAMFP/ZAMFP.srcs/sources_1/new/uart.vhd" Line 96
run all
Stopped at time : 135350 ns : File "C:/Users/Mateusz Kozlowski/Documents/zampf/ZAMFP/ZAMFP.srcs/sources_1/new/uart.vhd" Line 95
run all
Stopped at time : 135350 ns : File "C:/Users/Mateusz Kozlowski/Documents/zampf/ZAMFP/ZAMFP.srcs/sources_1/new/uart.vhd" Line 96
run all
Stopped at time : 135370 ns : File "C:/Users/Mateusz Kozlowski/Documents/zampf/ZAMFP/ZAMFP.srcs/sources_1/new/uart.vhd" Line 95
run all
Stopped at time : 139710 ns : File "C:/Users/Mateusz Kozlowski/Documents/zampf/ZAMFP/ZAMFP.srcs/sources_1/new/uart.vhd" Line 95
run all
Stopped at time : 139730 ns : File "C:/Users/Mateusz Kozlowski/Documents/zampf/ZAMFP/ZAMFP.srcs/sources_1/new/uart.vhd" Line 95
add_bp {C:/Users/Mateusz Kozlowski/Documents/zampf/ZAMFP/ZAMFP.srcs/sources_1/new/uart.vhd} 106
remove_bps -file {C:/Users/Mateusz Kozlowski/Documents/zampf/ZAMFP/ZAMFP.srcs/sources_1/new/uart.vhd} -line 96
remove_bps -file {C:/Users/Mateusz Kozlowski/Documents/zampf/ZAMFP/ZAMFP.srcs/sources_1/new/uart.vhd} -line 95
run all






































run: Time (s): cpu = 00:00:06 ; elapsed = 00:00:07 . Memory (MB): peak = 3418.723 ; gain = 0.000
remove_bps -file {C:/Users/Mateusz Kozlowski/Documents/zampf/ZAMFP/ZAMFP.srcs/sources_1/new/uart.vhd} -line 76
relaunch_sim
Command: launch_simulation -step compile -simset sim_1 -mode behavioral
INFO: [Vivado 12-12493] Simulation top is 'system_tb'
INFO: [Vivado 12-5682] Launching behavioral simulation in 'C:/Users/Mateusz Kozlowski/Documents/zampf/ZAMFP/ZAMFP.sim/sim_1/behav/xsim'
INFO: [SIM-utils-51] Simulation object is 'sim_1'
INFO: [USF-XSim-2] XSim::Compile design
INFO: [USF-XSim-61] Executing 'COMPILE and ANALYZE' step in 'C:/Users/Mateusz Kozlowski/Documents/zampf/ZAMFP/ZAMFP.sim/sim_1/behav/xsim'
"xvhdl --incr --relax -prj system_tb_vhdl.prj"
INFO: [VRFC 10-163] Analyzing VHDL file "C:/Users/Mateusz Kozlowski/Documents/zampf/ZAMFP/ZAMFP.srcs/sources_1/new/uart.vhd" into library xil_defaultlib
INFO: [VRFC 10-3107] analyzing entity 'uart'
INFO: [VRFC 10-163] Analyzing VHDL file "C:/Users/Mateusz Kozlowski/Documents/zampf/ZAMFP/ZAMFP.srcs/sources_1/new/top.vhd" into library xil_defaultlib
INFO: [VRFC 10-3107] analyzing entity 'system_rtl'
INFO: [VRFC 10-163] Analyzing VHDL file "C:/Users/Mateusz Kozlowski/Documents/zampf/ZAMFP/ZAMFP.srcs/system/new/system_tb.vhd" into library xil_defaultlib
INFO: [VRFC 10-3107] analyzing entity 'system_tb'
INFO: [USF-XSim-69] 'compile' step finished in '1' seconds
Command: launch_simulation -step elaborate -simset sim_1 -mode behavioral
INFO: [Vivado 12-12493] Simulation top is 'system_tb'
INFO: [Vivado 12-5682] Launching behavioral simulation in 'C:/Users/Mateusz Kozlowski/Documents/zampf/ZAMFP/ZAMFP.sim/sim_1/behav/xsim'
INFO: [SIM-utils-51] Simulation object is 'sim_1'
INFO: [USF-XSim-3] XSim::Elaborate design
INFO: [USF-XSim-61] Executing 'ELABORATE' step in 'C:/Users/Mateusz Kozlowski/Documents/zampf/ZAMFP/ZAMFP.sim/sim_1/behav/xsim'
"xelab --incr --debug typical --relax --mt 2 -L xil_defaultlib -L secureip --snapshot system_tb_behav xil_defaultlib.system_tb -log elaborate.log"
Vivado Simulator v2025.1.0
Copyright 1986-2022 Xilinx, Inc. All Rights Reserved.
Copyright 2022-2025 Advanced Micro Devices, Inc. All Rights Reserved.
Running: C:/Xilinx/2025.1/Vivado/bin/unwrapped/win64.o/xelab.exe --incr --debug typical --relax --mt 2 -L xil_defaultlib -L secureip --snapshot system_tb_behav xil_defaultlib.system_tb -log elaborate.log 
Using 2 slave threads.
Starting static elaboration
Completed static elaboration
Starting simulation data flow analysis
Completed simulation data flow analysis
Time Resolution for simulation is 1ps
Compiling package std.standard
Compiling package std.textio
Compiling package ieee.std_logic_1164
Compiling package ieee.std_logic_textio
Compiling package ieee.numeric_std
Compiling architecture behavioral of entity xil_defaultlib.ram [ram_default]
Compiling architecture rtl of entity xil_defaultlib.uart [\uart(baud=115200)\]
Compiling architecture behavioral of entity xil_defaultlib.uart_ram_ctrl [uart_ram_ctrl_default]
Compiling architecture rtl of entity xil_defaultlib.system_rtl [system_rtl_default]
Compiling architecture rtl of entity xil_defaultlib.uart [uart_default]
Compiling architecture sim of entity xil_defaultlib.system_tb
Built simulation snapshot system_tb_behav
INFO: [USF-XSim-69] 'elaborate' step finished in '1' seconds
Time resolution is 1 ps
relaunch_sim: Time (s): cpu = 00:00:00 ; elapsed = 00:00:06 . Memory (MB): peak = 3418.723 ; gain = 0.000
run all







































run: Time (s): cpu = 00:00:13 ; elapsed = 00:00:15 . Memory (MB): peak = 3418.723 ; gain = 0.000
add_bp {C:/Users/Mateusz Kozlowski/Documents/zampf/ZAMFP/ZAMFP.srcs/sources_1/new/uart.vhd} 96
run all
Stopped at time : 388550310 ns : File "C:/Users/Mateusz Kozlowski/Documents/zampf/ZAMFP/ZAMFP.srcs/sources_1/new/uart.vhd" Line 96
run all
Stopped at time : 388550530 ns : File "C:/Users/Mateusz Kozlowski/Documents/zampf/ZAMFP/ZAMFP.srcs/sources_1/new/uart.vhd" Line 96
run all
Stopped at time : 388559030 ns : File "C:/Users/Mateusz Kozlowski/Documents/zampf/ZAMFP/ZAMFP.srcs/sources_1/new/uart.vhd" Line 96
run all
Stopped at time : 388559250 ns : File "C:/Users/Mateusz Kozlowski/Documents/zampf/ZAMFP/ZAMFP.srcs/sources_1/new/uart.vhd" Line 96
run all
Stopped at time : 388567750 ns : File "C:/Users/Mateusz Kozlowski/Documents/zampf/ZAMFP/ZAMFP.srcs/sources_1/new/uart.vhd" Line 96
run all
Stopped at time : 388567970 ns : File "C:/Users/Mateusz Kozlowski/Documents/zampf/ZAMFP/ZAMFP.srcs/sources_1/new/uart.vhd" Line 96
run all
Stopped at time : 388576470 ns : File "C:/Users/Mateusz Kozlowski/Documents/zampf/ZAMFP/ZAMFP.srcs/sources_1/new/uart.vhd" Line 96
run all
Stopped at time : 388576690 ns : File "C:/Users/Mateusz Kozlowski/Documents/zampf/ZAMFP/ZAMFP.srcs/sources_1/new/uart.vhd" Line 96
run all
Stopped at time : 388585190 ns : File "C:/Users/Mateusz Kozlowski/Documents/zampf/ZAMFP/ZAMFP.srcs/sources_1/new/uart.vhd" Line 96
run all
Stopped at time : 388585410 ns : File "C:/Users/Mateusz Kozlowski/Documents/zampf/ZAMFP/ZAMFP.srcs/sources_1/new/uart.vhd" Line 96
run all
Stopped at time : 388593910 ns : File "C:/Users/Mateusz Kozlowski/Documents/zampf/ZAMFP/ZAMFP.srcs/sources_1/new/uart.vhd" Line 96
run all
Stopped at time : 388594130 ns : File "C:/Users/Mateusz Kozlowski/Documents/zampf/ZAMFP/ZAMFP.srcs/sources_1/new/uart.vhd" Line 96
run all
Stopped at time : 388602630 ns : File "C:/Users/Mateusz Kozlowski/Documents/zampf/ZAMFP/ZAMFP.srcs/sources_1/new/uart.vhd" Line 96
run all
Stopped at time : 388602850 ns : File "C:/Users/Mateusz Kozlowski/Documents/zampf/ZAMFP/ZAMFP.srcs/sources_1/new/uart.vhd" Line 96
run all
Stopped at time : 388611350 ns : File "C:/Users/Mateusz Kozlowski/Documents/zampf/ZAMFP/ZAMFP.srcs/sources_1/new/uart.vhd" Line 96
run all
Stopped at time : 388611570 ns : File "C:/Users/Mateusz Kozlowski/Documents/zampf/ZAMFP/ZAMFP.srcs/sources_1/new/uart.vhd" Line 96
run all
Stopped at time : 388620070 ns : File "C:/Users/Mateusz Kozlowski/Documents/zampf/ZAMFP/ZAMFP.srcs/sources_1/new/uart.vhd" Line 96
run all
Stopped at time : 388620290 ns : File "C:/Users/Mateusz Kozlowski/Documents/zampf/ZAMFP/ZAMFP.srcs/sources_1/new/uart.vhd" Line 96
run all
Stopped at time : 388628790 ns : File "C:/Users/Mateusz Kozlowski/Documents/zampf/ZAMFP/ZAMFP.srcs/sources_1/new/uart.vhd" Line 96
run all
Stopped at time : 388629010 ns : File "C:/Users/Mateusz Kozlowski/Documents/zampf/ZAMFP/ZAMFP.srcs/sources_1/new/uart.vhd" Line 96
run all
Stopped at time : 388637510 ns : File "C:/Users/Mateusz Kozlowski/Documents/zampf/ZAMFP/ZAMFP.srcs/sources_1/new/uart.vhd" Line 96
run all
Stopped at time : 388637730 ns : File "C:/Users/Mateusz Kozlowski/Documents/zampf/ZAMFP/ZAMFP.srcs/sources_1/new/uart.vhd" Line 96
run all
Stopped at time : 388646230 ns : File "C:/Users/Mateusz Kozlowski/Documents/zampf/ZAMFP/ZAMFP.srcs/sources_1/new/uart.vhd" Line 96
run all
Stopped at time : 388646450 ns : File "C:/Users/Mateusz Kozlowski/Documents/zampf/ZAMFP/ZAMFP.srcs/sources_1/new/uart.vhd" Line 96
run all
Stopped at time : 388654950 ns : File "C:/Users/Mateusz Kozlowski/Documents/zampf/ZAMFP/ZAMFP.srcs/sources_1/new/uart.vhd" Line 96
run all
Stopped at time : 388655170 ns : File "C:/Users/Mateusz Kozlowski/Documents/zampf/ZAMFP/ZAMFP.srcs/sources_1/new/uart.vhd" Line 96
run all
Stopped at time : 388663670 ns : File "C:/Users/Mateusz Kozlowski/Documents/zampf/ZAMFP/ZAMFP.srcs/sources_1/new/uart.vhd" Line 96
run all
Stopped at time : 388663890 ns : File "C:/Users/Mateusz Kozlowski/Documents/zampf/ZAMFP/ZAMFP.srcs/sources_1/new/uart.vhd" Line 96
run all
Stopped at time : 388672390 ns : File "C:/Users/Mateusz Kozlowski/Documents/zampf/ZAMFP/ZAMFP.srcs/sources_1/new/uart.vhd" Line 96
run all
Stopped at time : 388672610 ns : File "C:/Users/Mateusz Kozlowski/Documents/zampf/ZAMFP/ZAMFP.srcs/sources_1/new/uart.vhd" Line 96
run all
Stopped at time : 388681110 ns : File "C:/Users/Mateusz Kozlowski/Documents/zampf/ZAMFP/ZAMFP.srcs/sources_1/new/uart.vhd" Line 96
run all
Stopped at time : 388681330 ns : File "C:/Users/Mateusz Kozlowski/Documents/zampf/ZAMFP/ZAMFP.srcs/sources_1/new/uart.vhd" Line 96
run all
Stopped at time : 388689830 ns : File "C:/Users/Mateusz Kozlowski/Documents/zampf/ZAMFP/ZAMFP.srcs/sources_1/new/uart.vhd" Line 96
run all
Stopped at time : 388690050 ns : File "C:/Users/Mateusz Kozlowski/Documents/zampf/ZAMFP/ZAMFP.srcs/sources_1/new/uart.vhd" Line 96
run all
Stopped at time : 388698550 ns : File "C:/Users/Mateusz Kozlowski/Documents/zampf/ZAMFP/ZAMFP.srcs/sources_1/new/uart.vhd" Line 96
run all
Stopped at time : 388698770 ns : File "C:/Users/Mateusz Kozlowski/Documents/zampf/ZAMFP/ZAMFP.srcs/sources_1/new/uart.vhd" Line 96
run all
Stopped at time : 388707270 ns : File "C:/Users/Mateusz Kozlowski/Documents/zampf/ZAMFP/ZAMFP.srcs/sources_1/new/uart.vhd" Line 96
run all
Stopped at time : 388707490 ns : File "C:/Users/Mateusz Kozlowski/Documents/zampf/ZAMFP/ZAMFP.srcs/sources_1/new/uart.vhd" Line 96
run all
Stopped at time : 388715990 ns : File "C:/Users/Mateusz Kozlowski/Documents/zampf/ZAMFP/ZAMFP.srcs/sources_1/new/uart.vhd" Line 96
run all
Stopped at time : 388716210 ns : File "C:/Users/Mateusz Kozlowski/Documents/zampf/ZAMFP/ZAMFP.srcs/sources_1/new/uart.vhd" Line 96
run all
Stopped at time : 388724710 ns : File "C:/Users/Mateusz Kozlowski/Documents/zampf/ZAMFP/ZAMFP.srcs/sources_1/new/uart.vhd" Line 96
run all
Stopped at time : 388724930 ns : File "C:/Users/Mateusz Kozlowski/Documents/zampf/ZAMFP/ZAMFP.srcs/sources_1/new/uart.vhd" Line 96
run all
Stopped at time : 388733430 ns : File "C:/Users/Mateusz Kozlowski/Documents/zampf/ZAMFP/ZAMFP.srcs/sources_1/new/uart.vhd" Line 96
run all
Stopped at time : 388733650 ns : File "C:/Users/Mateusz Kozlowski/Documents/zampf/ZAMFP/ZAMFP.srcs/sources_1/new/uart.vhd" Line 96
run all
Stopped at time : 388742150 ns : File "C:/Users/Mateusz Kozlowski/Documents/zampf/ZAMFP/ZAMFP.srcs/sources_1/new/uart.vhd" Line 96
run all
Stopped at time : 388742370 ns : File "C:/Users/Mateusz Kozlowski/Documents/zampf/ZAMFP/ZAMFP.srcs/sources_1/new/uart.vhd" Line 96
run all
Stopped at time : 388750870 ns : File "C:/Users/Mateusz Kozlowski/Documents/zampf/ZAMFP/ZAMFP.srcs/sources_1/new/uart.vhd" Line 96
run all
Stopped at time : 388751090 ns : File "C:/Users/Mateusz Kozlowski/Documents/zampf/ZAMFP/ZAMFP.srcs/sources_1/new/uart.vhd" Line 96
run all
Stopped at time : 388759590 ns : File "C:/Users/Mateusz Kozlowski/Documents/zampf/ZAMFP/ZAMFP.srcs/sources_1/new/uart.vhd" Line 96
run all
Stopped at time : 388759810 ns : File "C:/Users/Mateusz Kozlowski/Documents/zampf/ZAMFP/ZAMFP.srcs/sources_1/new/uart.vhd" Line 96
relaunch_sim
INFO: xsimkernel Simulation Memory Usage: 17600 KB (Peak: 17600 KB), Simulation CPU Usage: 15405 ms
Command: launch_simulation -step compile -simset sim_1 -mode behavioral
INFO: [Vivado 12-12493] Simulation top is 'system_tb'
INFO: [Vivado 12-5682] Launching behavioral simulation in 'C:/Users/Mateusz Kozlowski/Documents/zampf/ZAMFP/ZAMFP.sim/sim_1/behav/xsim'
INFO: [SIM-utils-51] Simulation object is 'sim_1'
INFO: [USF-XSim-2] XSim::Compile design
INFO: [USF-XSim-61] Executing 'COMPILE and ANALYZE' step in 'C:/Users/Mateusz Kozlowski/Documents/zampf/ZAMFP/ZAMFP.sim/sim_1/behav/xsim'
"xvhdl --incr --relax -prj system_tb_vhdl.prj"
INFO: [USF-XSim-69] 'compile' step finished in '1' seconds
Command: launch_simulation -step elaborate -simset sim_1 -mode behavioral
INFO: [Vivado 12-12493] Simulation top is 'system_tb'
INFO: [Vivado 12-5682] Launching behavioral simulation in 'C:/Users/Mateusz Kozlowski/Documents/zampf/ZAMFP/ZAMFP.sim/sim_1/behav/xsim'
INFO: [SIM-utils-51] Simulation object is 'sim_1'
INFO: [USF-XSim-3] XSim::Elaborate design
INFO: [USF-XSim-61] Executing 'ELABORATE' step in 'C:/Users/Mateusz Kozlowski/Documents/zampf/ZAMFP/ZAMFP.sim/sim_1/behav/xsim'
"xelab --incr --debug typical --relax --mt 2 -L xil_defaultlib -L secureip --snapshot system_tb_behav xil_defaultlib.system_tb -log elaborate.log"
Vivado Simulator v2025.1.0
Copyright 1986-2022 Xilinx, Inc. All Rights Reserved.
Copyright 2022-2025 Advanced Micro Devices, Inc. All Rights Reserved.
Running: C:/Xilinx/2025.1/Vivado/bin/unwrapped/win64.o/xelab.exe --incr --debug typical --relax --mt 2 -L xil_defaultlib -L secureip --snapshot system_tb_behav xil_defaultlib.system_tb -log elaborate.log 
Using 2 slave threads.
Starting static elaboration
Completed static elaboration
INFO: [XSIM 43-4323] No Change in HDL. Linking previously generated obj files to create kernel
INFO: [USF-XSim-69] 'elaborate' step finished in '1' seconds
Time resolution is 1 ps
run all
Stopped at time : 4550 ns : File "C:/Users/Mateusz Kozlowski/Documents/zampf/ZAMFP/ZAMFP.srcs/sources_1/new/uart.vhd" Line 96
run all
Stopped at time : 13270 ns : File "C:/Users/Mateusz Kozlowski/Documents/zampf/ZAMFP/ZAMFP.srcs/sources_1/new/uart.vhd" Line 96
run all
Stopped at time : 21990 ns : File "C:/Users/Mateusz Kozlowski/Documents/zampf/ZAMFP/ZAMFP.srcs/sources_1/new/uart.vhd" Line 96
run all
Stopped at time : 30710 ns : File "C:/Users/Mateusz Kozlowski/Documents/zampf/ZAMFP/ZAMFP.srcs/sources_1/new/uart.vhd" Line 96
run all
Stopped at time : 39430 ns : File "C:/Users/Mateusz Kozlowski/Documents/zampf/ZAMFP/ZAMFP.srcs/sources_1/new/uart.vhd" Line 96
run all
Stopped at time : 48150 ns : File "C:/Users/Mateusz Kozlowski/Documents/zampf/ZAMFP/ZAMFP.srcs/sources_1/new/uart.vhd" Line 96
run all
Stopped at time : 56870 ns : File "C:/Users/Mateusz Kozlowski/Documents/zampf/ZAMFP/ZAMFP.srcs/sources_1/new/uart.vhd" Line 96
run all
Stopped at time : 65590 ns : File "C:/Users/Mateusz Kozlowski/Documents/zampf/ZAMFP/ZAMFP.srcs/sources_1/new/uart.vhd" Line 96
run all
Stopped at time : 74310 ns : File "C:/Users/Mateusz Kozlowski/Documents/zampf/ZAMFP/ZAMFP.srcs/sources_1/new/uart.vhd" Line 96
run all

Stopped at time : 83030 ns : File "C:/Users/Mateusz Kozlowski/Documents/zampf/ZAMFP/ZAMFP.srcs/sources_1/new/uart.vhd" Line 96
run all
Stopped at time : 91750 ns : File "C:/Users/Mateusz Kozlowski/Documents/zampf/ZAMFP/ZAMFP.srcs/sources_1/new/uart.vhd" Line 96
run all
Stopped at time : 100470 ns : File "C:/Users/Mateusz Kozlowski/Documents/zampf/ZAMFP/ZAMFP.srcs/sources_1/new/uart.vhd" Line 96
run all
Stopped at time : 104850 ns : File "C:/Users/Mateusz Kozlowski/Documents/zampf/ZAMFP/ZAMFP.srcs/sources_1/new/uart.vhd" Line 96
run all
Stopped at time : 109190 ns : File "C:/Users/Mateusz Kozlowski/Documents/zampf/ZAMFP/ZAMFP.srcs/sources_1/new/uart.vhd" Line 96
run all
Stopped at time : 113570 ns : File "C:/Users/Mateusz Kozlowski/Documents/zampf/ZAMFP/ZAMFP.srcs/sources_1/new/uart.vhd" Line 96
run all
Stopped at time : 117910 ns : File "C:/Users/Mateusz Kozlowski/Documents/zampf/ZAMFP/ZAMFP.srcs/sources_1/new/uart.vhd" Line 96
run all
Stopped at time : 122290 ns : File "C:/Users/Mateusz Kozlowski/Documents/zampf/ZAMFP/ZAMFP.srcs/sources_1/new/uart.vhd" Line 96
run all
Stopped at time : 126630 ns : File "C:/Users/Mateusz Kozlowski/Documents/zampf/ZAMFP/ZAMFP.srcs/sources_1/new/uart.vhd" Line 96
run all
Stopped at time : 131010 ns : File "C:/Users/Mateusz Kozlowski/Documents/zampf/ZAMFP/ZAMFP.srcs/sources_1/new/uart.vhd" Line 96
run all
Stopped at time : 135350 ns : File "C:/Users/Mateusz Kozlowski/Documents/zampf/ZAMFP/ZAMFP.srcs/sources_1/new/uart.vhd" Line 96
run all
Stopped at time : 139730 ns : File "C:/Users/Mateusz Kozlowski/Documents/zampf/ZAMFP/ZAMFP.srcs/sources_1/new/uart.vhd" Line 96
run all
Stopped at time : 144070 ns : File "C:/Users/Mateusz Kozlowski/Documents/zampf/ZAMFP/ZAMFP.srcs/sources_1/new/uart.vhd" Line 96
run all
Stopped at time : 148450 ns : File "C:/Users/Mateusz Kozlowski/Documents/zampf/ZAMFP/ZAMFP.srcs/sources_1/new/uart.vhd" Line 96
run all
Stopped at time : 152790 ns : File "C:/Users/Mateusz Kozlowski/Documents/zampf/ZAMFP/ZAMFP.srcs/sources_1/new/uart.vhd" Line 96
run all
Stopped at time : 157170 ns : File "C:/Users/Mateusz Kozlowski/Documents/zampf/ZAMFP/ZAMFP.srcs/sources_1/new/uart.vhd" Line 96
run all
Stopped at time : 161510 ns : File "C:/Users/Mateusz Kozlowski/Documents/zampf/ZAMFP/ZAMFP.srcs/sources_1/new/uart.vhd" Line 96
run all

Stopped at time : 165890 ns : File "C:/Users/Mateusz Kozlowski/Documents/zampf/ZAMFP/ZAMFP.srcs/sources_1/new/uart.vhd" Line 96
run all
Stopped at time : 170230 ns : File "C:/Users/Mateusz Kozlowski/Documents/zampf/ZAMFP/ZAMFP.srcs/sources_1/new/uart.vhd" Line 96
run all
Stopped at time : 174610 ns : File "C:/Users/Mateusz Kozlowski/Documents/zampf/ZAMFP/ZAMFP.srcs/sources_1/new/uart.vhd" Line 96
run all
Stopped at time : 178950 ns : File "C:/Users/Mateusz Kozlowski/Documents/zampf/ZAMFP/ZAMFP.srcs/sources_1/new/uart.vhd" Line 96
run all
Stopped at time : 183330 ns : File "C:/Users/Mateusz Kozlowski/Documents/zampf/ZAMFP/ZAMFP.srcs/sources_1/new/uart.vhd" Line 96
run all
Stopped at time : 187670 ns : File "C:/Users/Mateusz Kozlowski/Documents/zampf/ZAMFP/ZAMFP.srcs/sources_1/new/uart.vhd" Line 96
run all
Stopped at time : 192050 ns : File "C:/Users/Mateusz Kozlowski/Documents/zampf/ZAMFP/ZAMFP.srcs/sources_1/new/uart.vhd" Line 96
run all
Stopped at time : 196390 ns : File "C:/Users/Mateusz Kozlowski/Documents/zampf/ZAMFP/ZAMFP.srcs/sources_1/new/uart.vhd" Line 96
run all
Stopped at time : 200770 ns : File "C:/Users/Mateusz Kozlowski/Documents/zampf/ZAMFP/ZAMFP.srcs/sources_1/new/uart.vhd" Line 96
run all
Stopped at time : 205110 ns : File "C:/Users/Mateusz Kozlowski/Documents/zampf/ZAMFP/ZAMFP.srcs/sources_1/new/uart.vhd" Line 96
run all
Stopped at time : 213830 ns : File "C:/Users/Mateusz Kozlowski/Documents/zampf/ZAMFP/ZAMFP.srcs/sources_1/new/uart.vhd" Line 96
run all
Stopped at time : 222550 ns : File "C:/Users/Mateusz Kozlowski/Documents/zampf/ZAMFP/ZAMFP.srcs/sources_1/new/uart.vhd" Line 96
run all
Stopped at time : 231270 ns : File "C:/Users/Mateusz Kozlowski/Documents/zampf/ZAMFP/ZAMFP.srcs/sources_1/new/uart.vhd" Line 96
run all
Stopped at time : 239990 ns : File "C:/Users/Mateusz Kozlowski/Documents/zampf/ZAMFP/ZAMFP.srcs/sources_1/new/uart.vhd" Line 96
run all
Stopped at time : 248710 ns : File "C:/Users/Mateusz Kozlowski/Documents/zampf/ZAMFP/ZAMFP.srcs/sources_1/new/uart.vhd" Line 96
run all
Stopped at time : 257430 ns : File "C:/Users/Mateusz Kozlowski/Documents/zampf/ZAMFP/ZAMFP.srcs/sources_1/new/uart.vhd" Line 96
add_bp {C:/Users/Mateusz Kozlowski/Documents/zampf/ZAMFP/ZAMFP.srcs/system/new/system_tb.vhd} 154
relaunch_sim
Command: launch_simulation -step compile -simset sim_1 -mode behavioral
INFO: [Vivado 12-12493] Simulation top is 'system_tb'
INFO: [Vivado 12-5682] Launching behavioral simulation in 'C:/Users/Mateusz Kozlowski/Documents/zampf/ZAMFP/ZAMFP.sim/sim_1/behav/xsim'
INFO: [SIM-utils-51] Simulation object is 'sim_1'
INFO: [USF-XSim-2] XSim::Compile design
INFO: [USF-XSim-61] Executing 'COMPILE and ANALYZE' step in 'C:/Users/Mateusz Kozlowski/Documents/zampf/ZAMFP/ZAMFP.sim/sim_1/behav/xsim'
"xvhdl --incr --relax -prj system_tb_vhdl.prj"
INFO: [USF-XSim-69] 'compile' step finished in '1' seconds
Command: launch_simulation -step elaborate -simset sim_1 -mode behavioral
INFO: [Vivado 12-12493] Simulation top is 'system_tb'
INFO: [Vivado 12-5682] Launching behavioral simulation in 'C:/Users/Mateusz Kozlowski/Documents/zampf/ZAMFP/ZAMFP.sim/sim_1/behav/xsim'
INFO: [SIM-utils-51] Simulation object is 'sim_1'
INFO: [USF-XSim-3] XSim::Elaborate design
INFO: [USF-XSim-61] Executing 'ELABORATE' step in 'C:/Users/Mateusz Kozlowski/Documents/zampf/ZAMFP/ZAMFP.sim/sim_1/behav/xsim'
"xelab --incr --debug typical --relax --mt 2 -L xil_defaultlib -L secureip --snapshot system_tb_behav xil_defaultlib.system_tb -log elaborate.log"
Vivado Simulator v2025.1.0
Copyright 1986-2022 Xilinx, Inc. All Rights Reserved.
Copyright 2022-2025 Advanced Micro Devices, Inc. All Rights Reserved.
Running: C:/Xilinx/2025.1/Vivado/bin/unwrapped/win64.o/xelab.exe --incr --debug typical --relax --mt 2 -L xil_defaultlib -L secureip --snapshot system_tb_behav xil_defaultlib.system_tb -log elaborate.log 
Using 2 slave threads.
Starting static elaboration
Completed static elaboration
INFO: [XSIM 43-4323] No Change in HDL. Linking previously generated obj files to create kernel
INFO: [USF-XSim-69] 'elaborate' step finished in '1' seconds
Time resolution is 1 ps
run all
Stopped at time : 4550 ns : File "C:/Users/Mateusz Kozlowski/Documents/zampf/ZAMFP/ZAMFP.srcs/sources_1/new/uart.vhd" Line 96
remove_bps -file {C:/Users/Mateusz Kozlowski/Documents/zampf/ZAMFP/ZAMFP.srcs/sources_1/new/uart.vhd} -line 106
remove_bps -file {C:/Users/Mateusz Kozlowski/Documents/zampf/ZAMFP/ZAMFP.srcs/sources_1/new/uart.vhd} -line 96
run all










Stopped at time : 1145960 ns : File "C:/Users/Mateusz Kozlowski/Documents/zampf/ZAMFP/ZAMFP.srcs/system/new/system_tb.vhd" Line 154
add_bp {C:/Users/Mateusz Kozlowski/Documents/zampf/ZAMFP/ZAMFP.srcs/system/new/system_tb.vhd} 157
run all
Stopped at time : 1666760 ns : File "C:/Users/Mateusz Kozlowski/Documents/zampf/ZAMFP/ZAMFP.srcs/system/new/system_tb.vhd" Line 157
add_bp {C:/Users/Mateusz Kozlowski/Documents/zampf/ZAMFP/ZAMFP.srcs/system/new/system_tb.vhd} 160
run all



















Stopped at time : 3958280 ns : File "C:/Users/Mateusz Kozlowski/Documents/zampf/ZAMFP/ZAMFP.srcs/system/new/system_tb.vhd" Line 160
remove_bps -file {C:/Users/Mateusz Kozlowski/Documents/zampf/ZAMFP/ZAMFP.srcs/system/new/system_tb.vhd} -line 160
remove_bps -file {C:/Users/Mateusz Kozlowski/Documents/zampf/ZAMFP/ZAMFP.srcs/system/new/system_tb.vhd} -line 157
remove_bps -file {C:/Users/Mateusz Kozlowski/Documents/zampf/ZAMFP/ZAMFP.srcs/system/new/system_tb.vhd} -line 154
restart
INFO: [Wavedata 42-604] Simulation restarted
run all







































run: Time (s): cpu = 00:00:09 ; elapsed = 00:00:10 . Memory (MB): peak = 3426.324 ; gain = 0.000
run all
relaunch_sim
INFO: xsimkernel Simulation Memory Usage: 17668 KB (Peak: 17668 KB), Simulation CPU Usage: 13780 ms
Command: launch_simulation -step compile -simset sim_1 -mode behavioral
INFO: [Vivado 12-12493] Simulation top is 'system_tb'
INFO: [Vivado 12-5682] Launching behavioral simulation in 'C:/Users/Mateusz Kozlowski/Documents/zampf/ZAMFP/ZAMFP.sim/sim_1/behav/xsim'
INFO: [SIM-utils-51] Simulation object is 'sim_1'
INFO: [USF-XSim-2] XSim::Compile design
INFO: [USF-XSim-61] Executing 'COMPILE and ANALYZE' step in 'C:/Users/Mateusz Kozlowski/Documents/zampf/ZAMFP/ZAMFP.sim/sim_1/behav/xsim'
"xvhdl --incr --relax -prj system_tb_vhdl.prj"
INFO: [VRFC 10-163] Analyzing VHDL file "C:/Users/Mateusz Kozlowski/Documents/zampf/ZAMFP/ZAMFP.srcs/sources_1/new/uart.vhd" into library xil_defaultlib
INFO: [VRFC 10-3107] analyzing entity 'uart'
INFO: [VRFC 10-163] Analyzing VHDL file "C:/Users/Mateusz Kozlowski/Documents/zampf/ZAMFP/ZAMFP.srcs/sources_1/new/top.vhd" into library xil_defaultlib
INFO: [VRFC 10-3107] analyzing entity 'system_rtl'
INFO: [VRFC 10-163] Analyzing VHDL file "C:/Users/Mateusz Kozlowski/Documents/zampf/ZAMFP/ZAMFP.srcs/system/new/system_tb.vhd" into library xil_defaultlib
INFO: [VRFC 10-3107] analyzing entity 'system_tb'
INFO: [USF-XSim-69] 'compile' step finished in '1' seconds
Command: launch_simulation -step elaborate -simset sim_1 -mode behavioral
INFO: [Vivado 12-12493] Simulation top is 'system_tb'
INFO: [Vivado 12-5682] Launching behavioral simulation in 'C:/Users/Mateusz Kozlowski/Documents/zampf/ZAMFP/ZAMFP.sim/sim_1/behav/xsim'
INFO: [SIM-utils-51] Simulation object is 'sim_1'
INFO: [USF-XSim-3] XSim::Elaborate design
INFO: [USF-XSim-61] Executing 'ELABORATE' step in 'C:/Users/Mateusz Kozlowski/Documents/zampf/ZAMFP/ZAMFP.sim/sim_1/behav/xsim'
"xelab --incr --debug typical --relax --mt 2 -L xil_defaultlib -L secureip --snapshot system_tb_behav xil_defaultlib.system_tb -log elaborate.log"
Vivado Simulator v2025.1.0
Copyright 1986-2022 Xilinx, Inc. All Rights Reserved.
Copyright 2022-2025 Advanced Micro Devices, Inc. All Rights Reserved.
Running: C:/Xilinx/2025.1/Vivado/bin/unwrapped/win64.o/xelab.exe --incr --debug typical --relax --mt 2 -L xil_defaultlib -L secureip --snapshot system_tb_behav xil_defaultlib.system_tb -log elaborate.log 
Using 2 slave threads.
Starting static elaboration
Completed static elaboration
Starting simulation data flow analysis
Completed simulation data flow analysis
Time Resolution for simulation is 1ps
Compiling package std.standard
Compiling package std.textio
Compiling package ieee.std_logic_1164
Compiling package ieee.std_logic_textio
Compiling package ieee.numeric_std
Compiling architecture behavioral of entity xil_defaultlib.ram [ram_default]
Compiling architecture rtl of entity xil_defaultlib.uart [uart_default]
Compiling architecture behavioral of entity xil_defaultlib.uart_ram_ctrl [uart_ram_ctrl_default]
Compiling architecture rtl of entity xil_defaultlib.system_rtl [system_rtl_default]
Compiling architecture rtl of entity xil_defaultlib.uart [\uart(baud=9600)\]
Compiling architecture sim of entity xil_defaultlib.system_tb
Built simulation snapshot system_tb_behav
INFO: [USF-XSim-69] 'elaborate' step finished in '1' seconds
Time resolution is 1 ps
relaunch_sim: Time (s): cpu = 00:00:00 ; elapsed = 00:00:06 . Memory (MB): peak = 3426.324 ; gain = 0.000
run all







































run: Time (s): cpu = 00:00:40 ; elapsed = 00:00:34 . Memory (MB): peak = 3426.324 ; gain = 0.000
relaunch_sim
INFO: xsimkernel Simulation Memory Usage: 17572 KB (Peak: 17572 KB), Simulation CPU Usage: 29530 ms
Command: launch_simulation -step compile -simset sim_1 -mode behavioral
INFO: [Vivado 12-12493] Simulation top is 'system_tb'
INFO: [Vivado 12-5682] Launching behavioral simulation in 'C:/Users/Mateusz Kozlowski/Documents/zampf/ZAMFP/ZAMFP.sim/sim_1/behav/xsim'
INFO: [SIM-utils-51] Simulation object is 'sim_1'
INFO: [USF-XSim-2] XSim::Compile design
INFO: [USF-XSim-61] Executing 'COMPILE and ANALYZE' step in 'C:/Users/Mateusz Kozlowski/Documents/zampf/ZAMFP/ZAMFP.sim/sim_1/behav/xsim'
"xvhdl --incr --relax -prj system_tb_vhdl.prj"
INFO: [VRFC 10-163] Analyzing VHDL file "C:/Users/Mateusz Kozlowski/Documents/zampf/ZAMFP/ZAMFP.srcs/system/new/system_tb.vhd" into library xil_defaultlib
INFO: [VRFC 10-3107] analyzing entity 'system_tb'
INFO: [USF-XSim-69] 'compile' step finished in '1' seconds
Command: launch_simulation -step elaborate -simset sim_1 -mode behavioral
INFO: [Vivado 12-12493] Simulation top is 'system_tb'
INFO: [Vivado 12-5682] Launching behavioral simulation in 'C:/Users/Mateusz Kozlowski/Documents/zampf/ZAMFP/ZAMFP.sim/sim_1/behav/xsim'
INFO: [SIM-utils-51] Simulation object is 'sim_1'
INFO: [USF-XSim-3] XSim::Elaborate design
INFO: [USF-XSim-61] Executing 'ELABORATE' step in 'C:/Users/Mateusz Kozlowski/Documents/zampf/ZAMFP/ZAMFP.sim/sim_1/behav/xsim'
"xelab --incr --debug typical --relax --mt 2 -L xil_defaultlib -L secureip --snapshot system_tb_behav xil_defaultlib.system_tb -log elaborate.log"
Vivado Simulator v2025.1.0
Copyright 1986-2022 Xilinx, Inc. All Rights Reserved.
Copyright 2022-2025 Advanced Micro Devices, Inc. All Rights Reserved.
Running: C:/Xilinx/2025.1/Vivado/bin/unwrapped/win64.o/xelab.exe --incr --debug typical --relax --mt 2 -L xil_defaultlib -L secureip --snapshot system_tb_behav xil_defaultlib.system_tb -log elaborate.log 
Using 2 slave threads.
Starting static elaboration
Completed static elaboration
Starting simulation data flow analysis
Completed simulation data flow analysis
Time Resolution for simulation is 1ps
Compiling package std.standard
Compiling package std.textio
Compiling package ieee.std_logic_1164
Compiling package ieee.std_logic_textio
Compiling package ieee.numeric_std
Compiling architecture behavioral of entity xil_defaultlib.ram [ram_default]
Compiling architecture rtl of entity xil_defaultlib.uart [uart_default]
Compiling architecture behavioral of entity xil_defaultlib.uart_ram_ctrl [uart_ram_ctrl_default]
Compiling architecture rtl of entity xil_defaultlib.system_rtl [system_rtl_default]
Compiling architecture sim of entity xil_defaultlib.system_tb
Built simulation snapshot system_tb_behav
INFO: [USF-XSim-69] 'elaborate' step finished in '1' seconds
Time resolution is 1 ps
relaunch_sim: Time (s): cpu = 00:00:00 ; elapsed = 00:00:06 . Memory (MB): peak = 3426.324 ; gain = 0.000
run all



RESP WRITE PRE = 0x5A
RESP WRITE HDR = 0x61

RESP WRITE DATA = 0xA1


RESP READ PRE = 0x5A
RESP READ HDR = 0xE1
RESP READ DATA = 0xA1
0


RESP WRITE PRE = 0x5A
RESP WRITE HDR = 0x00
RESP WRITE DATA = 0x00


RESP READ PRE = 0x5A
RESP READ HDR = 0x80
RESP READ DATA = 0x00
1


RESP WRITE PRE = 0x5A
RESP WRITE HDR = 0x03
RESP WRITE DATA = 0x02


RESP READ PRE = 0x5A
RESP READ HDR = 0x83
RESP READ DATA = 0x02
2


RESP WRITE PRE = 0x5A
RESP WRITE HDR = 0x06
RESP WRITE DATA = 0x04


RESP READ PRE = 0x5A
RESP READ HDR = 0x86
RESP READ DATA = 0x04
3


RESP WRITE PRE = 0x5A
RESP WRITE HDR = 0x09
RESP WRITE DATA = 0x06


RESP READ PRE = 0x5A
RESP READ HDR = 0x89
RESP READ DATA = 0x06
4


RESP WRITE PRE = 0x5A
RESP WRITE HDR = 0x0C
RESP WRITE DATA = 0x08


RESP READ PRE = 0x5A
RESP READ HDR = 0x8C
RESP READ DATA = 0x08
5


RESP WRITE PRE = 0x5A
RESP WRITE HDR = 0x0F
RESP WRITE DATA = 0x0A


RESP READ PRE = 0x5A
RESP READ HDR = 0x8F
RESP READ DATA = 0x0A
6


RESP WRITE PRE = 0x5A
RESP WRITE HDR = 0x12
RESP WRITE DATA = 0x0C


RESP READ PRE = 0x5A
RESP READ HDR = 0x92
RESP READ DATA = 0x0C
7


RESP WRITE PRE = 0x5A
RESP WRITE HDR = 0x15
RESP WRITE DATA = 0x0E


RESP READ PRE = 0x5A
RESP READ HDR = 0x95
RESP READ DATA = 0x0E
Stopped at time : 11061750 ns : File "C:/Users/Mateusz Kozlowski/Documents/zampf/ZAMFP/ZAMFP.srcs/system/new/system_tb.vhd" Line 263
relaunch_sim
Command: launch_simulation -step compile -simset sim_1 -mode behavioral
INFO: [Vivado 12-12493] Simulation top is 'system_tb'
INFO: [Vivado 12-5682] Launching behavioral simulation in 'C:/Users/Mateusz Kozlowski/Documents/zampf/ZAMFP/ZAMFP.sim/sim_1/behav/xsim'
INFO: [SIM-utils-51] Simulation object is 'sim_1'
INFO: [USF-XSim-2] XSim::Compile design
INFO: [USF-XSim-61] Executing 'COMPILE and ANALYZE' step in 'C:/Users/Mateusz Kozlowski/Documents/zampf/ZAMFP/ZAMFP.sim/sim_1/behav/xsim'
"xvhdl --incr --relax -prj system_tb_vhdl.prj"
INFO: [VRFC 10-163] Analyzing VHDL file "C:/Users/Mateusz Kozlowski/Documents/zampf/ZAMFP/ZAMFP.srcs/sources_1/new/uart.vhd" into library xil_defaultlib
INFO: [VRFC 10-3107] analyzing entity 'uart'
INFO: [VRFC 10-163] Analyzing VHDL file "C:/Users/Mateusz Kozlowski/Documents/zampf/ZAMFP/ZAMFP.srcs/sources_1/new/top.vhd" into library xil_defaultlib
INFO: [VRFC 10-3107] analyzing entity 'system_rtl'
INFO: [VRFC 10-163] Analyzing VHDL file "C:/Users/Mateusz Kozlowski/Documents/zampf/ZAMFP/ZAMFP.srcs/system/new/system_tb.vhd" into library xil_defaultlib
INFO: [VRFC 10-3107] analyzing entity 'system_tb'
INFO: [USF-XSim-69] 'compile' step finished in '1' seconds
Command: launch_simulation -step elaborate -simset sim_1 -mode behavioral
INFO: [Vivado 12-12493] Simulation top is 'system_tb'
INFO: [Vivado 12-5682] Launching behavioral simulation in 'C:/Users/Mateusz Kozlowski/Documents/zampf/ZAMFP/ZAMFP.sim/sim_1/behav/xsim'
INFO: [SIM-utils-51] Simulation object is 'sim_1'
INFO: [USF-XSim-3] XSim::Elaborate design
INFO: [USF-XSim-61] Executing 'ELABORATE' step in 'C:/Users/Mateusz Kozlowski/Documents/zampf/ZAMFP/ZAMFP.sim/sim_1/behav/xsim'
"xelab --incr --debug typical --relax --mt 2 -L xil_defaultlib -L secureip --snapshot system_tb_behav xil_defaultlib.system_tb -log elaborate.log"
Vivado Simulator v2025.1.0
Copyright 1986-2022 Xilinx, Inc. All Rights Reserved.
Copyright 2022-2025 Advanced Micro Devices, Inc. All Rights Reserved.
Running: C:/Xilinx/2025.1/Vivado/bin/unwrapped/win64.o/xelab.exe --incr --debug typical --relax --mt 2 -L xil_defaultlib -L secureip --snapshot system_tb_behav xil_defaultlib.system_tb -log elaborate.log 
Using 2 slave threads.
Starting static elaboration
Completed static elaboration
Starting simulation data flow analysis
Completed simulation data flow analysis
Time Resolution for simulation is 1ps
Compiling package std.standard
Compiling package std.textio
Compiling package ieee.std_logic_1164
Compiling package ieee.std_logic_textio
Compiling package ieee.numeric_std
Compiling architecture behavioral of entity xil_defaultlib.ram [ram_default]
Compiling architecture rtl of entity xil_defaultlib.uart [uart_default]
Compiling architecture behavioral of entity xil_defaultlib.uart_ram_ctrl [uart_ram_ctrl_default]
Compiling architecture rtl of entity xil_defaultlib.system_rtl [system_rtl_default]
Compiling architecture sim of entity xil_defaultlib.system_tb
Built simulation snapshot system_tb_behav
INFO: [USF-XSim-69] 'elaborate' step finished in '1' seconds
Time resolution is 1 ps
relaunch_sim: Time (s): cpu = 00:00:01 ; elapsed = 00:00:06 . Memory (MB): peak = 3426.324 ; gain = 0.000
add_bp {C:/Users/Mateusz Kozlowski/Documents/zampf/ZAMFP/ZAMFP.srcs/sources_1/new/uart.vhd} 106
run all



RESP WRITE PRE = 0x5A
RESP WRITE HDR = 0x61

RESP WRITE DATA = 0xA1


RESP READ PRE = 0x5A
RESP READ HDR = 0xE1
RESP READ DATA = 0xA1
0


RESP WRITE PRE = 0x5A
RESP WRITE HDR = 0x00
RESP WRITE DATA = 0x00


RESP READ PRE = 0x5A
RESP READ HDR = 0x80
RESP READ DATA = 0x00
1


RESP WRITE PRE = 0x5A
RESP WRITE HDR = 0x03
RESP WRITE DATA = 0x02


RESP READ PRE = 0x5A
RESP READ HDR = 0x83
RESP READ DATA = 0x02
2


RESP WRITE PRE = 0x5A
RESP WRITE HDR = 0x06
RESP WRITE DATA = 0x04


RESP READ PRE = 0x5A
RESP READ HDR = 0x86
RESP READ DATA = 0x04
3


RESP WRITE PRE = 0x5A
RESP WRITE HDR = 0x09
RESP WRITE DATA = 0x06


RESP READ PRE = 0x5A
RESP READ HDR = 0x89
RESP READ DATA = 0x06
4


RESP WRITE PRE = 0x5A
RESP WRITE HDR = 0x0C
RESP WRITE DATA = 0x08


RESP READ PRE = 0x5A
RESP READ HDR = 0x8C
RESP READ DATA = 0x08
5


RESP WRITE PRE = 0x5A
RESP WRITE HDR = 0x0F
RESP WRITE DATA = 0x0A


RESP READ PRE = 0x5A
RESP READ HDR = 0x8F
RESP READ DATA = 0x0A
6


RESP WRITE PRE = 0x5A
RESP WRITE HDR = 0x12
RESP WRITE DATA = 0x0C


RESP READ PRE = 0x5A
RESP READ HDR = 0x92
RESP READ DATA = 0x0C
7


RESP WRITE PRE = 0x5A
RESP WRITE HDR = 0x15
RESP WRITE DATA = 0x0E


RESP READ PRE = 0x5A
RESP READ HDR = 0x95
RESP READ DATA = 0x0E
Stopped at time : 11061750 ns : File "C:/Users/Mateusz Kozlowski/Documents/zampf/ZAMFP/ZAMFP.srcs/system/new/system_tb.vhd" Line 263
add_bp {C:/Users/Mateusz Kozlowski/Documents/zampf/ZAMFP/ZAMFP.srcs/system/new/system_tb.vhd} 154
remove_bps -file {C:/Users/Mateusz Kozlowski/Documents/zampf/ZAMFP/ZAMFP.srcs/system/new/system_tb.vhd} -line 154
add_bp {C:/Users/Mateusz Kozlowski/Documents/zampf/ZAMFP/ZAMFP.srcs/system/new/system_tb.vhd} 154
add_bp {C:/Users/Mateusz Kozlowski/Documents/zampf/ZAMFP/ZAMFP.srcs/system/new/system_tb.vhd} 157
add_bp {C:/Users/Mateusz Kozlowski/Documents/zampf/ZAMFP/ZAMFP.srcs/sources_1/new/uart.vhd} 96
relaunch_sim
Command: launch_simulation -step compile -simset sim_1 -mode behavioral
INFO: [Vivado 12-12493] Simulation top is 'system_tb'
INFO: [Vivado 12-5682] Launching behavioral simulation in 'C:/Users/Mateusz Kozlowski/Documents/zampf/ZAMFP/ZAMFP.sim/sim_1/behav/xsim'
INFO: [SIM-utils-51] Simulation object is 'sim_1'
INFO: [USF-XSim-2] XSim::Compile design
INFO: [USF-XSim-61] Executing 'COMPILE and ANALYZE' step in 'C:/Users/Mateusz Kozlowski/Documents/zampf/ZAMFP/ZAMFP.sim/sim_1/behav/xsim'
"xvhdl --incr --relax -prj system_tb_vhdl.prj"
INFO: [VRFC 10-163] Analyzing VHDL file "C:/Users/Mateusz Kozlowski/Documents/zampf/ZAMFP/ZAMFP.srcs/system/new/system_tb.vhd" into library xil_defaultlib
INFO: [VRFC 10-3107] analyzing entity 'system_tb'
INFO: [USF-XSim-69] 'compile' step finished in '1' seconds
Command: launch_simulation -step elaborate -simset sim_1 -mode behavioral
INFO: [Vivado 12-12493] Simulation top is 'system_tb'
INFO: [Vivado 12-5682] Launching behavioral simulation in 'C:/Users/Mateusz Kozlowski/Documents/zampf/ZAMFP/ZAMFP.sim/sim_1/behav/xsim'
INFO: [SIM-utils-51] Simulation object is 'sim_1'
INFO: [USF-XSim-3] XSim::Elaborate design
INFO: [USF-XSim-61] Executing 'ELABORATE' step in 'C:/Users/Mateusz Kozlowski/Documents/zampf/ZAMFP/ZAMFP.sim/sim_1/behav/xsim'
"xelab --incr --debug typical --relax --mt 2 -L xil_defaultlib -L secureip --snapshot system_tb_behav xil_defaultlib.system_tb -log elaborate.log"
Vivado Simulator v2025.1.0
Copyright 1986-2022 Xilinx, Inc. All Rights Reserved.
Copyright 2022-2025 Advanced Micro Devices, Inc. All Rights Reserved.
Running: C:/Xilinx/2025.1/Vivado/bin/unwrapped/win64.o/xelab.exe --incr --debug typical --relax --mt 2 -L xil_defaultlib -L secureip --snapshot system_tb_behav xil_defaultlib.system_tb -log elaborate.log 
Using 2 slave threads.
Starting static elaboration
Completed static elaboration
Starting simulation data flow analysis
Completed simulation data flow analysis
Time Resolution for simulation is 1ps
Compiling package std.standard
Compiling package std.textio
Compiling package ieee.std_logic_1164
Compiling package ieee.std_logic_textio
Compiling package ieee.numeric_std
Compiling architecture behavioral of entity xil_defaultlib.ram [ram_default]
Compiling architecture rtl of entity xil_defaultlib.uart [uart_default]
Compiling architecture behavioral of entity xil_defaultlib.uart_ram_ctrl [uart_ram_ctrl_default]
Compiling architecture rtl of entity xil_defaultlib.system_rtl [system_rtl_default]
Compiling architecture sim of entity xil_defaultlib.system_tb
Built simulation snapshot system_tb_behav
INFO: [USF-XSim-69] 'elaborate' step finished in '1' seconds
Time resolution is 1 ps
WARNING: [Simulator 45-24] Previous breakpoint at line 263 in file 'C:/Users/Mateusz Kozlowski/Documents/zampf/ZAMFP/ZAMFP.srcs/system/new/system_tb.vhd' not restored because it is no longer a breakable line.
WARNING: [Simulator 45-24] Previous breakpoint at line 157 in file 'C:/Users/Mateusz Kozlowski/Documents/zampf/ZAMFP/ZAMFP.srcs/system/new/system_tb.vhd' not restored because it is no longer a breakable line.
Stopped at time : 200 ns : File "C:/Users/Mateusz Kozlowski/Documents/zampf/ZAMFP/ZAMFP.srcs/system/new/system_tb.vhd" Line 154
relaunch_sim: Time (s): cpu = 00:00:00 ; elapsed = 00:00:06 . Memory (MB): peak = 3427.109 ; gain = 0.000
run all
Stopped at time : 4550 ns : File "C:/Users/Mateusz Kozlowski/Documents/zampf/ZAMFP/ZAMFP.srcs/sources_1/new/uart.vhd" Line 96
run all
Stopped at time : 8930 ns : File "C:/Users/Mateusz Kozlowski/Documents/zampf/ZAMFP/ZAMFP.srcs/sources_1/new/uart.vhd" Line 96
run all
Stopped at time : 13270 ns : File "C:/Users/Mateusz Kozlowski/Documents/zampf/ZAMFP/ZAMFP.srcs/sources_1/new/uart.vhd" Line 96
run all
Stopped at time : 21990 ns : File "C:/Users/Mateusz Kozlowski/Documents/zampf/ZAMFP/ZAMFP.srcs/sources_1/new/uart.vhd" Line 96
run all
Stopped at time : 26290 ns : File "C:/Users/Mateusz Kozlowski/Documents/zampf/ZAMFP/ZAMFP.srcs/sources_1/new/uart.vhd" Line 96
run all
Stopped at time : 30710 ns : File "C:/Users/Mateusz Kozlowski/Documents/zampf/ZAMFP/ZAMFP.srcs/sources_1/new/uart.vhd" Line 96
run all
Stopped at time : 39430 ns : File "C:/Users/Mateusz Kozlowski/Documents/zampf/ZAMFP/ZAMFP.srcs/sources_1/new/uart.vhd" Line 96
run all
Stopped at time : 43650 ns : File "C:/Users/Mateusz Kozlowski/Documents/zampf/ZAMFP/ZAMFP.srcs/sources_1/new/uart.vhd" Line 96
run all
Stopped at time : 48150 ns : File "C:/Users/Mateusz Kozlowski/Documents/zampf/ZAMFP/ZAMFP.srcs/sources_1/new/uart.vhd" Line 96
run all
Stopped at time : 56870 ns : File "C:/Users/Mateusz Kozlowski/Documents/zampf/ZAMFP/ZAMFP.srcs/sources_1/new/uart.vhd" Line 96
run all
Stopped at time : 61010 ns : File "C:/Users/Mateusz Kozlowski/Documents/zampf/ZAMFP/ZAMFP.srcs/sources_1/new/uart.vhd" Line 96
run all
Stopped at time : 65590 ns : File "C:/Users/Mateusz Kozlowski/Documents/zampf/ZAMFP/ZAMFP.srcs/sources_1/new/uart.vhd" Line 96
run all
Stopped at time : 74310 ns : File "C:/Users/Mateusz Kozlowski/Documents/zampf/ZAMFP/ZAMFP.srcs/sources_1/new/uart.vhd" Line 96
run all
Stopped at time : 78370 ns : File "C:/Users/Mateusz Kozlowski/Documents/zampf/ZAMFP/ZAMFP.srcs/sources_1/new/uart.vhd" Line 96
run all

Stopped at time : 83030 ns : File "C:/Users/Mateusz Kozlowski/Documents/zampf/ZAMFP/ZAMFP.srcs/sources_1/new/uart.vhd" Line 96
run all
Stopped at time : 87090 ns : File "C:/Users/Mateusz Kozlowski/Documents/zampf/ZAMFP/ZAMFP.srcs/sources_1/new/uart.vhd" Line 96
run all
Stopped at time : 91750 ns : File "C:/Users/Mateusz Kozlowski/Documents/zampf/ZAMFP/ZAMFP.srcs/sources_1/new/uart.vhd" Line 96
run all
Stopped at time : 95810 ns : File "C:/Users/Mateusz Kozlowski/Documents/zampf/ZAMFP/ZAMFP.srcs/sources_1/new/uart.vhd" Line 96
add_bp {C:/Users/Mateusz Kozlowski/Documents/zampf/ZAMFP/ZAMFP.srcs/system/new/system_tb.vhd} 156
relaunch_sim
Command: launch_simulation -step compile -simset sim_1 -mode behavioral
INFO: [Vivado 12-12493] Simulation top is 'system_tb'
INFO: [Vivado 12-5682] Launching behavioral simulation in 'C:/Users/Mateusz Kozlowski/Documents/zampf/ZAMFP/ZAMFP.sim/sim_1/behav/xsim'
INFO: [SIM-utils-51] Simulation object is 'sim_1'
INFO: [USF-XSim-2] XSim::Compile design
INFO: [USF-XSim-61] Executing 'COMPILE and ANALYZE' step in 'C:/Users/Mateusz Kozlowski/Documents/zampf/ZAMFP/ZAMFP.sim/sim_1/behav/xsim'
"xvhdl --incr --relax -prj system_tb_vhdl.prj"
INFO: [USF-XSim-69] 'compile' step finished in '1' seconds
Command: launch_simulation -step elaborate -simset sim_1 -mode behavioral
INFO: [Vivado 12-12493] Simulation top is 'system_tb'
INFO: [Vivado 12-5682] Launching behavioral simulation in 'C:/Users/Mateusz Kozlowski/Documents/zampf/ZAMFP/ZAMFP.sim/sim_1/behav/xsim'
INFO: [SIM-utils-51] Simulation object is 'sim_1'
INFO: [USF-XSim-3] XSim::Elaborate design
INFO: [USF-XSim-61] Executing 'ELABORATE' step in 'C:/Users/Mateusz Kozlowski/Documents/zampf/ZAMFP/ZAMFP.sim/sim_1/behav/xsim'
"xelab --incr --debug typical --relax --mt 2 -L xil_defaultlib -L secureip --snapshot system_tb_behav xil_defaultlib.system_tb -log elaborate.log"
Vivado Simulator v2025.1.0
Copyright 1986-2022 Xilinx, Inc. All Rights Reserved.
Copyright 2022-2025 Advanced Micro Devices, Inc. All Rights Reserved.
Running: C:/Xilinx/2025.1/Vivado/bin/unwrapped/win64.o/xelab.exe --incr --debug typical --relax --mt 2 -L xil_defaultlib -L secureip --snapshot system_tb_behav xil_defaultlib.system_tb -log elaborate.log 
Using 2 slave threads.
Starting static elaboration
Completed static elaboration
INFO: [XSIM 43-4323] No Change in HDL. Linking previously generated obj files to create kernel
INFO: [USF-XSim-69] 'elaborate' step finished in '1' seconds
Time resolution is 1 ps
Stopped at time : 200 ns : File "C:/Users/Mateusz Kozlowski/Documents/zampf/ZAMFP/ZAMFP.srcs/system/new/system_tb.vhd" Line 154
run all
Stopped at time : 4550 ns : File "C:/Users/Mateusz Kozlowski/Documents/zampf/ZAMFP/ZAMFP.srcs/sources_1/new/uart.vhd" Line 96
run all
Stopped at time : 8930 ns : File "C:/Users/Mateusz Kozlowski/Documents/zampf/ZAMFP/ZAMFP.srcs/sources_1/new/uart.vhd" Line 96
run all
Stopped at time : 13270 ns : File "C:/Users/Mateusz Kozlowski/Documents/zampf/ZAMFP/ZAMFP.srcs/sources_1/new/uart.vhd" Line 96
run all
Stopped at time : 21990 ns : File "C:/Users/Mateusz Kozlowski/Documents/zampf/ZAMFP/ZAMFP.srcs/sources_1/new/uart.vhd" Line 96
run all
Stopped at time : 26290 ns : File "C:/Users/Mateusz Kozlowski/Documents/zampf/ZAMFP/ZAMFP.srcs/sources_1/new/uart.vhd" Line 96
run all
Stopped at time : 30710 ns : File "C:/Users/Mateusz Kozlowski/Documents/zampf/ZAMFP/ZAMFP.srcs/sources_1/new/uart.vhd" Line 96
run all
Stopped at time : 39430 ns : File "C:/Users/Mateusz Kozlowski/Documents/zampf/ZAMFP/ZAMFP.srcs/sources_1/new/uart.vhd" Line 96
run all
Stopped at time : 43650 ns : File "C:/Users/Mateusz Kozlowski/Documents/zampf/ZAMFP/ZAMFP.srcs/sources_1/new/uart.vhd" Line 96
run all
Stopped at time : 48150 ns : File "C:/Users/Mateusz Kozlowski/Documents/zampf/ZAMFP/ZAMFP.srcs/sources_1/new/uart.vhd" Line 96
run all
Stopped at time : 56870 ns : File "C:/Users/Mateusz Kozlowski/Documents/zampf/ZAMFP/ZAMFP.srcs/sources_1/new/uart.vhd" Line 96
run all
Stopped at time : 61010 ns : File "C:/Users/Mateusz Kozlowski/Documents/zampf/ZAMFP/ZAMFP.srcs/sources_1/new/uart.vhd" Line 96
run all
Stopped at time : 65590 ns : File "C:/Users/Mateusz Kozlowski/Documents/zampf/ZAMFP/ZAMFP.srcs/sources_1/new/uart.vhd" Line 96
run all
Stopped at time : 74310 ns : File "C:/Users/Mateusz Kozlowski/Documents/zampf/ZAMFP/ZAMFP.srcs/sources_1/new/uart.vhd" Line 96
run all
Stopped at time : 78370 ns : File "C:/Users/Mateusz Kozlowski/Documents/zampf/ZAMFP/ZAMFP.srcs/sources_1/new/uart.vhd" Line 96
run all

Stopped at time : 83030 ns : File "C:/Users/Mateusz Kozlowski/Documents/zampf/ZAMFP/ZAMFP.srcs/sources_1/new/uart.vhd" Line 96
run all
Stopped at time : 87090 ns : File "C:/Users/Mateusz Kozlowski/Documents/zampf/ZAMFP/ZAMFP.srcs/sources_1/new/uart.vhd" Line 96
run all
Stopped at time : 91750 ns : File "C:/Users/Mateusz Kozlowski/Documents/zampf/ZAMFP/ZAMFP.srcs/sources_1/new/uart.vhd" Line 96
run all
Stopped at time : 95680 ns : File "C:/Users/Mateusz Kozlowski/Documents/zampf/ZAMFP/ZAMFP.srcs/system/new/system_tb.vhd" Line 156
run all
Stopped at time : 95810 ns : File "C:/Users/Mateusz Kozlowski/Documents/zampf/ZAMFP/ZAMFP.srcs/sources_1/new/uart.vhd" Line 96
relaunch_sim
Command: launch_simulation -step compile -simset sim_1 -mode behavioral
INFO: [Vivado 12-12493] Simulation top is 'system_tb'
INFO: [Vivado 12-5682] Launching behavioral simulation in 'C:/Users/Mateusz Kozlowski/Documents/zampf/ZAMFP/ZAMFP.sim/sim_1/behav/xsim'
INFO: [SIM-utils-51] Simulation object is 'sim_1'
INFO: [USF-XSim-2] XSim::Compile design
INFO: [USF-XSim-61] Executing 'COMPILE and ANALYZE' step in 'C:/Users/Mateusz Kozlowski/Documents/zampf/ZAMFP/ZAMFP.sim/sim_1/behav/xsim'
"xvhdl --incr --relax -prj system_tb_vhdl.prj"
INFO: [VRFC 10-163] Analyzing VHDL file "C:/Users/Mateusz Kozlowski/Documents/zampf/ZAMFP/ZAMFP.srcs/sources_1/new/uart.vhd" into library xil_defaultlib
INFO: [VRFC 10-3107] analyzing entity 'uart'
INFO: [VRFC 10-163] Analyzing VHDL file "C:/Users/Mateusz Kozlowski/Documents/zampf/ZAMFP/ZAMFP.srcs/sources_1/new/top.vhd" into library xil_defaultlib
INFO: [VRFC 10-3107] analyzing entity 'system_rtl'
INFO: [VRFC 10-163] Analyzing VHDL file "C:/Users/Mateusz Kozlowski/Documents/zampf/ZAMFP/ZAMFP.srcs/system/new/system_tb.vhd" into library xil_defaultlib
INFO: [VRFC 10-3107] analyzing entity 'system_tb'
INFO: [USF-XSim-69] 'compile' step finished in '1' seconds
Command: launch_simulation -step elaborate -simset sim_1 -mode behavioral
INFO: [Vivado 12-12493] Simulation top is 'system_tb'
INFO: [Vivado 12-5682] Launching behavioral simulation in 'C:/Users/Mateusz Kozlowski/Documents/zampf/ZAMFP/ZAMFP.sim/sim_1/behav/xsim'
INFO: [SIM-utils-51] Simulation object is 'sim_1'
INFO: [USF-XSim-3] XSim::Elaborate design
INFO: [USF-XSim-61] Executing 'ELABORATE' step in 'C:/Users/Mateusz Kozlowski/Documents/zampf/ZAMFP/ZAMFP.sim/sim_1/behav/xsim'
"xelab --incr --debug typical --relax --mt 2 -L xil_defaultlib -L secureip --snapshot system_tb_behav xil_defaultlib.system_tb -log elaborate.log"
Vivado Simulator v2025.1.0
Copyright 1986-2022 Xilinx, Inc. All Rights Reserved.
Copyright 2022-2025 Advanced Micro Devices, Inc. All Rights Reserved.
Running: C:/Xilinx/2025.1/Vivado/bin/unwrapped/win64.o/xelab.exe --incr --debug typical --relax --mt 2 -L xil_defaultlib -L secureip --snapshot system_tb_behav xil_defaultlib.system_tb -log elaborate.log 
Using 2 slave threads.
Starting static elaboration
Completed static elaboration
Starting simulation data flow analysis
Completed simulation data flow analysis
Time Resolution for simulation is 1ps
Compiling package std.standard
Compiling package std.textio
Compiling package ieee.std_logic_1164
Compiling package ieee.std_logic_textio
Compiling package ieee.numeric_std
Compiling architecture behavioral of entity xil_defaultlib.ram [ram_default]
Compiling architecture rtl of entity xil_defaultlib.uart [uart_default]
Compiling architecture behavioral of entity xil_defaultlib.uart_ram_ctrl [uart_ram_ctrl_default]
Compiling architecture rtl of entity xil_defaultlib.system_rtl [system_rtl_default]
Compiling architecture sim of entity xil_defaultlib.system_tb
Built simulation snapshot system_tb_behav
INFO: [USF-XSim-69] 'elaborate' step finished in '1' seconds
Time resolution is 1 ps
WARNING: [Simulator 45-24] Previous breakpoint at line 106 in file 'C:/Users/Mateusz Kozlowski/Documents/zampf/ZAMFP/ZAMFP.srcs/sources_1/new/uart.vhd' not restored because it is no longer a breakable line.
Stopped at time : 200 ns : File "C:/Users/Mateusz Kozlowski/Documents/zampf/ZAMFP/ZAMFP.srcs/system/new/system_tb.vhd" Line 154
relaunch_sim: Time (s): cpu = 00:00:01 ; elapsed = 00:00:06 . Memory (MB): peak = 3427.109 ; gain = 0.000
remove_bps -file {C:/Users/Mateusz Kozlowski/Documents/zampf/ZAMFP/ZAMFP.srcs/sources_1/new/uart.vhd} -line 96
add_bp {C:/Users/Mateusz Kozlowski/Documents/zampf/ZAMFP/ZAMFP.srcs/sources_1/new/uart.vhd} 97
add_bp {C:/Users/Mateusz Kozlowski/Documents/zampf/ZAMFP/ZAMFP.srcs/sources_1/new/uart.vhd} 107
run all
Stopped at time : 4550 ns : File "C:/Users/Mateusz Kozlowski/Documents/zampf/ZAMFP/ZAMFP.srcs/sources_1/new/uart.vhd" Line 97
run all
Stopped at time : 8930 ns : File "C:/Users/Mateusz Kozlowski/Documents/zampf/ZAMFP/ZAMFP.srcs/sources_1/new/uart.vhd" Line 97
run all
Stopped at time : 13270 ns : File "C:/Users/Mateusz Kozlowski/Documents/zampf/ZAMFP/ZAMFP.srcs/sources_1/new/uart.vhd" Line 97
run all
Stopped at time : 21990 ns : File "C:/Users/Mateusz Kozlowski/Documents/zampf/ZAMFP/ZAMFP.srcs/sources_1/new/uart.vhd" Line 97
run all
Stopped at time : 26290 ns : File "C:/Users/Mateusz Kozlowski/Documents/zampf/ZAMFP/ZAMFP.srcs/sources_1/new/uart.vhd" Line 97
run all
Stopped at time : 30710 ns : File "C:/Users/Mateusz Kozlowski/Documents/zampf/ZAMFP/ZAMFP.srcs/sources_1/new/uart.vhd" Line 97
run all
Stopped at time : 39430 ns : File "C:/Users/Mateusz Kozlowski/Documents/zampf/ZAMFP/ZAMFP.srcs/sources_1/new/uart.vhd" Line 97
run all
Stopped at time : 43650 ns : File "C:/Users/Mateusz Kozlowski/Documents/zampf/ZAMFP/ZAMFP.srcs/sources_1/new/uart.vhd" Line 97
run all
Stopped at time : 48150 ns : File "C:/Users/Mateusz Kozlowski/Documents/zampf/ZAMFP/ZAMFP.srcs/sources_1/new/uart.vhd" Line 97
run all
Stopped at time : 56870 ns : File "C:/Users/Mateusz Kozlowski/Documents/zampf/ZAMFP/ZAMFP.srcs/sources_1/new/uart.vhd" Line 97
run all
Stopped at time : 61010 ns : File "C:/Users/Mateusz Kozlowski/Documents/zampf/ZAMFP/ZAMFP.srcs/sources_1/new/uart.vhd" Line 97
run all
Stopped at time : 65590 ns : File "C:/Users/Mateusz Kozlowski/Documents/zampf/ZAMFP/ZAMFP.srcs/sources_1/new/uart.vhd" Line 97
run all
Stopped at time : 74310 ns : File "C:/Users/Mateusz Kozlowski/Documents/zampf/ZAMFP/ZAMFP.srcs/sources_1/new/uart.vhd" Line 97
run all
Stopped at time : 78370 ns : File "C:/Users/Mateusz Kozlowski/Documents/zampf/ZAMFP/ZAMFP.srcs/sources_1/new/uart.vhd" Line 97
run all

Stopped at time : 83030 ns : File "C:/Users/Mateusz Kozlowski/Documents/zampf/ZAMFP/ZAMFP.srcs/sources_1/new/uart.vhd" Line 97
run all
Stopped at time : 87090 ns : File "C:/Users/Mateusz Kozlowski/Documents/zampf/ZAMFP/ZAMFP.srcs/sources_1/new/uart.vhd" Line 97
run all
Stopped at time : 91750 ns : File "C:/Users/Mateusz Kozlowski/Documents/zampf/ZAMFP/ZAMFP.srcs/sources_1/new/uart.vhd" Line 97
run all
Stopped at time : 95680 ns : File "C:/Users/Mateusz Kozlowski/Documents/zampf/ZAMFP/ZAMFP.srcs/system/new/system_tb.vhd" Line 156
add_bp {C:/Users/Mateusz Kozlowski/Documents/zampf/ZAMFP/ZAMFP.srcs/sources_1/new/uart.vhd} 101
relaunch_sim
Command: launch_simulation -step compile -simset sim_1 -mode behavioral
INFO: [Vivado 12-12493] Simulation top is 'system_tb'
INFO: [Vivado 12-5682] Launching behavioral simulation in 'C:/Users/Mateusz Kozlowski/Documents/zampf/ZAMFP/ZAMFP.sim/sim_1/behav/xsim'
INFO: [SIM-utils-51] Simulation object is 'sim_1'
INFO: [USF-XSim-2] XSim::Compile design
INFO: [USF-XSim-61] Executing 'COMPILE and ANALYZE' step in 'C:/Users/Mateusz Kozlowski/Documents/zampf/ZAMFP/ZAMFP.sim/sim_1/behav/xsim'
"xvhdl --incr --relax -prj system_tb_vhdl.prj"
INFO: [USF-XSim-69] 'compile' step finished in '1' seconds
Command: launch_simulation -step elaborate -simset sim_1 -mode behavioral
INFO: [Vivado 12-12493] Simulation top is 'system_tb'
INFO: [Vivado 12-5682] Launching behavioral simulation in 'C:/Users/Mateusz Kozlowski/Documents/zampf/ZAMFP/ZAMFP.sim/sim_1/behav/xsim'
INFO: [SIM-utils-51] Simulation object is 'sim_1'
INFO: [USF-XSim-3] XSim::Elaborate design
INFO: [USF-XSim-61] Executing 'ELABORATE' step in 'C:/Users/Mateusz Kozlowski/Documents/zampf/ZAMFP/ZAMFP.sim/sim_1/behav/xsim'
"xelab --incr --debug typical --relax --mt 2 -L xil_defaultlib -L secureip --snapshot system_tb_behav xil_defaultlib.system_tb -log elaborate.log"
Vivado Simulator v2025.1.0
Copyright 1986-2022 Xilinx, Inc. All Rights Reserved.
Copyright 2022-2025 Advanced Micro Devices, Inc. All Rights Reserved.
Running: C:/Xilinx/2025.1/Vivado/bin/unwrapped/win64.o/xelab.exe --incr --debug typical --relax --mt 2 -L xil_defaultlib -L secureip --snapshot system_tb_behav xil_defaultlib.system_tb -log elaborate.log 
Using 2 slave threads.
Starting static elaboration
Completed static elaboration
INFO: [XSIM 43-4323] No Change in HDL. Linking previously generated obj files to create kernel
INFO: [USF-XSim-69] 'elaborate' step finished in '1' seconds
Time resolution is 1 ps
Stopped at time : 200 ns : File "C:/Users/Mateusz Kozlowski/Documents/zampf/ZAMFP/ZAMFP.srcs/system/new/system_tb.vhd" Line 154
run all
Stopped at time : 4550 ns : File "C:/Users/Mateusz Kozlowski/Documents/zampf/ZAMFP/ZAMFP.srcs/sources_1/new/uart.vhd" Line 97
run all
Stopped at time : 4570 ns : File "C:/Users/Mateusz Kozlowski/Documents/zampf/ZAMFP/ZAMFP.srcs/sources_1/new/uart.vhd" Line 101
relaunch_sim
Command: launch_simulation -step compile -simset sim_1 -mode behavioral
INFO: [Vivado 12-12493] Simulation top is 'system_tb'
INFO: [Vivado 12-5682] Launching behavioral simulation in 'C:/Users/Mateusz Kozlowski/Documents/zampf/ZAMFP/ZAMFP.sim/sim_1/behav/xsim'
INFO: [SIM-utils-51] Simulation object is 'sim_1'
INFO: [USF-XSim-2] XSim::Compile design
INFO: [USF-XSim-61] Executing 'COMPILE and ANALYZE' step in 'C:/Users/Mateusz Kozlowski/Documents/zampf/ZAMFP/ZAMFP.sim/sim_1/behav/xsim'
"xvhdl --incr --relax -prj system_tb_vhdl.prj"
INFO: [VRFC 10-163] Analyzing VHDL file "C:/Users/Mateusz Kozlowski/Documents/zampf/ZAMFP/ZAMFP.srcs/sources_1/new/uart.vhd" into library xil_defaultlib
INFO: [VRFC 10-3107] analyzing entity 'uart'
INFO: [VRFC 10-163] Analyzing VHDL file "C:/Users/Mateusz Kozlowski/Documents/zampf/ZAMFP/ZAMFP.srcs/sources_1/new/top.vhd" into library xil_defaultlib
INFO: [VRFC 10-3107] analyzing entity 'system_rtl'
INFO: [VRFC 10-163] Analyzing VHDL file "C:/Users/Mateusz Kozlowski/Documents/zampf/ZAMFP/ZAMFP.srcs/system/new/system_tb.vhd" into library xil_defaultlib
INFO: [VRFC 10-3107] analyzing entity 'system_tb'
INFO: [USF-XSim-69] 'compile' step finished in '1' seconds
Command: launch_simulation -step elaborate -simset sim_1 -mode behavioral
INFO: [Vivado 12-12493] Simulation top is 'system_tb'
INFO: [Vivado 12-5682] Launching behavioral simulation in 'C:/Users/Mateusz Kozlowski/Documents/zampf/ZAMFP/ZAMFP.sim/sim_1/behav/xsim'
INFO: [SIM-utils-51] Simulation object is 'sim_1'
INFO: [USF-XSim-3] XSim::Elaborate design
INFO: [USF-XSim-61] Executing 'ELABORATE' step in 'C:/Users/Mateusz Kozlowski/Documents/zampf/ZAMFP/ZAMFP.sim/sim_1/behav/xsim'
"xelab --incr --debug typical --relax --mt 2 -L xil_defaultlib -L secureip --snapshot system_tb_behav xil_defaultlib.system_tb -log elaborate.log"
Vivado Simulator v2025.1.0
Copyright 1986-2022 Xilinx, Inc. All Rights Reserved.
Copyright 2022-2025 Advanced Micro Devices, Inc. All Rights Reserved.
Running: C:/Xilinx/2025.1/Vivado/bin/unwrapped/win64.o/xelab.exe --incr --debug typical --relax --mt 2 -L xil_defaultlib -L secureip --snapshot system_tb_behav xil_defaultlib.system_tb -log elaborate.log 
Using 2 slave threads.
Starting static elaboration
Completed static elaboration
Starting simulation data flow analysis
Completed simulation data flow analysis
Time Resolution for simulation is 1ps
Compiling package std.standard
Compiling package std.textio
Compiling package ieee.std_logic_1164
Compiling package ieee.std_logic_textio
Compiling package ieee.numeric_std
Compiling architecture behavioral of entity xil_defaultlib.ram [ram_default]
Compiling architecture rtl of entity xil_defaultlib.uart [uart_default]
Compiling architecture behavioral of entity xil_defaultlib.uart_ram_ctrl [uart_ram_ctrl_default]
Compiling architecture rtl of entity xil_defaultlib.system_rtl [system_rtl_default]
Compiling architecture sim of entity xil_defaultlib.system_tb
Built simulation snapshot system_tb_behav
INFO: [USF-XSim-69] 'elaborate' step finished in '1' seconds
Time resolution is 1 ps
WARNING: [Simulator 45-24] Previous breakpoint at line 101 in file 'C:/Users/Mateusz Kozlowski/Documents/zampf/ZAMFP/ZAMFP.srcs/sources_1/new/uart.vhd' not restored because it is no longer a breakable line.
Stopped at time : 200 ns : File "C:/Users/Mateusz Kozlowski/Documents/zampf/ZAMFP/ZAMFP.srcs/system/new/system_tb.vhd" Line 154
relaunch_sim: Time (s): cpu = 00:00:01 ; elapsed = 00:00:06 . Memory (MB): peak = 3427.109 ; gain = 0.000
remove_bps -file {C:/Users/Mateusz Kozlowski/Documents/zampf/ZAMFP/ZAMFP.srcs/sources_1/new/uart.vhd} -line 107
remove_bps -file {C:/Users/Mateusz Kozlowski/Documents/zampf/ZAMFP/ZAMFP.srcs/sources_1/new/uart.vhd} -line 97
add_bp {C:/Users/Mateusz Kozlowski/Documents/zampf/ZAMFP/ZAMFP.srcs/sources_1/new/uart.vhd} 107
run all

Stopped at time : 87010 ns : File "C:/Users/Mateusz Kozlowski/Documents/zampf/ZAMFP/ZAMFP.srcs/sources_1/new/uart.vhd" Line 107
run all
Stopped at time : 95680 ns : File "C:/Users/Mateusz Kozlowski/Documents/zampf/ZAMFP/ZAMFP.srcs/system/new/system_tb.vhd" Line 156
run all
Stopped at time : 208530 ns : File "C:/Users/Mateusz Kozlowski/Documents/zampf/ZAMFP/ZAMFP.srcs/sources_1/new/uart.vhd" Line 107
run all

Stopped at time : 321370 ns : File "C:/Users/Mateusz Kozlowski/Documents/zampf/ZAMFP/ZAMFP.srcs/sources_1/new/uart.vhd" Line 107
run all
Stopped at time : 356090 ns : File "C:/Users/Mateusz Kozlowski/Documents/zampf/ZAMFP/ZAMFP.srcs/sources_1/new/uart.vhd" Line 107
run all
Stopped at time : 408170 ns : File "C:/Users/Mateusz Kozlowski/Documents/zampf/ZAMFP/ZAMFP.srcs/sources_1/new/uart.vhd" Line 107
run all
relaunch_sim
WARNING: [filemgmt 56-199] Attempt to get parsing info during refresh. "On-the-fly" syntax checking information may be incorrect. [C:\Users\Mateusz Kozlowski\Documents\zampf\ZAMFP\ZAMFP.srcs\sources_1\new\ram.vhd:]
WARNING: [filemgmt 56-199] Attempt to get parsing info during refresh. "On-the-fly" syntax checking information may be incorrect. [C:\Users\Mateusz Kozlowski\Documents\zampf\ZAMFP\ZAMFP.srcs\sources_1\new\uart.vhd:]
WARNING: [filemgmt 56-199] Attempt to get parsing info during refresh. "On-the-fly" syntax checking information may be incorrect. [C:\Users\Mateusz Kozlowski\Documents\zampf\ZAMFP\ZAMFP.srcs\sources_1\new\uart_ram_ctrl.vhd:]
WARNING: [filemgmt 56-199] Attempt to get parsing info during refresh. "On-the-fly" syntax checking information may be incorrect. [C:\Users\Mateusz Kozlowski\Documents\zampf\ZAMFP\ZAMFP.srcs\system\new\system_tb.vhd:]
WARNING: [filemgmt 56-199] Attempt to get parsing info during refresh. "On-the-fly" syntax checking information may be incorrect. [C:\Users\Mateusz Kozlowski\Documents\zampf\ZAMFP\ZAMFP.srcs\sources_1\new\ram.vhd:]
WARNING: [filemgmt 56-199] Attempt to get parsing info during refresh. "On-the-fly" syntax checking information may be incorrect. [C:\Users\Mateusz Kozlowski\Documents\zampf\ZAMFP\ZAMFP.srcs\sources_1\new\ram.vhd:]
WARNING: [filemgmt 56-199] Attempt to get parsing info during refresh. "On-the-fly" syntax checking information may be incorrect. [C:\Users\Mateusz Kozlowski\Documents\zampf\ZAMFP\ZAMFP.srcs\sources_1\new\ram.vhd:]
WARNING: [filemgmt 56-199] Attempt to get parsing info during refresh. "On-the-fly" syntax checking information may be incorrect. [C:\Users\Mateusz Kozlowski\Documents\zampf\ZAMFP\ZAMFP.srcs\sources_1\new\uart.vhd:]
WARNING: [filemgmt 56-199] Attempt to get parsing info during refresh. "On-the-fly" syntax checking information may be incorrect. [C:\Users\Mateusz Kozlowski\Documents\zampf\ZAMFP\ZAMFP.srcs\sources_1\new\uart_ram_ctrl.vhd:]
WARNING: [filemgmt 56-199] Attempt to get parsing info during refresh. "On-the-fly" syntax checking information may be incorrect. [C:\Users\Mateusz Kozlowski\Documents\zampf\ZAMFP\ZAMFP.srcs\system\new\system_tb.vhd:]
WARNING: [filemgmt 56-199] Attempt to get parsing info during refresh. "On-the-fly" syntax checking information may be incorrect. [C:\Users\Mateusz Kozlowski\Documents\zampf\ZAMFP\ZAMFP.srcs\sources_1\new\uart_ram_ctrl.vhd:]
WARNING: [filemgmt 56-199] Attempt to get parsing info during refresh. "On-the-fly" syntax checking information may be incorrect. [C:\Users\Mateusz Kozlowski\Documents\zampf\ZAMFP\ZAMFP.srcs\sources_1\new\uart_ram_ctrl.vhd:]
WARNING: [filemgmt 56-199] Attempt to get parsing info during refresh. "On-the-fly" syntax checking information may be incorrect. [C:\Users\Mateusz Kozlowski\Documents\zampf\ZAMFP\ZAMFP.srcs\sources_1\new\ram.vhd:]
WARNING: [filemgmt 56-199] Attempt to get parsing info during refresh. "On-the-fly" syntax checking information may be incorrect. [C:\Users\Mateusz Kozlowski\Documents\zampf\ZAMFP\ZAMFP.srcs\sources_1\new\uart.vhd:]
WARNING: [filemgmt 56-199] Attempt to get parsing info during refresh. "On-the-fly" syntax checking information may be incorrect. [C:\Users\Mateusz Kozlowski\Documents\zampf\ZAMFP\ZAMFP.srcs\sources_1\new\uart_ram_ctrl.vhd:]
WARNING: [filemgmt 56-199] Attempt to get parsing info during refresh. "On-the-fly" syntax checking information may be incorrect. [C:\Users\Mateusz Kozlowski\Documents\zampf\ZAMFP\ZAMFP.srcs\system\new\system_tb.vhd:]
WARNING: [filemgmt 56-199] Attempt to get parsing info during refresh. "On-the-fly" syntax checking information may be incorrect. [C:\Users\Mateusz Kozlowski\Documents\zampf\ZAMFP\ZAMFP.srcs\sources_1\new\uart.vhd:]
WARNING: [filemgmt 56-199] Attempt to get parsing info during refresh. "On-the-fly" syntax checking information may be incorrect. [C:\Users\Mateusz Kozlowski\Documents\zampf\ZAMFP\ZAMFP.srcs\sources_1\new\uart.vhd:]
Command: launch_simulation -step compile -simset sim_1 -mode behavioral
INFO: [Vivado 12-12493] Simulation top is 'system_tb'
ERROR: [Common 17-180] Spawn failed: Operacja ukonczona pomyslnie.

INFO: [Vivado 12-5682] Launching behavioral simulation in 'C:/Users/Mateusz Kozlowski/Documents/zampf/ZAMFP/ZAMFP.sim/sim_1/behav/xsim'
INFO: [SIM-utils-51] Simulation object is 'sim_1'
INFO: [USF-XSim-2] XSim::Compile design
INFO: [USF-XSim-61] Executing 'COMPILE and ANALYZE' step in 'C:/Users/Mateusz Kozlowski/Documents/zampf/ZAMFP/ZAMFP.sim/sim_1/behav/xsim'
"xvhdl --incr --relax -prj system_tb_vhdl.prj"
INFO: [VRFC 10-163] Analyzing VHDL file "C:/Users/Mateusz Kozlowski/Documents/zampf/ZAMFP/ZAMFP.srcs/sources_1/new/uart.vhd" into library xil_defaultlib
INFO: [VRFC 10-3107] analyzing entity 'uart'
INFO: [VRFC 10-163] Analyzing VHDL file "C:/Users/Mateusz Kozlowski/Documents/zampf/ZAMFP/ZAMFP.srcs/sources_1/new/top.vhd" into library xil_defaultlib
INFO: [VRFC 10-3107] analyzing entity 'system_rtl'
INFO: [VRFC 10-163] Analyzing VHDL file "C:/Users/Mateusz Kozlowski/Documents/zampf/ZAMFP/ZAMFP.srcs/system/new/system_tb.vhd" into library xil_defaultlib
INFO: [VRFC 10-3107] analyzing entity 'system_tb'
INFO: [USF-XSim-69] 'compile' step finished in '1' seconds
ERROR: [Common 17-39] 'launch_simulation' failed due to earlier errors.
ERROR: [Common 17-69] Command failed: ERROR: [Common 17-39] 'launch_simulation' failed due to earlier errors.

relaunch_sim
Command: launch_simulation -step compile -simset sim_1 -mode behavioral
INFO: [Vivado 12-12493] Simulation top is 'system_tb'
INFO: [Vivado 12-5682] Launching behavioral simulation in 'C:/Users/Mateusz Kozlowski/Documents/zampf/ZAMFP/ZAMFP.sim/sim_1/behav/xsim'
INFO: [SIM-utils-51] Simulation object is 'sim_1'
INFO: [USF-XSim-2] XSim::Compile design
INFO: [USF-XSim-61] Executing 'COMPILE and ANALYZE' step in 'C:/Users/Mateusz Kozlowski/Documents/zampf/ZAMFP/ZAMFP.sim/sim_1/behav/xsim'
"xvhdl --incr --relax -prj system_tb_vhdl.prj"
INFO: [USF-XSim-69] 'compile' step finished in '1' seconds
Command: launch_simulation -step elaborate -simset sim_1 -mode behavioral
INFO: [Vivado 12-12493] Simulation top is 'system_tb'
INFO: [Vivado 12-5682] Launching behavioral simulation in 'C:/Users/Mateusz Kozlowski/Documents/zampf/ZAMFP/ZAMFP.sim/sim_1/behav/xsim'
INFO: [SIM-utils-51] Simulation object is 'sim_1'
INFO: [USF-XSim-3] XSim::Elaborate design
INFO: [USF-XSim-61] Executing 'ELABORATE' step in 'C:/Users/Mateusz Kozlowski/Documents/zampf/ZAMFP/ZAMFP.sim/sim_1/behav/xsim'
"xelab --incr --debug typical --relax --mt 2 -L xil_defaultlib -L secureip --snapshot system_tb_behav xil_defaultlib.system_tb -log elaborate.log"
Vivado Simulator v2025.1.0
Copyright 1986-2022 Xilinx, Inc. All Rights Reserved.
Copyright 2022-2025 Advanced Micro Devices, Inc. All Rights Reserved.
Running: C:/Xilinx/2025.1/Vivado/bin/unwrapped/win64.o/xelab.exe --incr --debug typical --relax --mt 2 -L xil_defaultlib -L secureip --snapshot system_tb_behav xil_defaultlib.system_tb -log elaborate.log 
Using 2 slave threads.
Starting static elaboration
Completed static elaboration
Starting simulation data flow analysis
Completed simulation data flow analysis
Time Resolution for simulation is 1ps
Compiling package std.standard
Compiling package std.textio
Compiling package ieee.std_logic_1164
Compiling package ieee.std_logic_textio
Compiling package ieee.numeric_std
Compiling architecture behavioral of entity xil_defaultlib.ram [ram_default]
Compiling architecture rtl of entity xil_defaultlib.uart [uart_default]
Compiling architecture behavioral of entity xil_defaultlib.uart_ram_ctrl [uart_ram_ctrl_default]
Compiling architecture rtl of entity xil_defaultlib.system_rtl [system_rtl_default]
Compiling architecture sim of entity xil_defaultlib.system_tb
Built simulation snapshot system_tb_behav
INFO: [USF-XSim-69] 'elaborate' step finished in '1' seconds
Time resolution is 1 ps
WARNING: [Simulator 45-24] Previous breakpoint at line 107 in file 'C:/Users/Mateusz Kozlowski/Documents/zampf/ZAMFP/ZAMFP.srcs/sources_1/new/uart.vhd' not restored because it is no longer a breakable line.
Stopped at time : 200 ns : File "C:/Users/Mateusz Kozlowski/Documents/zampf/ZAMFP/ZAMFP.srcs/system/new/system_tb.vhd" Line 154
add_bp {C:/Users/Mateusz Kozlowski/Documents/zampf/ZAMFP/ZAMFP.srcs/sources_1/new/uart.vhd} 111
run all
Stopped at time : 17570 ns : File "C:/Users/Mateusz Kozlowski/Documents/zampf/ZAMFP/ZAMFP.srcs/sources_1/new/uart.vhd" Line 111
run all
Stopped at time : 26250 ns : File "C:/Users/Mateusz Kozlowski/Documents/zampf/ZAMFP/ZAMFP.srcs/sources_1/new/uart.vhd" Line 111
run all
Stopped at time : 34930 ns : File "C:/Users/Mateusz Kozlowski/Documents/zampf/ZAMFP/ZAMFP.srcs/sources_1/new/uart.vhd" Line 111
run all
Stopped at time : 43610 ns : File "C:/Users/Mateusz Kozlowski/Documents/zampf/ZAMFP/ZAMFP.srcs/sources_1/new/uart.vhd" Line 111
run all
Stopped at time : 52290 ns : File "C:/Users/Mateusz Kozlowski/Documents/zampf/ZAMFP/ZAMFP.srcs/sources_1/new/uart.vhd" Line 111
run all
Stopped at time : 60970 ns : File "C:/Users/Mateusz Kozlowski/Documents/zampf/ZAMFP/ZAMFP.srcs/sources_1/new/uart.vhd" Line 111
run all
Stopped at time : 69650 ns : File "C:/Users/Mateusz Kozlowski/Documents/zampf/ZAMFP/ZAMFP.srcs/sources_1/new/uart.vhd" Line 111
run all

Stopped at time : 95680 ns : File "C:/Users/Mateusz Kozlowski/Documents/zampf/ZAMFP/ZAMFP.srcs/system/new/system_tb.vhd" Line 156
restart
INFO: [Wavedata 42-604] Simulation restarted
current_wave_config {system_tb_behav.wcfg}
system_tb_behav.wcfg
add_wave {{/system_tb/dut/uart_i/auto_tick_cnt}} 
run all
Stopped at time : 200 ns : File "C:/Users/Mateusz Kozlowski/Documents/zampf/ZAMFP/ZAMFP.srcs/system/new/system_tb.vhd" Line 154
run all
Stopped at time : 17570 ns : File "C:/Users/Mateusz Kozlowski/Documents/zampf/ZAMFP/ZAMFP.srcs/sources_1/new/uart.vhd" Line 111
run all
Stopped at time : 26250 ns : File "C:/Users/Mateusz Kozlowski/Documents/zampf/ZAMFP/ZAMFP.srcs/sources_1/new/uart.vhd" Line 111
run all
Stopped at time : 34930 ns : File "C:/Users/Mateusz Kozlowski/Documents/zampf/ZAMFP/ZAMFP.srcs/sources_1/new/uart.vhd" Line 111
run all
Stopped at time : 43610 ns : File "C:/Users/Mateusz Kozlowski/Documents/zampf/ZAMFP/ZAMFP.srcs/sources_1/new/uart.vhd" Line 111
run all
Stopped at time : 52290 ns : File "C:/Users/Mateusz Kozlowski/Documents/zampf/ZAMFP/ZAMFP.srcs/sources_1/new/uart.vhd" Line 111
run all
Stopped at time : 60970 ns : File "C:/Users/Mateusz Kozlowski/Documents/zampf/ZAMFP/ZAMFP.srcs/sources_1/new/uart.vhd" Line 111
run all
Stopped at time : 69650 ns : File "C:/Users/Mateusz Kozlowski/Documents/zampf/ZAMFP/ZAMFP.srcs/sources_1/new/uart.vhd" Line 111
run all

Stopped at time : 95680 ns : File "C:/Users/Mateusz Kozlowski/Documents/zampf/ZAMFP/ZAMFP.srcs/system/new/system_tb.vhd" Line 156
relaunch_sim
Command: launch_simulation -step compile -simset sim_1 -mode behavioral
INFO: [Vivado 12-12493] Simulation top is 'system_tb'
INFO: [Vivado 12-5682] Launching behavioral simulation in 'C:/Users/Mateusz Kozlowski/Documents/zampf/ZAMFP/ZAMFP.sim/sim_1/behav/xsim'
INFO: [SIM-utils-51] Simulation object is 'sim_1'
INFO: [USF-XSim-2] XSim::Compile design
INFO: [USF-XSim-61] Executing 'COMPILE and ANALYZE' step in 'C:/Users/Mateusz Kozlowski/Documents/zampf/ZAMFP/ZAMFP.sim/sim_1/behav/xsim'
"xvhdl --incr --relax -prj system_tb_vhdl.prj"
INFO: [VRFC 10-163] Analyzing VHDL file "C:/Users/Mateusz Kozlowski/Documents/zampf/ZAMFP/ZAMFP.srcs/system/new/system_tb.vhd" into library xil_defaultlib
INFO: [VRFC 10-3107] analyzing entity 'system_tb'
INFO: [USF-XSim-69] 'compile' step finished in '1' seconds
Command: launch_simulation -step elaborate -simset sim_1 -mode behavioral
INFO: [Vivado 12-12493] Simulation top is 'system_tb'
INFO: [Vivado 12-5682] Launching behavioral simulation in 'C:/Users/Mateusz Kozlowski/Documents/zampf/ZAMFP/ZAMFP.sim/sim_1/behav/xsim'
INFO: [SIM-utils-51] Simulation object is 'sim_1'
INFO: [USF-XSim-3] XSim::Elaborate design
INFO: [USF-XSim-61] Executing 'ELABORATE' step in 'C:/Users/Mateusz Kozlowski/Documents/zampf/ZAMFP/ZAMFP.sim/sim_1/behav/xsim'
"xelab --incr --debug typical --relax --mt 2 -L xil_defaultlib -L secureip --snapshot system_tb_behav xil_defaultlib.system_tb -log elaborate.log"
Vivado Simulator v2025.1.0
Copyright 1986-2022 Xilinx, Inc. All Rights Reserved.
Copyright 2022-2025 Advanced Micro Devices, Inc. All Rights Reserved.
Running: C:/Xilinx/2025.1/Vivado/bin/unwrapped/win64.o/xelab.exe --incr --debug typical --relax --mt 2 -L xil_defaultlib -L secureip --snapshot system_tb_behav xil_defaultlib.system_tb -log elaborate.log 
Using 2 slave threads.
Starting static elaboration
Completed static elaboration
Starting simulation data flow analysis
Completed simulation data flow analysis
Time Resolution for simulation is 1ps
Compiling package std.standard
Compiling package std.textio
Compiling package ieee.std_logic_1164
Compiling package ieee.std_logic_textio
Compiling package ieee.numeric_std
Compiling architecture behavioral of entity xil_defaultlib.ram [ram_default]
Compiling architecture rtl of entity xil_defaultlib.uart [uart_default]
Compiling architecture behavioral of entity xil_defaultlib.uart_ram_ctrl [uart_ram_ctrl_default]
Compiling architecture rtl of entity xil_defaultlib.system_rtl [system_rtl_default]
Compiling architecture rtl of entity xil_defaultlib.uart [\uart(baud=9600)\]
Compiling architecture sim of entity xil_defaultlib.system_tb
Built simulation snapshot system_tb_behav
INFO: [USF-XSim-69] 'elaborate' step finished in '1' seconds
Time resolution is 1 ps
Stopped at time : 200 ns : File "C:/Users/Mateusz Kozlowski/Documents/zampf/ZAMFP/ZAMFP.srcs/system/new/system_tb.vhd" Line 154
relaunch_sim: Time (s): cpu = 00:00:01 ; elapsed = 00:00:06 . Memory (MB): peak = 3439.238 ; gain = 0.000
run all


Stopped at time : 208530 ns : File "C:/Users/Mateusz Kozlowski/Documents/zampf/ZAMFP/ZAMFP.srcs/sources_1/new/uart.vhd" Line 111
run all

Stopped at time : 312690 ns : File "C:/Users/Mateusz Kozlowski/Documents/zampf/ZAMFP/ZAMFP.srcs/sources_1/new/uart.vhd" Line 111
run all

Stopped at time : 416850 ns : File "C:/Users/Mateusz Kozlowski/Documents/zampf/ZAMFP/ZAMFP.srcs/sources_1/new/uart.vhd" Line 111
run all

Stopped at time : 521010 ns : File "C:/Users/Mateusz Kozlowski/Documents/zampf/ZAMFP/ZAMFP.srcs/sources_1/new/uart.vhd" Line 111
run all

Stopped at time : 625170 ns : File "C:/Users/Mateusz Kozlowski/Documents/zampf/ZAMFP/ZAMFP.srcs/sources_1/new/uart.vhd" Line 111
run all

Stopped at time : 729330 ns : File "C:/Users/Mateusz Kozlowski/Documents/zampf/ZAMFP/ZAMFP.srcs/sources_1/new/uart.vhd" Line 111
run all

Stopped at time : 833490 ns : File "C:/Users/Mateusz Kozlowski/Documents/zampf/ZAMFP/ZAMFP.srcs/sources_1/new/uart.vhd" Line 111
run all
Stopped at time : 1145960 ns : File "C:/Users/Mateusz Kozlowski/Documents/zampf/ZAMFP/ZAMFP.srcs/system/new/system_tb.vhd" Line 156
run all

Stopped at time : 2083410 ns : File "C:/Users/Mateusz Kozlowski/Documents/zampf/ZAMFP/ZAMFP.srcs/sources_1/new/uart.vhd" Line 111
run all



run: Time (s): cpu = 00:00:27 ; elapsed = 00:00:25 . Memory (MB): peak = 3439.238 ; gain = 0.000
remove_bps -file {C:/Users/Mateusz Kozlowski/Documents/zampf/ZAMFP/ZAMFP.srcs/sources_1/new/uart.vhd} -line 111
relaunch_sim
INFO: xsimkernel Simulation Memory Usage: 17628 KB (Peak: 17628 KB), Simulation CPU Usage: 20249 ms
Command: launch_simulation -step compile -simset sim_1 -mode behavioral
INFO: [Vivado 12-12493] Simulation top is 'system_tb'
INFO: [Vivado 12-5682] Launching behavioral simulation in 'C:/Users/Mateusz Kozlowski/Documents/zampf/ZAMFP/ZAMFP.sim/sim_1/behav/xsim'
INFO: [SIM-utils-51] Simulation object is 'sim_1'
INFO: [USF-XSim-2] XSim::Compile design
INFO: [USF-XSim-61] Executing 'COMPILE and ANALYZE' step in 'C:/Users/Mateusz Kozlowski/Documents/zampf/ZAMFP/ZAMFP.sim/sim_1/behav/xsim'
WARNING: [filemgmt 56-199] Attempt to get parsing info during refresh. "On-the-fly" syntax checking information may be incorrect. [C:\Users\Mateusz Kozlowski\Documents\zampf\ZAMFP\ZAMFP.srcs\sources_1\new\ram.vhd:]
WARNING: [filemgmt 56-199] Attempt to get parsing info during refresh. "On-the-fly" syntax checking information may be incorrect. [C:\Users\Mateusz Kozlowski\Documents\zampf\ZAMFP\ZAMFP.srcs\sources_1\new\uart.vhd:]
WARNING: [filemgmt 56-199] Attempt to get parsing info during refresh. "On-the-fly" syntax checking information may be incorrect. [C:\Users\Mateusz Kozlowski\Documents\zampf\ZAMFP\ZAMFP.srcs\sources_1\new\uart_ram_ctrl.vhd:]
WARNING: [filemgmt 56-199] Attempt to get parsing info during refresh. "On-the-fly" syntax checking information may be incorrect. [C:\Users\Mateusz Kozlowski\Documents\zampf\ZAMFP\ZAMFP.srcs\system\new\system_tb.vhd:]
WARNING: [filemgmt 56-199] Attempt to get parsing info during refresh. "On-the-fly" syntax checking information may be incorrect. [C:\Users\Mateusz Kozlowski\Documents\zampf\ZAMFP\ZAMFP.srcs\sources_1\new\uart.vhd:]
WARNING: [filemgmt 56-199] Attempt to get parsing info during refresh. "On-the-fly" syntax checking information may be incorrect. [C:\Users\Mateusz Kozlowski\Documents\zampf\ZAMFP\ZAMFP.srcs\sources_1\new\uart.vhd:]
WARNING: [filemgmt 56-199] Attempt to get parsing info during refresh. "On-the-fly" syntax checking information may be incorrect. [C:\Users\Mateusz Kozlowski\Documents\zampf\ZAMFP\ZAMFP.srcs\sources_1\new\ram.vhd:]
WARNING: [filemgmt 56-199] Attempt to get parsing info during refresh. "On-the-fly" syntax checking information may be incorrect. [C:\Users\Mateusz Kozlowski\Documents\zampf\ZAMFP\ZAMFP.srcs\sources_1\new\uart.vhd:]
WARNING: [filemgmt 56-199] Attempt to get parsing info during refresh. "On-the-fly" syntax checking information may be incorrect. [C:\Users\Mateusz Kozlowski\Documents\zampf\ZAMFP\ZAMFP.srcs\sources_1\new\uart_ram_ctrl.vhd:]
WARNING: [filemgmt 56-199] Attempt to get parsing info during refresh. "On-the-fly" syntax checking information may be incorrect. [C:\Users\Mateusz Kozlowski\Documents\zampf\ZAMFP\ZAMFP.srcs\system\new\system_tb.vhd:]
WARNING: [filemgmt 56-199] Attempt to get parsing info during refresh. "On-the-fly" syntax checking information may be incorrect. [C:\Users\Mateusz Kozlowski\Documents\zampf\ZAMFP\ZAMFP.srcs\sources_1\new\ram.vhd:]
WARNING: [filemgmt 56-199] Attempt to get parsing info during refresh. "On-the-fly" syntax checking information may be incorrect. [C:\Users\Mateusz Kozlowski\Documents\zampf\ZAMFP\ZAMFP.srcs\sources_1\new\ram.vhd:]
"xvhdl --incr --relax -prj system_tb_vhdl.prj"
INFO: [VRFC 10-163] Analyzing VHDL file "C:/Users/Mateusz Kozlowski/Documents/zampf/ZAMFP/ZAMFP.srcs/sources_1/new/uart.vhd" into library xil_defaultlib
INFO: [VRFC 10-3107] analyzing entity 'uart'
INFO: [VRFC 10-163] Analyzing VHDL file "C:/Users/Mateusz Kozlowski/Documents/zampf/ZAMFP/ZAMFP.srcs/sources_1/new/top.vhd" into library xil_defaultlib
INFO: [VRFC 10-3107] analyzing entity 'system_rtl'
INFO: [VRFC 10-163] Analyzing VHDL file "C:/Users/Mateusz Kozlowski/Documents/zampf/ZAMFP/ZAMFP.srcs/system/new/system_tb.vhd" into library xil_defaultlib
INFO: [VRFC 10-3107] analyzing entity 'system_tb'
INFO: [USF-XSim-69] 'compile' step finished in '1' seconds
Command: launch_simulation -step elaborate -simset sim_1 -mode behavioral
INFO: [Vivado 12-12493] Simulation top is 'system_tb'
INFO: [Vivado 12-5682] Launching behavioral simulation in 'C:/Users/Mateusz Kozlowski/Documents/zampf/ZAMFP/ZAMFP.sim/sim_1/behav/xsim'
INFO: [SIM-utils-51] Simulation object is 'sim_1'
INFO: [USF-XSim-3] XSim::Elaborate design
INFO: [USF-XSim-61] Executing 'ELABORATE' step in 'C:/Users/Mateusz Kozlowski/Documents/zampf/ZAMFP/ZAMFP.sim/sim_1/behav/xsim'
"xelab --incr --debug typical --relax --mt 2 -L xil_defaultlib -L secureip --snapshot system_tb_behav xil_defaultlib.system_tb -log elaborate.log"
Vivado Simulator v2025.1.0
Copyright 1986-2022 Xilinx, Inc. All Rights Reserved.
Copyright 2022-2025 Advanced Micro Devices, Inc. All Rights Reserved.
Running: C:/Xilinx/2025.1/Vivado/bin/unwrapped/win64.o/xelab.exe --incr --debug typical --relax --mt 2 -L xil_defaultlib -L secureip --snapshot system_tb_behav xil_defaultlib.system_tb -log elaborate.log 
Using 2 slave threads.
Starting static elaboration
Completed static elaboration
Starting simulation data flow analysis
Completed simulation data flow analysis
Time Resolution for simulation is 1ps
Compiling package std.standard
Compiling package std.textio
Compiling package ieee.std_logic_1164
Compiling package ieee.std_logic_textio
Compiling package ieee.numeric_std
Compiling architecture behavioral of entity xil_defaultlib.ram [ram_default]
Compiling architecture rtl of entity xil_defaultlib.uart [uart_default]
Compiling architecture behavioral of entity xil_defaultlib.uart_ram_ctrl [uart_ram_ctrl_default]
Compiling architecture rtl of entity xil_defaultlib.system_rtl [system_rtl_default]
Compiling architecture rtl of entity xil_defaultlib.uart [\uart(baud=9600)\]
Compiling architecture sim of entity xil_defaultlib.system_tb
Built simulation snapshot system_tb_behav
INFO: [USF-XSim-69] 'elaborate' step finished in '1' seconds
Time resolution is 1 ps
Stopped at time : 200 ns : File "C:/Users/Mateusz Kozlowski/Documents/zampf/ZAMFP/ZAMFP.srcs/system/new/system_tb.vhd" Line 154
relaunch_sim: Time (s): cpu = 00:00:01 ; elapsed = 00:00:06 . Memory (MB): peak = 3439.238 ; gain = 0.000
run all








Stopped at time : 1145960 ns : File "C:/Users/Mateusz Kozlowski/Documents/zampf/ZAMFP/ZAMFP.srcs/system/new/system_tb.vhd" Line 156
run all




run: Time (s): cpu = 00:00:05 ; elapsed = 00:00:06 . Memory (MB): peak = 3439.238 ; gain = 0.000
run all
WARNING: [filemgmt 56-199] Attempt to get parsing info during refresh. "On-the-fly" syntax checking information may be incorrect. [C:\Users\Mateusz Kozlowski\Documents\zampf\ZAMFP\ZAMFP.srcs\sources_1\new\ram.vhd:]
WARNING: [filemgmt 56-199] Attempt to get parsing info during refresh. "On-the-fly" syntax checking information may be incorrect. [C:\Users\Mateusz Kozlowski\Documents\zampf\ZAMFP\ZAMFP.srcs\sources_1\new\uart.vhd:]
WARNING: [filemgmt 56-199] Attempt to get parsing info during refresh. "On-the-fly" syntax checking information may be incorrect. [C:\Users\Mateusz Kozlowski\Documents\zampf\ZAMFP\ZAMFP.srcs\sources_1\new\uart_ram_ctrl.vhd:]
WARNING: [filemgmt 56-199] Attempt to get parsing info during refresh. "On-the-fly" syntax checking information may be incorrect. [C:\Users\Mateusz Kozlowski\Documents\zampf\ZAMFP\ZAMFP.srcs\system\new\system_tb.vhd:]
WARNING: [filemgmt 56-199] Attempt to get parsing info during refresh. "On-the-fly" syntax checking information may be incorrect. [C:\Users\Mateusz Kozlowski\Documents\zampf\ZAMFP\ZAMFP.srcs\system\new\system_tb.vhd:]
WARNING: [filemgmt 56-199] Attempt to get parsing info during refresh. "On-the-fly" syntax checking information may be incorrect. [C:\Users\Mateusz Kozlowski\Documents\zampf\ZAMFP\ZAMFP.srcs\system\new\system_tb.vhd:]
ERROR: [Common 17-180] Spawn failed: Operacja ukonczona pomyslnie.

WARNING: [filemgmt 56-199] Attempt to get parsing info during refresh. "On-the-fly" syntax checking information may be incorrect. [C:\Users\Mateusz Kozlowski\Documents\zampf\ZAMFP\ZAMFP.srcs\sources_1\new\ram.vhd:]
WARNING: [filemgmt 56-199] Attempt to get parsing info during refresh. "On-the-fly" syntax checking information may be incorrect. [C:\Users\Mateusz Kozlowski\Documents\zampf\ZAMFP\ZAMFP.srcs\sources_1\new\uart.vhd:]
WARNING: [filemgmt 56-199] Attempt to get parsing info during refresh. "On-the-fly" syntax checking information may be incorrect. [C:\Users\Mateusz Kozlowski\Documents\zampf\ZAMFP\ZAMFP.srcs\sources_1\new\uart_ram_ctrl.vhd:]
WARNING: [filemgmt 56-199] Attempt to get parsing info during refresh. "On-the-fly" syntax checking information may be incorrect. [C:\Users\Mateusz Kozlowski\Documents\zampf\ZAMFP\ZAMFP.srcs\system\new\system_tb.vhd:]
WARNING: [filemgmt 56-199] Attempt to get parsing info during refresh. "On-the-fly" syntax checking information may be incorrect. [C:\Users\Mateusz Kozlowski\Documents\zampf\ZAMFP\ZAMFP.srcs\sources_1\new\uart.vhd:]
WARNING: [filemgmt 56-199] Attempt to get parsing info during refresh. "On-the-fly" syntax checking information may be incorrect. [C:\Users\Mateusz Kozlowski\Documents\zampf\ZAMFP\ZAMFP.srcs\sources_1\new\uart.vhd:]
WARNING: [filemgmt 56-199] Attempt to get parsing info during refresh. "On-the-fly" syntax checking information may be incorrect. [C:\Users\Mateusz Kozlowski\Documents\zampf\ZAMFP\ZAMFP.srcs\sources_1\new\ram.vhd:]
WARNING: [filemgmt 56-199] Attempt to get parsing info during refresh. "On-the-fly" syntax checking information may be incorrect. [C:\Users\Mateusz Kozlowski\Documents\zampf\ZAMFP\ZAMFP.srcs\sources_1\new\uart.vhd:]
WARNING: [filemgmt 56-199] Attempt to get parsing info during refresh. "On-the-fly" syntax checking information may be incorrect. [C:\Users\Mateusz Kozlowski\Documents\zampf\ZAMFP\ZAMFP.srcs\sources_1\new\uart_ram_ctrl.vhd:]
WARNING: [filemgmt 56-199] Attempt to get parsing info during refresh. "On-the-fly" syntax checking information may be incorrect. [C:\Users\Mateusz Kozlowski\Documents\zampf\ZAMFP\ZAMFP.srcs\system\new\system_tb.vhd:]
WARNING: [filemgmt 56-199] Attempt to get parsing info during refresh. "On-the-fly" syntax checking information may be incorrect. [C:\Users\Mateusz Kozlowski\Documents\zampf\ZAMFP\ZAMFP.srcs\sources_1\new\uart_ram_ctrl.vhd:]
WARNING: [filemgmt 56-199] Attempt to get parsing info during refresh. "On-the-fly" syntax checking information may be incorrect. [C:\Users\Mateusz Kozlowski\Documents\zampf\ZAMFP\ZAMFP.srcs\sources_1\new\uart_ram_ctrl.vhd:]
ERROR: [Common 17-180] Spawn failed: Operacja ukonczona pomyslnie.

relaunch_sim
Command: launch_simulation -step compile -simset sim_1 -mode behavioral
INFO: [Vivado 12-12493] Simulation top is 'system_tb'
INFO: [Vivado 12-5682] Launching behavioral simulation in 'C:/Users/Mateusz Kozlowski/Documents/zampf/ZAMFP/ZAMFP.sim/sim_1/behav/xsim'
INFO: [SIM-utils-51] Simulation object is 'sim_1'
INFO: [USF-XSim-2] XSim::Compile design
INFO: [USF-XSim-61] Executing 'COMPILE and ANALYZE' step in 'C:/Users/Mateusz Kozlowski/Documents/zampf/ZAMFP/ZAMFP.sim/sim_1/behav/xsim'
"xvhdl --incr --relax -prj system_tb_vhdl.prj"
INFO: [VRFC 10-163] Analyzing VHDL file "C:/Users/Mateusz Kozlowski/Documents/zampf/ZAMFP/ZAMFP.srcs/system/new/system_tb.vhd" into library xil_defaultlib
INFO: [VRFC 10-3107] analyzing entity 'system_tb'
INFO: [USF-XSim-69] 'compile' step finished in '1' seconds
Command: launch_simulation -step elaborate -simset sim_1 -mode behavioral
INFO: [Vivado 12-12493] Simulation top is 'system_tb'
INFO: [Vivado 12-5682] Launching behavioral simulation in 'C:/Users/Mateusz Kozlowski/Documents/zampf/ZAMFP/ZAMFP.sim/sim_1/behav/xsim'
INFO: [SIM-utils-51] Simulation object is 'sim_1'
INFO: [USF-XSim-3] XSim::Elaborate design
INFO: [USF-XSim-61] Executing 'ELABORATE' step in 'C:/Users/Mateusz Kozlowski/Documents/zampf/ZAMFP/ZAMFP.sim/sim_1/behav/xsim'
"xelab --incr --debug typical --relax --mt 2 -L xil_defaultlib -L secureip --snapshot system_tb_behav xil_defaultlib.system_tb -log elaborate.log"
Vivado Simulator v2025.1.0
Copyright 1986-2022 Xilinx, Inc. All Rights Reserved.
Copyright 2022-2025 Advanced Micro Devices, Inc. All Rights Reserved.
Running: C:/Xilinx/2025.1/Vivado/bin/unwrapped/win64.o/xelab.exe --incr --debug typical --relax --mt 2 -L xil_defaultlib -L secureip --snapshot system_tb_behav xil_defaultlib.system_tb -log elaborate.log 
Using 2 slave threads.
Starting static elaboration
Completed static elaboration
Starting simulation data flow analysis
Completed simulation data flow analysis
Time Resolution for simulation is 1ps
Compiling package std.standard
Compiling package std.textio
Compiling package ieee.std_logic_1164
Compiling package ieee.std_logic_textio
Compiling package ieee.numeric_std
Compiling architecture behavioral of entity xil_defaultlib.ram [ram_default]
Compiling architecture rtl of entity xil_defaultlib.uart [uart_default]
Compiling architecture behavioral of entity xil_defaultlib.uart_ram_ctrl [uart_ram_ctrl_default]
Compiling architecture rtl of entity xil_defaultlib.system_rtl [system_rtl_default]
Compiling architecture sim of entity xil_defaultlib.system_tb
Built simulation snapshot system_tb_behav
INFO: [USF-XSim-69] 'elaborate' step finished in '1' seconds
Time resolution is 1 ps
Stopped at time : 200 ns : File "C:/Users/Mateusz Kozlowski/Documents/zampf/ZAMFP/ZAMFP.srcs/system/new/system_tb.vhd" Line 154
remove_bps -file {C:/Users/Mateusz Kozlowski/Documents/zampf/ZAMFP/ZAMFP.srcs/system/new/system_tb.vhd} -line 154
remove_bps -file {C:/Users/Mateusz Kozlowski/Documents/zampf/ZAMFP/ZAMFP.srcs/system/new/system_tb.vhd} -line 156
add_bp {C:/Users/Mateusz Kozlowski/Documents/zampf/ZAMFP/ZAMFP.srcs/system/new/system_tb.vhd} 265
run all



RESP WRITE PRE = 0x5A
RESP WRITE HDR = 0x61

RESP WRITE DATA = 0xA1


RESP READ PRE = 0x5A
RESP READ HDR = 0xE1
RESP READ DATA = 0xA1
0


RESP WRITE PRE = 0x5A
RESP WRITE HDR = 0x00
RESP WRITE DATA = 0x00


RESP READ PRE = 0x5A
RESP READ HDR = 0x80
RESP READ DATA = 0x00
1


RESP WRITE PRE = 0x5A
RESP WRITE HDR = 0x03
RESP WRITE DATA = 0x02


RESP READ PRE = 0x5A
RESP READ HDR = 0x83
RESP READ DATA = 0x02
2


RESP WRITE PRE = 0x5A
RESP WRITE HDR = 0x06
RESP WRITE DATA = 0x04


RESP READ PRE = 0x5A
RESP READ HDR = 0x86
RESP READ DATA = 0x04
3


RESP WRITE PRE = 0x5A
RESP WRITE HDR = 0x09
RESP WRITE DATA = 0x06


RESP READ PRE = 0x5A
RESP READ HDR = 0x89
RESP READ DATA = 0x06
4


RESP WRITE PRE = 0x5A
RESP WRITE HDR = 0x0C
RESP WRITE DATA = 0x08


RESP READ PRE = 0x5A
RESP READ HDR = 0x8C
RESP READ DATA = 0x08
5


RESP WRITE PRE = 0x5A
RESP WRITE HDR = 0x0F
RESP WRITE DATA = 0x0A


RESP READ PRE = 0x5A
RESP READ HDR = 0x8F
RESP READ DATA = 0x0A
6


RESP WRITE PRE = 0x5A
RESP WRITE HDR = 0x12
RESP WRITE DATA = 0x0C


RESP READ PRE = 0x5A
RESP READ HDR = 0x92
RESP READ DATA = 0x0C
7


RESP WRITE PRE = 0x5A
RESP WRITE HDR = 0x15
RESP WRITE DATA = 0x0E


RESP READ PRE = 0x5A
RESP READ HDR = 0x95
RESP READ DATA = 0x0E
Stopped at time : 11050550 ns : File "C:/Users/Mateusz Kozlowski/Documents/zampf/ZAMFP/ZAMFP.srcs/system/new/system_tb.vhd" Line 265
relaunch_sim
WARNING: [filemgmt 56-199] Attempt to get parsing info during refresh. "On-the-fly" syntax checking information may be incorrect. [C:\Users\Mateusz Kozlowski\Documents\zampf\ZAMFP\ZAMFP.srcs\sources_1\new\ram.vhd:]
WARNING: [filemgmt 56-199] Attempt to get parsing info during refresh. "On-the-fly" syntax checking information may be incorrect. [C:\Users\Mateusz Kozlowski\Documents\zampf\ZAMFP\ZAMFP.srcs\sources_1\new\uart.vhd:]
WARNING: [filemgmt 56-199] Attempt to get parsing info during refresh. "On-the-fly" syntax checking information may be incorrect. [C:\Users\Mateusz Kozlowski\Documents\zampf\ZAMFP\ZAMFP.srcs\sources_1\new\uart_ram_ctrl.vhd:]
WARNING: [filemgmt 56-199] Attempt to get parsing info during refresh. "On-the-fly" syntax checking information may be incorrect. [C:\Users\Mateusz Kozlowski\Documents\zampf\ZAMFP\ZAMFP.srcs\system\new\system_tb.vhd:]
WARNING: [filemgmt 56-199] Attempt to get parsing info during refresh. "On-the-fly" syntax checking information may be incorrect. [C:\Users\Mateusz Kozlowski\Documents\zampf\ZAMFP\ZAMFP.srcs\system\new\system_tb.vhd:]
WARNING: [filemgmt 56-199] Attempt to get parsing info during refresh. "On-the-fly" syntax checking information may be incorrect. [C:\Users\Mateusz Kozlowski\Documents\zampf\ZAMFP\ZAMFP.srcs\system\new\system_tb.vhd:]
WARNING: [filemgmt 56-199] Attempt to get parsing info during refresh. "On-the-fly" syntax checking information may be incorrect. [C:\Users\Mateusz Kozlowski\Documents\zampf\ZAMFP\ZAMFP.srcs\sources_1\new\ram.vhd:]
WARNING: [filemgmt 56-199] Attempt to get parsing info during refresh. "On-the-fly" syntax checking information may be incorrect. [C:\Users\Mateusz Kozlowski\Documents\zampf\ZAMFP\ZAMFP.srcs\sources_1\new\uart.vhd:]
WARNING: [filemgmt 56-199] Attempt to get parsing info during refresh. "On-the-fly" syntax checking information may be incorrect. [C:\Users\Mateusz Kozlowski\Documents\zampf\ZAMFP\ZAMFP.srcs\sources_1\new\uart_ram_ctrl.vhd:]
WARNING: [filemgmt 56-199] Attempt to get parsing info during refresh. "On-the-fly" syntax checking information may be incorrect. [C:\Users\Mateusz Kozlowski\Documents\zampf\ZAMFP\ZAMFP.srcs\system\new\system_tb.vhd:]
WARNING: [filemgmt 56-199] Attempt to get parsing info during refresh. "On-the-fly" syntax checking information may be incorrect. [C:\Users\Mateusz Kozlowski\Documents\zampf\ZAMFP\ZAMFP.srcs\sources_1\new\uart.vhd:]
WARNING: [filemgmt 56-199] Attempt to get parsing info during refresh. "On-the-fly" syntax checking information may be incorrect. [C:\Users\Mateusz Kozlowski\Documents\zampf\ZAMFP\ZAMFP.srcs\sources_1\new\uart.vhd:]
WARNING: [filemgmt 56-199] Attempt to get parsing info during refresh. "On-the-fly" syntax checking information may be incorrect. [C:\Users\Mateusz Kozlowski\Documents\zampf\ZAMFP\ZAMFP.srcs\sources_1\new\ram.vhd:]
WARNING: [filemgmt 56-199] Attempt to get parsing info during refresh. "On-the-fly" syntax checking information may be incorrect. [C:\Users\Mateusz Kozlowski\Documents\zampf\ZAMFP\ZAMFP.srcs\sources_1\new\uart.vhd:]
WARNING: [filemgmt 56-199] Attempt to get parsing info during refresh. "On-the-fly" syntax checking information may be incorrect. [C:\Users\Mateusz Kozlowski\Documents\zampf\ZAMFP\ZAMFP.srcs\sources_1\new\uart_ram_ctrl.vhd:]
WARNING: [filemgmt 56-199] Attempt to get parsing info during refresh. "On-the-fly" syntax checking information may be incorrect. [C:\Users\Mateusz Kozlowski\Documents\zampf\ZAMFP\ZAMFP.srcs\system\new\system_tb.vhd:]
WARNING: [filemgmt 56-199] Attempt to get parsing info during refresh. "On-the-fly" syntax checking information may be incorrect. [C:\Users\Mateusz Kozlowski\Documents\zampf\ZAMFP\ZAMFP.srcs\sources_1\new\uart_ram_ctrl.vhd:]
WARNING: [filemgmt 56-199] Attempt to get parsing info during refresh. "On-the-fly" syntax checking information may be incorrect. [C:\Users\Mateusz Kozlowski\Documents\zampf\ZAMFP\ZAMFP.srcs\sources_1\new\uart_ram_ctrl.vhd:]
Command: launch_simulation -step compile -simset sim_1 -mode behavioral
INFO: [Vivado 12-12493] Simulation top is 'system_tb'
INFO: [Vivado 12-5682] Launching behavioral simulation in 'C:/Users/Mateusz Kozlowski/Documents/zampf/ZAMFP/ZAMFP.sim/sim_1/behav/xsim'
INFO: [SIM-utils-51] Simulation object is 'sim_1'
INFO: [USF-XSim-2] XSim::Compile design
INFO: [USF-XSim-61] Executing 'COMPILE and ANALYZE' step in 'C:/Users/Mateusz Kozlowski/Documents/zampf/ZAMFP/ZAMFP.sim/sim_1/behav/xsim'
"xvhdl --incr --relax -prj system_tb_vhdl.prj"
INFO: [VRFC 10-163] Analyzing VHDL file "C:/Users/Mateusz Kozlowski/Documents/zampf/ZAMFP/ZAMFP.srcs/system/new/system_tb.vhd" into library xil_defaultlib
INFO: [VRFC 10-3107] analyzing entity 'system_tb'
INFO: [USF-XSim-69] 'compile' step finished in '1' seconds
Command: launch_simulation -step elaborate -simset sim_1 -mode behavioral
INFO: [Vivado 12-12493] Simulation top is 'system_tb'
INFO: [Vivado 12-5682] Launching behavioral simulation in 'C:/Users/Mateusz Kozlowski/Documents/zampf/ZAMFP/ZAMFP.sim/sim_1/behav/xsim'
INFO: [SIM-utils-51] Simulation object is 'sim_1'
INFO: [USF-XSim-3] XSim::Elaborate design
INFO: [USF-XSim-61] Executing 'ELABORATE' step in 'C:/Users/Mateusz Kozlowski/Documents/zampf/ZAMFP/ZAMFP.sim/sim_1/behav/xsim'
"xelab --incr --debug typical --relax --mt 2 -L xil_defaultlib -L secureip --snapshot system_tb_behav xil_defaultlib.system_tb -log elaborate.log"
Vivado Simulator v2025.1.0
Copyright 1986-2022 Xilinx, Inc. All Rights Reserved.
Copyright 2022-2025 Advanced Micro Devices, Inc. All Rights Reserved.
Running: C:/Xilinx/2025.1/Vivado/bin/unwrapped/win64.o/xelab.exe --incr --debug typical --relax --mt 2 -L xil_defaultlib -L secureip --snapshot system_tb_behav xil_defaultlib.system_tb -log elaborate.log 
Using 2 slave threads.
Starting static elaboration
Completed static elaboration
Starting simulation data flow analysis
Completed simulation data flow analysis
Time Resolution for simulation is 1ps
Compiling package std.standard
Compiling package std.textio
Compiling package ieee.std_logic_1164
Compiling package ieee.std_logic_textio
Compiling package ieee.numeric_std
Compiling architecture behavioral of entity xil_defaultlib.ram [ram_default]
Compiling architecture rtl of entity xil_defaultlib.uart [uart_default]
Compiling architecture behavioral of entity xil_defaultlib.uart_ram_ctrl [uart_ram_ctrl_default]
Compiling architecture rtl of entity xil_defaultlib.system_rtl [system_rtl_default]
Compiling architecture rtl of entity xil_defaultlib.uart [\uart(baud=9600)\]
Compiling architecture sim of entity xil_defaultlib.system_tb
Built simulation snapshot system_tb_behav
INFO: [USF-XSim-69] 'elaborate' step finished in '1' seconds
Time resolution is 1 ps
WARNING: [Simulator 45-24] Previous breakpoint at line 265 in file 'C:/Users/Mateusz Kozlowski/Documents/zampf/ZAMFP/ZAMFP.srcs/system/new/system_tb.vhd' not restored because it is no longer a breakable line.
relaunch_sim: Time (s): cpu = 00:00:01 ; elapsed = 00:00:06 . Memory (MB): peak = 3439.238 ; gain = 0.000
run all












relaunch_sim
Command: launch_simulation -step compile -simset sim_1 -mode behavioral
INFO: [Vivado 12-12493] Simulation top is 'system_tb'
INFO: [Vivado 12-5682] Launching behavioral simulation in 'C:/Users/Mateusz Kozlowski/Documents/zampf/ZAMFP/ZAMFP.sim/sim_1/behav/xsim'
INFO: [SIM-utils-51] Simulation object is 'sim_1'
INFO: [USF-XSim-2] XSim::Compile design
INFO: [USF-XSim-61] Executing 'COMPILE and ANALYZE' step in 'C:/Users/Mateusz Kozlowski/Documents/zampf/ZAMFP/ZAMFP.sim/sim_1/behav/xsim'
"xvhdl --incr --relax -prj system_tb_vhdl.prj"
INFO: [VRFC 10-163] Analyzing VHDL file "C:/Users/Mateusz Kozlowski/Documents/zampf/ZAMFP/ZAMFP.srcs/system/new/system_tb.vhd" into library xil_defaultlib
INFO: [VRFC 10-3107] analyzing entity 'system_tb'
INFO: [USF-XSim-69] 'compile' step finished in '1' seconds
Command: launch_simulation -step elaborate -simset sim_1 -mode behavioral
INFO: [Vivado 12-12493] Simulation top is 'system_tb'
INFO: [Vivado 12-5682] Launching behavioral simulation in 'C:/Users/Mateusz Kozlowski/Documents/zampf/ZAMFP/ZAMFP.sim/sim_1/behav/xsim'
INFO: [SIM-utils-51] Simulation object is 'sim_1'
INFO: [USF-XSim-3] XSim::Elaborate design
INFO: [USF-XSim-61] Executing 'ELABORATE' step in 'C:/Users/Mateusz Kozlowski/Documents/zampf/ZAMFP/ZAMFP.sim/sim_1/behav/xsim'
"xelab --incr --debug typical --relax --mt 2 -L xil_defaultlib -L secureip --snapshot system_tb_behav xil_defaultlib.system_tb -log elaborate.log"
Vivado Simulator v2025.1.0
Copyright 1986-2022 Xilinx, Inc. All Rights Reserved.
Copyright 2022-2025 Advanced Micro Devices, Inc. All Rights Reserved.
Running: C:/Xilinx/2025.1/Vivado/bin/unwrapped/win64.o/xelab.exe --incr --debug typical --relax --mt 2 -L xil_defaultlib -L secureip --snapshot system_tb_behav xil_defaultlib.system_tb -log elaborate.log 
Using 2 slave threads.
Starting static elaboration
Completed static elaboration
Starting simulation data flow analysis
Completed simulation data flow analysis
Time Resolution for simulation is 1ps
Compiling package std.standard
Compiling package std.textio
Compiling package ieee.std_logic_1164
Compiling package ieee.std_logic_textio
Compiling package ieee.numeric_std
Compiling architecture behavioral of entity xil_defaultlib.ram [ram_default]
Compiling architecture rtl of entity xil_defaultlib.uart [uart_default]
Compiling architecture behavioral of entity xil_defaultlib.uart_ram_ctrl [uart_ram_ctrl_default]
Compiling architecture rtl of entity xil_defaultlib.system_rtl [system_rtl_default]
Compiling architecture rtl of entity xil_defaultlib.uart [\uart(baud=9600)\]
Compiling architecture sim of entity xil_defaultlib.system_tb
Built simulation snapshot system_tb_behav
INFO: [USF-XSim-69] 'elaborate' step finished in '1' seconds
Time resolution is 1 ps
relaunch_sim: Time (s): cpu = 00:00:01 ; elapsed = 00:00:06 . Memory (MB): peak = 3439.238 ; gain = 0.000
run all











WARNING: [filemgmt 56-199] Attempt to get parsing info during refresh. "On-the-fly" syntax checking information may be incorrect. [C:\Users\Mateusz Kozlowski\Documents\zampf\ZAMFP\ZAMFP.srcs\sources_1\new\ram.vhd:]
WARNING: [filemgmt 56-199] Attempt to get parsing info during refresh. "On-the-fly" syntax checking information may be incorrect. [C:\Users\Mateusz Kozlowski\Documents\zampf\ZAMFP\ZAMFP.srcs\sources_1\new\uart.vhd:]
WARNING: [filemgmt 56-199] Attempt to get parsing info during refresh. "On-the-fly" syntax checking information may be incorrect. [C:\Users\Mateusz Kozlowski\Documents\zampf\ZAMFP\ZAMFP.srcs\sources_1\new\uart_ram_ctrl.vhd:]
WARNING: [filemgmt 56-199] Attempt to get parsing info during refresh. "On-the-fly" syntax checking information may be incorrect. [C:\Users\Mateusz Kozlowski\Documents\zampf\ZAMFP\ZAMFP.srcs\system\new\system_tb.vhd:]
WARNING: [filemgmt 56-199] Attempt to get parsing info during refresh. "On-the-fly" syntax checking information may be incorrect. [C:\Users\Mateusz Kozlowski\Documents\zampf\ZAMFP\ZAMFP.srcs\system\new\system_tb.vhd:]
WARNING: [filemgmt 56-199] Attempt to get parsing info during refresh. "On-the-fly" syntax checking information may be incorrect. [C:\Users\Mateusz Kozlowski\Documents\zampf\ZAMFP\ZAMFP.srcs\system\new\system_tb.vhd:]
WARNING: [filemgmt 56-199] Attempt to get parsing info during refresh. "On-the-fly" syntax checking information may be incorrect. [C:\Users\Mateusz Kozlowski\Documents\zampf\ZAMFP\ZAMFP.srcs\sources_1\new\ram.vhd:]
WARNING: [filemgmt 56-199] Attempt to get parsing info during refresh. "On-the-fly" syntax checking information may be incorrect. [C:\Users\Mateusz Kozlowski\Documents\zampf\ZAMFP\ZAMFP.srcs\sources_1\new\uart.vhd:]
WARNING: [filemgmt 56-199] Attempt to get parsing info during refresh. "On-the-fly" syntax checking information may be incorrect. [C:\Users\Mateusz Kozlowski\Documents\zampf\ZAMFP\ZAMFP.srcs\sources_1\new\uart_ram_ctrl.vhd:]
WARNING: [filemgmt 56-199] Attempt to get parsing info during refresh. "On-the-fly" syntax checking information may be incorrect. [C:\Users\Mateusz Kozlowski\Documents\zampf\ZAMFP\ZAMFP.srcs\system\new\system_tb.vhd:]
WARNING: [filemgmt 56-199] Attempt to get parsing info during refresh. "On-the-fly" syntax checking information may be incorrect. [C:\Users\Mateusz Kozlowski\Documents\zampf\ZAMFP\ZAMFP.srcs\sources_1\new\ram.vhd:]
WARNING: [filemgmt 56-199] Attempt to get parsing info during refresh. "On-the-fly" syntax checking information may be incorrect. [C:\Users\Mateusz Kozlowski\Documents\zampf\ZAMFP\ZAMFP.srcs\sources_1\new\ram.vhd:]
relaunch_sim
ERROR: [Common 17-180] Spawn failed: Operacja ukonczona pomyslnie.

WARNING: [filemgmt 56-199] Attempt to get parsing info during refresh. "On-the-fly" syntax checking information may be incorrect. [C:\Users\Mateusz Kozlowski\Documents\zampf\ZAMFP\ZAMFP.srcs\sources_1\new\ram.vhd:]
WARNING: [filemgmt 56-199] Attempt to get parsing info during refresh. "On-the-fly" syntax checking information may be incorrect. [C:\Users\Mateusz Kozlowski\Documents\zampf\ZAMFP\ZAMFP.srcs\sources_1\new\uart.vhd:]
WARNING: [filemgmt 56-199] Attempt to get parsing info during refresh. "On-the-fly" syntax checking information may be incorrect. [C:\Users\Mateusz Kozlowski\Documents\zampf\ZAMFP\ZAMFP.srcs\sources_1\new\uart_ram_ctrl.vhd:]
WARNING: [filemgmt 56-199] Attempt to get parsing info during refresh. "On-the-fly" syntax checking information may be incorrect. [C:\Users\Mateusz Kozlowski\Documents\zampf\ZAMFP\ZAMFP.srcs\system\new\system_tb.vhd:]
WARNING: [filemgmt 56-199] Attempt to get parsing info during refresh. "On-the-fly" syntax checking information may be incorrect. [C:\Users\Mateusz Kozlowski\Documents\zampf\ZAMFP\ZAMFP.srcs\sources_1\new\uart.vhd:]
WARNING: [filemgmt 56-199] Attempt to get parsing info during refresh. "On-the-fly" syntax checking information may be incorrect. [C:\Users\Mateusz Kozlowski\Documents\zampf\ZAMFP\ZAMFP.srcs\sources_1\new\uart.vhd:]
ERROR: [Common 17-39] 'suspend_sim' failed due to earlier errors.
INFO: [Common 17-17] undo 'relaunch_sim'
INFO: [Common 17-17] undo 'relaunch_sim'
ERROR: [Common 17-69] Command failed: ERROR: [Common 17-39] 'suspend_sim' failed due to earlier errors.

relaunch_sim
Command: launch_simulation -step compile -simset sim_1 -mode behavioral
INFO: [Vivado 12-12493] Simulation top is 'system_tb'
INFO: [Vivado 12-5682] Launching behavioral simulation in 'C:/Users/Mateusz Kozlowski/Documents/zampf/ZAMFP/ZAMFP.sim/sim_1/behav/xsim'
INFO: [SIM-utils-51] Simulation object is 'sim_1'
INFO: [USF-XSim-2] XSim::Compile design
INFO: [USF-XSim-61] Executing 'COMPILE and ANALYZE' step in 'C:/Users/Mateusz Kozlowski/Documents/zampf/ZAMFP/ZAMFP.sim/sim_1/behav/xsim'
"xvhdl --incr --relax -prj system_tb_vhdl.prj"
INFO: [VRFC 10-163] Analyzing VHDL file "C:/Users/Mateusz Kozlowski/Documents/zampf/ZAMFP/ZAMFP.srcs/system/new/system_tb.vhd" into library xil_defaultlib
INFO: [VRFC 10-3107] analyzing entity 'system_tb'
INFO: [USF-XSim-69] 'compile' step finished in '1' seconds
Command: launch_simulation -step elaborate -simset sim_1 -mode behavioral
INFO: [Vivado 12-12493] Simulation top is 'system_tb'
INFO: [Vivado 12-5682] Launching behavioral simulation in 'C:/Users/Mateusz Kozlowski/Documents/zampf/ZAMFP/ZAMFP.sim/sim_1/behav/xsim'
INFO: [SIM-utils-51] Simulation object is 'sim_1'
INFO: [USF-XSim-3] XSim::Elaborate design
INFO: [USF-XSim-61] Executing 'ELABORATE' step in 'C:/Users/Mateusz Kozlowski/Documents/zampf/ZAMFP/ZAMFP.sim/sim_1/behav/xsim'
"xelab --incr --debug typical --relax --mt 2 -L xil_defaultlib -L secureip --snapshot system_tb_behav xil_defaultlib.system_tb -log elaborate.log"
Vivado Simulator v2025.1.0
Copyright 1986-2022 Xilinx, Inc. All Rights Reserved.
Copyright 2022-2025 Advanced Micro Devices, Inc. All Rights Reserved.
Running: C:/Xilinx/2025.1/Vivado/bin/unwrapped/win64.o/xelab.exe --incr --debug typical --relax --mt 2 -L xil_defaultlib -L secureip --snapshot system_tb_behav xil_defaultlib.system_tb -log elaborate.log 
Using 2 slave threads.
Starting static elaboration
Completed static elaboration
Starting simulation data flow analysis
Completed simulation data flow analysis
Time Resolution for simulation is 1ps
Compiling package std.standard
Compiling package std.textio
Compiling package ieee.std_logic_1164
Compiling package ieee.std_logic_textio
Compiling package ieee.numeric_std
Compiling architecture behavioral of entity xil_defaultlib.ram [ram_default]
Compiling architecture rtl of entity xil_defaultlib.uart [uart_default]
Compiling architecture behavioral of entity xil_defaultlib.uart_ram_ctrl [uart_ram_ctrl_default]
Compiling architecture rtl of entity xil_defaultlib.system_rtl [system_rtl_default]
Compiling architecture rtl of entity xil_defaultlib.uart [\uart(baud=9600)\]
Compiling architecture sim of entity xil_defaultlib.system_tb
Built simulation snapshot system_tb_behav
INFO: [USF-XSim-69] 'elaborate' step finished in '1' seconds
Time resolution is 1 ps
run all











run all
relaunch_sim
WARNING: [filemgmt 56-199] Attempt to get parsing info during refresh. "On-the-fly" syntax checking information may be incorrect. [C:\Users\Mateusz Kozlowski\Documents\zampf\ZAMFP\ZAMFP.srcs\sources_1\new\ram.vhd:]
WARNING: [filemgmt 56-199] Attempt to get parsing info during refresh. "On-the-fly" syntax checking information may be incorrect. [C:\Users\Mateusz Kozlowski\Documents\zampf\ZAMFP\ZAMFP.srcs\sources_1\new\uart.vhd:]
WARNING: [filemgmt 56-199] Attempt to get parsing info during refresh. "On-the-fly" syntax checking information may be incorrect. [C:\Users\Mateusz Kozlowski\Documents\zampf\ZAMFP\ZAMFP.srcs\sources_1\new\uart_ram_ctrl.vhd:]
WARNING: [filemgmt 56-199] Attempt to get parsing info during refresh. "On-the-fly" syntax checking information may be incorrect. [C:\Users\Mateusz Kozlowski\Documents\zampf\ZAMFP\ZAMFP.srcs\system\new\system_tb.vhd:]
WARNING: [filemgmt 56-199] Attempt to get parsing info during refresh. "On-the-fly" syntax checking information may be incorrect. [C:\Users\Mateusz Kozlowski\Documents\zampf\ZAMFP\ZAMFP.srcs\system\new\system_tb.vhd:]
WARNING: [filemgmt 56-199] Attempt to get parsing info during refresh. "On-the-fly" syntax checking information may be incorrect. [C:\Users\Mateusz Kozlowski\Documents\zampf\ZAMFP\ZAMFP.srcs\system\new\system_tb.vhd:]
Command: launch_simulation -step compile -simset sim_1 -mode behavioral
INFO: [Vivado 12-12493] Simulation top is 'system_tb'
ERROR: [Common 17-180] Spawn failed: Operacja ukonczona pomyslnie.

WARNING: [filemgmt 56-199] Attempt to get parsing info during refresh. "On-the-fly" syntax checking information may be incorrect. [C:\Users\Mateusz Kozlowski\Documents\zampf\ZAMFP\ZAMFP.srcs\sources_1\new\ram.vhd:]
WARNING: [filemgmt 56-199] Attempt to get parsing info during refresh. "On-the-fly" syntax checking information may be incorrect. [C:\Users\Mateusz Kozlowski\Documents\zampf\ZAMFP\ZAMFP.srcs\sources_1\new\uart.vhd:]
WARNING: [filemgmt 56-199] Attempt to get parsing info during refresh. "On-the-fly" syntax checking information may be incorrect. [C:\Users\Mateusz Kozlowski\Documents\zampf\ZAMFP\ZAMFP.srcs\sources_1\new\uart_ram_ctrl.vhd:]
WARNING: [filemgmt 56-199] Attempt to get parsing info during refresh. "On-the-fly" syntax checking information may be incorrect. [C:\Users\Mateusz Kozlowski\Documents\zampf\ZAMFP\ZAMFP.srcs\system\new\system_tb.vhd:]
WARNING: [filemgmt 56-199] Attempt to get parsing info during refresh. "On-the-fly" syntax checking information may be incorrect. [C:\Users\Mateusz Kozlowski\Documents\zampf\ZAMFP\ZAMFP.srcs\sources_1\new\uart.vhd:]
WARNING: [filemgmt 56-199] Attempt to get parsing info during refresh. "On-the-fly" syntax checking information may be incorrect. [C:\Users\Mateusz Kozlowski\Documents\zampf\ZAMFP\ZAMFP.srcs\sources_1\new\uart.vhd:]
INFO: [Vivado 12-5682] Launching behavioral simulation in 'C:/Users/Mateusz Kozlowski/Documents/zampf/ZAMFP/ZAMFP.sim/sim_1/behav/xsim'
INFO: [SIM-utils-51] Simulation object is 'sim_1'
INFO: [USF-XSim-2] XSim::Compile design
INFO: [USF-XSim-61] Executing 'COMPILE and ANALYZE' step in 'C:/Users/Mateusz Kozlowski/Documents/zampf/ZAMFP/ZAMFP.sim/sim_1/behav/xsim'
WARNING: [filemgmt 56-199] Attempt to get parsing info during refresh. "On-the-fly" syntax checking information may be incorrect. [C:\Users\Mateusz Kozlowski\Documents\zampf\ZAMFP\ZAMFP.srcs\sources_1\new\ram.vhd:]
WARNING: [filemgmt 56-199] Attempt to get parsing info during refresh. "On-the-fly" syntax checking information may be incorrect. [C:\Users\Mateusz Kozlowski\Documents\zampf\ZAMFP\ZAMFP.srcs\sources_1\new\uart.vhd:]
WARNING: [filemgmt 56-199] Attempt to get parsing info during refresh. "On-the-fly" syntax checking information may be incorrect. [C:\Users\Mateusz Kozlowski\Documents\zampf\ZAMFP\ZAMFP.srcs\sources_1\new\uart_ram_ctrl.vhd:]
WARNING: [filemgmt 56-199] Attempt to get parsing info during refresh. "On-the-fly" syntax checking information may be incorrect. [C:\Users\Mateusz Kozlowski\Documents\zampf\ZAMFP\ZAMFP.srcs\system\new\system_tb.vhd:]
WARNING: [filemgmt 56-199] Attempt to get parsing info during refresh. "On-the-fly" syntax checking information may be incorrect. [C:\Users\Mateusz Kozlowski\Documents\zampf\ZAMFP\ZAMFP.srcs\sources_1\new\uart_ram_ctrl.vhd:]
WARNING: [filemgmt 56-199] Attempt to get parsing info during refresh. "On-the-fly" syntax checking information may be incorrect. [C:\Users\Mateusz Kozlowski\Documents\zampf\ZAMFP\ZAMFP.srcs\sources_1\new\uart_ram_ctrl.vhd:]
"xvhdl --incr --relax -prj system_tb_vhdl.prj"
INFO: [VRFC 10-163] Analyzing VHDL file "C:/Users/Mateusz Kozlowski/Documents/zampf/ZAMFP/ZAMFP.srcs/sources_1/new/uart.vhd" into library xil_defaultlib
INFO: [VRFC 10-3107] analyzing entity 'uart'
INFO: [VRFC 10-163] Analyzing VHDL file "C:/Users/Mateusz Kozlowski/Documents/zampf/ZAMFP/ZAMFP.srcs/sources_1/new/top.vhd" into library xil_defaultlib
INFO: [VRFC 10-3107] analyzing entity 'system_rtl'
INFO: [VRFC 10-163] Analyzing VHDL file "C:/Users/Mateusz Kozlowski/Documents/zampf/ZAMFP/ZAMFP.srcs/system/new/system_tb.vhd" into library xil_defaultlib
INFO: [VRFC 10-3107] analyzing entity 'system_tb'
INFO: [USF-XSim-69] 'compile' step finished in '1' seconds
ERROR: [Common 17-39] 'launch_simulation' failed due to earlier errors.
ERROR: [Common 17-69] Command failed: ERROR: [Common 17-39] 'launch_simulation' failed due to earlier errors.

ERROR: [Common 17-180] Spawn failed: Operacja ukonczona pomyslnie.

relaunch_sim
Command: launch_simulation -step compile -simset sim_1 -mode behavioral
INFO: [Vivado 12-12493] Simulation top is 'system_tb'
INFO: [Vivado 12-5682] Launching behavioral simulation in 'C:/Users/Mateusz Kozlowski/Documents/zampf/ZAMFP/ZAMFP.sim/sim_1/behav/xsim'
INFO: [SIM-utils-51] Simulation object is 'sim_1'
INFO: [USF-XSim-2] XSim::Compile design
INFO: [USF-XSim-61] Executing 'COMPILE and ANALYZE' step in 'C:/Users/Mateusz Kozlowski/Documents/zampf/ZAMFP/ZAMFP.sim/sim_1/behav/xsim'
"xvhdl --incr --relax -prj system_tb_vhdl.prj"
INFO: [USF-XSim-69] 'compile' step finished in '1' seconds
Command: launch_simulation -step elaborate -simset sim_1 -mode behavioral
INFO: [Vivado 12-12493] Simulation top is 'system_tb'
INFO: [Vivado 12-5682] Launching behavioral simulation in 'C:/Users/Mateusz Kozlowski/Documents/zampf/ZAMFP/ZAMFP.sim/sim_1/behav/xsim'
INFO: [SIM-utils-51] Simulation object is 'sim_1'
INFO: [USF-XSim-3] XSim::Elaborate design
INFO: [USF-XSim-61] Executing 'ELABORATE' step in 'C:/Users/Mateusz Kozlowski/Documents/zampf/ZAMFP/ZAMFP.sim/sim_1/behav/xsim'
"xelab --incr --debug typical --relax --mt 2 -L xil_defaultlib -L secureip --snapshot system_tb_behav xil_defaultlib.system_tb -log elaborate.log"
Vivado Simulator v2025.1.0
Copyright 1986-2022 Xilinx, Inc. All Rights Reserved.
Copyright 2022-2025 Advanced Micro Devices, Inc. All Rights Reserved.
Running: C:/Xilinx/2025.1/Vivado/bin/unwrapped/win64.o/xelab.exe --incr --debug typical --relax --mt 2 -L xil_defaultlib -L secureip --snapshot system_tb_behav xil_defaultlib.system_tb -log elaborate.log 
Using 2 slave threads.
Starting static elaboration
Completed static elaboration
Starting simulation data flow analysis
Completed simulation data flow analysis
Time Resolution for simulation is 1ps
Compiling package std.standard
Compiling package std.textio
Compiling package ieee.std_logic_1164
Compiling package ieee.std_logic_textio
Compiling package ieee.numeric_std
Compiling architecture behavioral of entity xil_defaultlib.ram [ram_default]
Compiling architecture rtl of entity xil_defaultlib.uart [\uart(baud=115200)\]
Compiling architecture behavioral of entity xil_defaultlib.uart_ram_ctrl [uart_ram_ctrl_default]
Compiling architecture rtl of entity xil_defaultlib.system_rtl [system_rtl_default]
Compiling architecture rtl of entity xil_defaultlib.uart [uart_default]
Compiling architecture sim of entity xil_defaultlib.system_tb
Built simulation snapshot system_tb_behav
INFO: [USF-XSim-69] 'elaborate' step finished in '1' seconds
Time resolution is 1 ps
run all











run: Time (s): cpu = 00:00:06 ; elapsed = 00:00:06 . Memory (MB): peak = 3439.238 ; gain = 0.000
relaunch_sim
Command: launch_simulation -step compile -simset sim_1 -mode behavioral
INFO: [Vivado 12-12493] Simulation top is 'system_tb'
INFO: [Vivado 12-5682] Launching behavioral simulation in 'C:/Users/Mateusz Kozlowski/Documents/zampf/ZAMFP/ZAMFP.sim/sim_1/behav/xsim'
INFO: [SIM-utils-51] Simulation object is 'sim_1'
INFO: [USF-XSim-2] XSim::Compile design
INFO: [USF-XSim-61] Executing 'COMPILE and ANALYZE' step in 'C:/Users/Mateusz Kozlowski/Documents/zampf/ZAMFP/ZAMFP.sim/sim_1/behav/xsim'
"xvhdl --incr --relax -prj system_tb_vhdl.prj"
INFO: [VRFC 10-163] Analyzing VHDL file "C:/Users/Mateusz Kozlowski/Documents/zampf/ZAMFP/ZAMFP.srcs/system/new/system_tb.vhd" into library xil_defaultlib
INFO: [VRFC 10-3107] analyzing entity 'system_tb'
INFO: [USF-XSim-69] 'compile' step finished in '1' seconds
Command: launch_simulation -step elaborate -simset sim_1 -mode behavioral
INFO: [Vivado 12-12493] Simulation top is 'system_tb'
INFO: [Vivado 12-5682] Launching behavioral simulation in 'C:/Users/Mateusz Kozlowski/Documents/zampf/ZAMFP/ZAMFP.sim/sim_1/behav/xsim'
INFO: [SIM-utils-51] Simulation object is 'sim_1'
INFO: [USF-XSim-3] XSim::Elaborate design
INFO: [USF-XSim-61] Executing 'ELABORATE' step in 'C:/Users/Mateusz Kozlowski/Documents/zampf/ZAMFP/ZAMFP.sim/sim_1/behav/xsim'
"xelab --incr --debug typical --relax --mt 2 -L xil_defaultlib -L secureip --snapshot system_tb_behav xil_defaultlib.system_tb -log elaborate.log"
Vivado Simulator v2025.1.0
Copyright 1986-2022 Xilinx, Inc. All Rights Reserved.
Copyright 2022-2025 Advanced Micro Devices, Inc. All Rights Reserved.
Running: C:/Xilinx/2025.1/Vivado/bin/unwrapped/win64.o/xelab.exe --incr --debug typical --relax --mt 2 -L xil_defaultlib -L secureip --snapshot system_tb_behav xil_defaultlib.system_tb -log elaborate.log 
Using 2 slave threads.
Starting static elaboration
Completed static elaboration
Starting simulation data flow analysis
Completed simulation data flow analysis
Time Resolution for simulation is 1ps
Compiling package std.standard
Compiling package std.textio
Compiling package ieee.std_logic_1164
Compiling package ieee.std_logic_textio
Compiling package ieee.numeric_std
Compiling architecture behavioral of entity xil_defaultlib.ram [ram_default]
Compiling architecture rtl of entity xil_defaultlib.uart [\uart(baud=115200)\]
Compiling architecture behavioral of entity xil_defaultlib.uart_ram_ctrl [uart_ram_ctrl_default]
Compiling architecture rtl of entity xil_defaultlib.system_rtl [system_rtl_default]
Compiling architecture rtl of entity xil_defaultlib.uart [\uart(baud=21370)\]
Compiling architecture sim of entity xil_defaultlib.system_tb
Built simulation snapshot system_tb_behav
INFO: [USF-XSim-69] 'elaborate' step finished in '1' seconds
Time resolution is 1 ps
relaunch_sim: Time (s): cpu = 00:00:01 ; elapsed = 00:00:06 . Memory (MB): peak = 3439.238 ; gain = 0.000
run all







