#-----------------------------------------------------------
# Vivado v2025.1 (64-bit)
# SW Build 6140274 on Thu May 22 00:12:29 MDT 2025
# IP Build 6138677 on Thu May 22 03:10:11 MDT 2025
# SharedData Build 6139179 on Tue May 20 17:58:58 MDT 2025
# Start of session at: Fri Dec  5 18:18:27 2025
# Process ID         : 12316
# Current directory  : C:/Users/Mateusz Kozlowski/Documents/zampf/ZAMFP
# Command line       : vivado.exe -gui_launcher_event rodinguilauncherevent12956 C:\Users\Mateusz Kozlowski\Documents\zampf\ZAMFP\ZAMFP.xpr
# Log file           : C:/Users/Mateusz Kozlowski/Documents/zampf/ZAMFP/vivado.log
# Journal file       : C:/Users/Mateusz Kozlowski/Documents/zampf/ZAMFP\vivado.jou
# Running On         : DESKTOP-SD4CE53
# Platform           : Windows Server 2016 or Windows 10
# Operating System   : 19045
# Processor Detail   : Intel(R) Core(TM) i5-14600KF
# CPU Frequency      : 3494 MHz
# CPU Physical cores : 14
# CPU Logical cores  : 20
# Host memory        : 34152 MB
# Swap memory        : 15032 MB
# Total Virtual      : 49184 MB
# Available Virtual  : 38246 MB
#-----------------------------------------------------------
start_gui
open_project {C:/Users/Mateusz Kozlowski/Documents/zampf/ZAMFP/ZAMFP.xpr}
WARNING: [Board 49-26] cannot add Board Part xilinx.com:emb-plus-vpr-4616:part0:1.0 available at C:/Xilinx/2025.1/data/xhub/boards\XilinxBoardStore\boards\Xilinx\emb-plus-vpr-4616\1.0\board.xml as part xcve2302-sfva784-2mp-e-s specified in board_part file is either invalid or not available
WARNING: [Board 49-26] cannot add Board Part xilinx.com:emb-plus-vpr-4616:part0:1.1 available at C:/Xilinx/2025.1/data/xhub/boards\XilinxBoardStore\boards\Xilinx\emb-plus-vpr-4616\1.1\board.xml as part xcve2302-sfva784-2mp-e-s specified in board_part file is either invalid or not available
WARNING: [Board 49-26] cannot add Board Part xilinx.com:kcu105:part0:1.6 available at C:/Xilinx/2025.1/data/xhub/boards\XilinxBoardStore\boards\Xilinx\kcu105\1.6\board.xml as part xcku040-ffva1156-2-e specified in board_part file is either invalid or not available
WARNING: [Board 49-26] cannot add Board Part xilinx.com:kcu105:part0:1.7 available at C:/Xilinx/2025.1/data/xhub/boards\XilinxBoardStore\boards\Xilinx\kcu105\1.7\board.xml as part xcku040-ffva1156-2-e specified in board_part file is either invalid or not available
WARNING: [Board 49-26] cannot add Board Part xilinx.com:kcu116:part0:1.4 available at C:/Xilinx/2025.1/data/xhub/boards\XilinxBoardStore\boards\Xilinx\kcu116\1.4\board.xml as part xcku5p-ffvb676-2-e specified in board_part file is either invalid or not available
WARNING: [Board 49-26] cannot add Board Part xilinx.com:kcu116:part0:1.5 available at C:/Xilinx/2025.1/data/xhub/boards\XilinxBoardStore\boards\Xilinx\kcu116\1.5\board.xml as part xcku5p-ffvb676-2-e specified in board_part file is either invalid or not available
WARNING: [Board 49-26] cannot add Board Part xilinx.com:kcu1500:part0:1.2 available at C:/Xilinx/2025.1/data/xhub/boards\XilinxBoardStore\boards\Xilinx\kcu1500\1.2\board.xml as part xcku115-flvb2104-2-e specified in board_part file is either invalid or not available
WARNING: [Board 49-26] cannot add Board Part xilinx.com:scu35:part0:1.0 available at C:/Xilinx/2025.1/data/xhub/boards\XilinxBoardStore\boards\Xilinx\scu35\1.0\board.xml as part xcsu35p-sbvb625-2-e specified in board_part file is either invalid or not available
WARNING: [Board 49-26] cannot add Board Part xilinx.com:v80:part0:1.0 available at C:/Xilinx/2025.1/data/xhub/boards\XilinxBoardStore\boards\Xilinx\v80\1.0\board.xml as part xcv80-lsva4737-2mhp-e-s specified in board_part file is either invalid or not available
WARNING: [Board 49-26] cannot add Board Part xilinx.com:vck190:part0:2.2 available at C:/Xilinx/2025.1/data/xhub/boards\XilinxBoardStore\boards\Xilinx\vck190\production\2.2\board.xml as part xcvc1902-vsva2197-2mp-e-s specified in board_part file is either invalid or not available
WARNING: [Board 49-26] cannot add Board Part xilinx.com:vck190:part0:3.0 available at C:/Xilinx/2025.1/data/xhub/boards\XilinxBoardStore\boards\Xilinx\vck190\production\3.0\board.xml as part xcvc1902-vsva2197-2mp-e-s specified in board_part file is either invalid or not available
WARNING: [Board 49-26] cannot add Board Part xilinx.com:vck190:part0:3.1 available at C:/Xilinx/2025.1/data/xhub/boards\XilinxBoardStore\boards\Xilinx\vck190\production\3.1\board.xml as part xcvc1902-vsva2197-2mp-e-s specified in board_part file is either invalid or not available
WARNING: [Board 49-26] cannot add Board Part xilinx.com:vck190:part0:3.2 available at C:/Xilinx/2025.1/data/xhub/boards\XilinxBoardStore\boards\Xilinx\vck190\production\3.2\board.xml as part xcvc1902-vsva2197-2mp-e-s specified in board_part file is either invalid or not available
WARNING: [Board 49-26] cannot add Board Part xilinx.com:vck190:part0:3.3 available at C:/Xilinx/2025.1/data/xhub/boards\XilinxBoardStore\boards\Xilinx\vck190\production\3.3\board.xml as part xcvc1902-vsva2197-2mp-e-s specified in board_part file is either invalid or not available
WARNING: [Board 49-26] cannot add Board Part xilinx.com:vck190:part0:3.4 available at C:/Xilinx/2025.1/data/xhub/boards\XilinxBoardStore\boards\Xilinx\vck190\production\3.4\board.xml as part xcvc1902-vsva2197-2mp-e-s specified in board_part file is either invalid or not available
WARNING: [Board 49-26] cannot add Board Part xilinx.com:vck190_newl:part0:1.0 available at C:/Xilinx/2025.1/data/xhub/boards\XilinxBoardStore\boards\Xilinx\vck190_newl\production\1.0\board.xml as part xcvc1902-vsva2197-2mp-e-s specified in board_part file is either invalid or not available
WARNING: [Board 49-26] cannot add Board Part xilinx.com:vck190_newl:part0:1.1 available at C:/Xilinx/2025.1/data/xhub/boards\XilinxBoardStore\boards\Xilinx\vck190_newl\production\1.1\board.xml as part xcvc1902-vsva2197-2mp-e-s specified in board_part file is either invalid or not available
WARNING: [Board 49-26] cannot add Board Part xilinx.com:vck190_newl:part0:1.2 available at C:/Xilinx/2025.1/data/xhub/boards\XilinxBoardStore\boards\Xilinx\vck190_newl\production\1.2\board.xml as part xcvc1902-vsva2197-2mp-e-s specified in board_part file is either invalid or not available
WARNING: [Board 49-26] cannot add Board Part xilinx.com:vck190_newl:part0:1.3 available at C:/Xilinx/2025.1/data/xhub/boards\XilinxBoardStore\boards\Xilinx\vck190_newl\production\1.3\board.xml as part xcvc1902-vsva2197-2mp-e-s specified in board_part file is either invalid or not available
WARNING: [Board 49-26] cannot add Board Part xilinx.com:vcu108:part0:1.6 available at C:/Xilinx/2025.1/data/xhub/boards\XilinxBoardStore\boards\Xilinx\vcu108\1.6\board.xml as part xcvu095-ffva2104-2-e specified in board_part file is either invalid or not available
WARNING: [Board 49-26] cannot add Board Part xilinx.com:vcu108:part0:1.7 available at C:/Xilinx/2025.1/data/xhub/boards\XilinxBoardStore\boards\Xilinx\vcu108\1.7\board.xml as part xcvu095-ffva2104-2-e specified in board_part file is either invalid or not available
WARNING: [Board 49-26] cannot add Board Part xilinx.com:vcu110:part0:1.4 available at C:/Xilinx/2025.1/data/xhub/boards\XilinxBoardStore\boards\Xilinx\vcu110\1.4\board.xml as part xcvu190-flgc2104-2-e specified in board_part file is either invalid or not available
WARNING: [Board 49-26] cannot add Board Part xilinx.com:vcu118:part0:2.0 available at C:/Xilinx/2025.1/data/xhub/boards\XilinxBoardStore\boards\Xilinx\vcu118\2.0\board.xml as part xcvu9p-flga2104-2l-e specified in board_part file is either invalid or not available
WARNING: [Board 49-26] cannot add Board Part xilinx.com:vcu118:part0:2.3 available at C:/Xilinx/2025.1/data/xhub/boards\XilinxBoardStore\boards\Xilinx\vcu118\2.3\board.xml as part xcvu9p-flga2104-2l-e specified in board_part file is either invalid or not available
WARNING: [Board 49-26] cannot add Board Part xilinx.com:vcu118:part0:2.4 available at C:/Xilinx/2025.1/data/xhub/boards\XilinxBoardStore\boards\Xilinx\vcu118\2.4\board.xml as part xcvu9p-flga2104-2l-e specified in board_part file is either invalid or not available
WARNING: [Board 49-26] cannot add Board Part xilinx.com:vcu128:part0:1.0 available at C:/Xilinx/2025.1/data/xhub/boards\XilinxBoardStore\boards\Xilinx\vcu128\production\1.0\board.xml as part xcvu37p-fsvh2892-2l-e specified in board_part file is either invalid or not available
WARNING: [Board 49-26] cannot add Board Part xilinx.com:vcu129:part0:1.0 available at C:/Xilinx/2025.1/data/xhub/boards\XilinxBoardStore\boards\Xilinx\vcu129\production\1.0\board.xml as part xcvu29p-fsga2577-2l-e specified in board_part file is either invalid or not available
WARNING: [Board 49-26] cannot add Board Part xilinx.com:vcu1525:part0:1.3 available at C:/Xilinx/2025.1/data/xhub/boards\XilinxBoardStore\boards\Xilinx\vcu1525\1.3\board.xml as part xcvu9p-fsgd2104-2l-e specified in board_part file is either invalid or not available
WARNING: [Board 49-26] cannot add Board Part xilinx.com:vek280:part0:1.0 available at C:/Xilinx/2025.1/data/xhub/boards\XilinxBoardStore\boards\Xilinx\vek280\production\1.0\board.xml as part xcve2802-vsvh1760-2mp-e-s specified in board_part file is either invalid or not available
WARNING: [Board 49-26] cannot add Board Part xilinx.com:vek280:part0:1.1 available at C:/Xilinx/2025.1/data/xhub/boards\XilinxBoardStore\boards\Xilinx\vek280\production\1.1\board.xml as part xcve2802-vsvh1760-2mp-e-s specified in board_part file is either invalid or not available
WARNING: [Board 49-26] cannot add Board Part xilinx.com:vek280:part0:1.2 available at C:/Xilinx/2025.1/data/xhub/boards\XilinxBoardStore\boards\Xilinx\vek280\production\1.2\board.xml as part xcve2802-vsvh1760-2mp-e-s specified in board_part file is either invalid or not available
WARNING: [Board 49-26] cannot add Board Part xilinx.com:vek385:part0:1.0 available at C:/Xilinx/2025.1/data/xhub/boards\XilinxBoardStore\boards\Xilinx\vek385\1.0\board.xml as part xc2ve3858-ssva2112-2mp-e-s specified in board_part file is either invalid or not available
WARNING: [Board 49-26] cannot add Board Part xilinx.com:vhk158:part0:1.0 available at C:/Xilinx/2025.1/data/xhub/boards\XilinxBoardStore\boards\Xilinx\vhk158\production\1.0\board.xml as part xcvh1582-vsva3697-2mp-e-s specified in board_part file is either invalid or not available
WARNING: [Board 49-26] cannot add Board Part xilinx.com:vhk158:part0:1.1 available at C:/Xilinx/2025.1/data/xhub/boards\XilinxBoardStore\boards\Xilinx\vhk158\production\1.1\board.xml as part xcvh1582-vsva3697-2mp-e-s specified in board_part file is either invalid or not available
WARNING: [Board 49-26] cannot add Board Part xilinx.com:vhk158:part0:1.2 available at C:/Xilinx/2025.1/data/xhub/boards\XilinxBoardStore\boards\Xilinx\vhk158\production\1.2\board.xml as part xcvh1582-vsva3697-2mp-e-s specified in board_part file is either invalid or not available
WARNING: [Board 49-26] cannot add Board Part xilinx.com:vmk180:part0:2.2 available at C:/Xilinx/2025.1/data/xhub/boards\XilinxBoardStore\boards\Xilinx\vmk180\production\2.2\board.xml as part xcvm1802-vsva2197-2mp-e-s specified in board_part file is either invalid or not available
WARNING: [Board 49-26] cannot add Board Part xilinx.com:vmk180:part0:3.0 available at C:/Xilinx/2025.1/data/xhub/boards\XilinxBoardStore\boards\Xilinx\vmk180\production\3.0\board.xml as part xcvm1802-vsva2197-2mp-e-s specified in board_part file is either invalid or not available
WARNING: [Board 49-26] cannot add Board Part xilinx.com:vmk180:part0:3.1 available at C:/Xilinx/2025.1/data/xhub/boards\XilinxBoardStore\boards\Xilinx\vmk180\production\3.1\board.xml as part xcvm1802-vsva2197-2mp-e-s specified in board_part file is either invalid or not available
WARNING: [Board 49-26] cannot add Board Part xilinx.com:vmk180:part0:3.2 available at C:/Xilinx/2025.1/data/xhub/boards\XilinxBoardStore\boards\Xilinx\vmk180\production\3.2\board.xml as part xcvm1802-vsva2197-2mp-e-s specified in board_part file is either invalid or not available
WARNING: [Board 49-26] cannot add Board Part xilinx.com:vmk180:part0:3.3 available at C:/Xilinx/2025.1/data/xhub/boards\XilinxBoardStore\boards\Xilinx\vmk180\production\3.3\board.xml as part xcvm1802-vsva2197-2mp-e-s specified in board_part file is either invalid or not available
WARNING: [Board 49-26] cannot add Board Part xilinx.com:vmk180_newl:part0:1.0 available at C:/Xilinx/2025.1/data/xhub/boards\XilinxBoardStore\boards\Xilinx\vmk180_newl\production\1.0\board.xml as part xcvm1802-vsva2197-2mp-e-s specified in board_part file is either invalid or not available
WARNING: [Board 49-26] cannot add Board Part xilinx.com:vmk180_newl:part0:1.1 available at C:/Xilinx/2025.1/data/xhub/boards\XilinxBoardStore\boards\Xilinx\vmk180_newl\production\1.1\board.xml as part xcvm1802-vsva2197-2mp-e-s specified in board_part file is either invalid or not available
WARNING: [Board 49-26] cannot add Board Part xilinx.com:vpk120:part0:1.0 available at C:/Xilinx/2025.1/data/xhub/boards\XilinxBoardStore\boards\Xilinx\vpk120\production\1.0\board.xml as part xcvp1202-vsva2785-2mp-e-s specified in board_part file is either invalid or not available
WARNING: [Board 49-26] cannot add Board Part xilinx.com:vpk120:part0:1.1 available at C:/Xilinx/2025.1/data/xhub/boards\XilinxBoardStore\boards\Xilinx\vpk120\production\1.1\board.xml as part xcvp1202-vsva2785-2mp-e-s specified in board_part file is either invalid or not available
WARNING: [Board 49-26] cannot add Board Part xilinx.com:vpk120:part0:1.2 available at C:/Xilinx/2025.1/data/xhub/boards\XilinxBoardStore\boards\Xilinx\vpk120\production\1.2\board.xml as part xcvp1202-vsva2785-2mp-e-s specified in board_part file is either invalid or not available
WARNING: [Board 49-26] cannot add Board Part xilinx.com:vpk180:part0:1.0 available at C:/Xilinx/2025.1/data/xhub/boards\XilinxBoardStore\boards\Xilinx\vpk180\production\1.0\board.xml as part xcvp1802-lsvc4072-2mp-e-s specified in board_part file is either invalid or not available
WARNING: [Board 49-26] cannot add Board Part xilinx.com:vpk180:part0:1.1 available at C:/Xilinx/2025.1/data/xhub/boards\XilinxBoardStore\boards\Xilinx\vpk180\production\1.1\board.xml as part xcvp1802-lsvc4072-2mp-e-s specified in board_part file is either invalid or not available
WARNING: [Board 49-26] cannot add Board Part xilinx.com:vpk180:part0:1.2 available at C:/Xilinx/2025.1/data/xhub/boards\XilinxBoardStore\boards\Xilinx\vpk180\production\1.2\board.xml as part xcvp1802-lsvc4072-2mp-e-s specified in board_part file is either invalid or not available
WARNING: [Board 49-26] cannot add Board Part xilinx.com:zcu208ld:part0:2.0 available at C:/Xilinx/2025.1/data/xhub/boards\XilinxBoardStore\boards\Xilinx\zcu208ld\production\2.0\board.xml as part xczu58dr-fsvg1517-2-i specified in board_part file is either invalid or not available
WARNING: [Board 49-26] cannot add Board Part xilinx.com:zcu216ld:part0:2.0 available at C:/Xilinx/2025.1/data/xhub/boards\XilinxBoardStore\boards\Xilinx\zcu216ld\production\2.0\board.xml as part xczu59dr-ffvf1760-2-i specified in board_part file is either invalid or not available
WARNING: [Board 49-26] cannot add Board Part xilinx.com:zcu670ld:part0:1.0 available at C:/Xilinx/2025.1/data/xhub/boards\XilinxBoardStore\boards\Xilinx\zcu670ld\1.0\board.xml as part xczu57dr-fsve1156-2-i specified in board_part file is either invalid or not available
Scanning sources...
Finished scanning sources
WARNING: [Board 49-26] cannot add Board Part xilinx.com:emb-plus-vpr-4616:part0:1.0 available at C:/Xilinx/2025.1/data/xhub/boards\XilinxBoardStore\boards\Xilinx\emb-plus-vpr-4616\1.0\board.xml as part xcve2302-sfva784-2mp-e-s specified in board_part file is either invalid or not available
WARNING: [Board 49-26] cannot add Board Part xilinx.com:emb-plus-vpr-4616:part0:1.1 available at C:/Xilinx/2025.1/data/xhub/boards\XilinxBoardStore\boards\Xilinx\emb-plus-vpr-4616\1.1\board.xml as part xcve2302-sfva784-2mp-e-s specified in board_part file is either invalid or not available
WARNING: [Board 49-26] cannot add Board Part xilinx.com:kcu105:part0:1.6 available at C:/Xilinx/2025.1/data/xhub/boards\XilinxBoardStore\boards\Xilinx\kcu105\1.6\board.xml as part xcku040-ffva1156-2-e specified in board_part file is either invalid or not available
WARNING: [Board 49-26] cannot add Board Part xilinx.com:kcu105:part0:1.7 available at C:/Xilinx/2025.1/data/xhub/boards\XilinxBoardStore\boards\Xilinx\kcu105\1.7\board.xml as part xcku040-ffva1156-2-e specified in board_part file is either invalid or not available
WARNING: [Board 49-26] cannot add Board Part xilinx.com:kcu116:part0:1.4 available at C:/Xilinx/2025.1/data/xhub/boards\XilinxBoardStore\boards\Xilinx\kcu116\1.4\board.xml as part xcku5p-ffvb676-2-e specified in board_part file is either invalid or not available
WARNING: [Board 49-26] cannot add Board Part xilinx.com:kcu116:part0:1.5 available at C:/Xilinx/2025.1/data/xhub/boards\XilinxBoardStore\boards\Xilinx\kcu116\1.5\board.xml as part xcku5p-ffvb676-2-e specified in board_part file is either invalid or not available
WARNING: [Board 49-26] cannot add Board Part xilinx.com:kcu1500:part0:1.2 available at C:/Xilinx/2025.1/data/xhub/boards\XilinxBoardStore\boards\Xilinx\kcu1500\1.2\board.xml as part xcku115-flvb2104-2-e specified in board_part file is either invalid or not available
WARNING: [Board 49-26] cannot add Board Part xilinx.com:scu35:part0:1.0 available at C:/Xilinx/2025.1/data/xhub/boards\XilinxBoardStore\boards\Xilinx\scu35\1.0\board.xml as part xcsu35p-sbvb625-2-e specified in board_part file is either invalid or not available
WARNING: [Board 49-26] cannot add Board Part xilinx.com:v80:part0:1.0 available at C:/Xilinx/2025.1/data/xhub/boards\XilinxBoardStore\boards\Xilinx\v80\1.0\board.xml as part xcv80-lsva4737-2mhp-e-s specified in board_part file is either invalid or not available
WARNING: [Board 49-26] cannot add Board Part xilinx.com:vck190:part0:2.2 available at C:/Xilinx/2025.1/data/xhub/boards\XilinxBoardStore\boards\Xilinx\vck190\production\2.2\board.xml as part xcvc1902-vsva2197-2mp-e-s specified in board_part file is either invalid or not available
WARNING: [Board 49-26] cannot add Board Part xilinx.com:vck190:part0:3.0 available at C:/Xilinx/2025.1/data/xhub/boards\XilinxBoardStore\boards\Xilinx\vck190\production\3.0\board.xml as part xcvc1902-vsva2197-2mp-e-s specified in board_part file is either invalid or not available
WARNING: [Board 49-26] cannot add Board Part xilinx.com:vck190:part0:3.1 available at C:/Xilinx/2025.1/data/xhub/boards\XilinxBoardStore\boards\Xilinx\vck190\production\3.1\board.xml as part xcvc1902-vsva2197-2mp-e-s specified in board_part file is either invalid or not available
WARNING: [Board 49-26] cannot add Board Part xilinx.com:vck190:part0:3.2 available at C:/Xilinx/2025.1/data/xhub/boards\XilinxBoardStore\boards\Xilinx\vck190\production\3.2\board.xml as part xcvc1902-vsva2197-2mp-e-s specified in board_part file is either invalid or not available
WARNING: [Board 49-26] cannot add Board Part xilinx.com:vck190:part0:3.3 available at C:/Xilinx/2025.1/data/xhub/boards\XilinxBoardStore\boards\Xilinx\vck190\production\3.3\board.xml as part xcvc1902-vsva2197-2mp-e-s specified in board_part file is either invalid or not available
WARNING: [Board 49-26] cannot add Board Part xilinx.com:vck190:part0:3.4 available at C:/Xilinx/2025.1/data/xhub/boards\XilinxBoardStore\boards\Xilinx\vck190\production\3.4\board.xml as part xcvc1902-vsva2197-2mp-e-s specified in board_part file is either invalid or not available
WARNING: [Board 49-26] cannot add Board Part xilinx.com:vck190_newl:part0:1.0 available at C:/Xilinx/2025.1/data/xhub/boards\XilinxBoardStore\boards\Xilinx\vck190_newl\production\1.0\board.xml as part xcvc1902-vsva2197-2mp-e-s specified in board_part file is either invalid or not available
WARNING: [Board 49-26] cannot add Board Part xilinx.com:vck190_newl:part0:1.1 available at C:/Xilinx/2025.1/data/xhub/boards\XilinxBoardStore\boards\Xilinx\vck190_newl\production\1.1\board.xml as part xcvc1902-vsva2197-2mp-e-s specified in board_part file is either invalid or not available
WARNING: [Board 49-26] cannot add Board Part xilinx.com:vck190_newl:part0:1.2 available at C:/Xilinx/2025.1/data/xhub/boards\XilinxBoardStore\boards\Xilinx\vck190_newl\production\1.2\board.xml as part xcvc1902-vsva2197-2mp-e-s specified in board_part file is either invalid or not available
WARNING: [Board 49-26] cannot add Board Part xilinx.com:vck190_newl:part0:1.3 available at C:/Xilinx/2025.1/data/xhub/boards\XilinxBoardStore\boards\Xilinx\vck190_newl\production\1.3\board.xml as part xcvc1902-vsva2197-2mp-e-s specified in board_part file is either invalid or not available
WARNING: [Board 49-26] cannot add Board Part xilinx.com:vcu108:part0:1.6 available at C:/Xilinx/2025.1/data/xhub/boards\XilinxBoardStore\boards\Xilinx\vcu108\1.6\board.xml as part xcvu095-ffva2104-2-e specified in board_part file is either invalid or not available
WARNING: [Board 49-26] cannot add Board Part xilinx.com:vcu108:part0:1.7 available at C:/Xilinx/2025.1/data/xhub/boards\XilinxBoardStore\boards\Xilinx\vcu108\1.7\board.xml as part xcvu095-ffva2104-2-e specified in board_part file is either invalid or not available
WARNING: [Board 49-26] cannot add Board Part xilinx.com:vcu110:part0:1.4 available at C:/Xilinx/2025.1/data/xhub/boards\XilinxBoardStore\boards\Xilinx\vcu110\1.4\board.xml as part xcvu190-flgc2104-2-e specified in board_part file is either invalid or not available
WARNING: [Board 49-26] cannot add Board Part xilinx.com:vcu118:part0:2.0 available at C:/Xilinx/2025.1/data/xhub/boards\XilinxBoardStore\boards\Xilinx\vcu118\2.0\board.xml as part xcvu9p-flga2104-2l-e specified in board_part file is either invalid or not available
WARNING: [Board 49-26] cannot add Board Part xilinx.com:vcu118:part0:2.3 available at C:/Xilinx/2025.1/data/xhub/boards\XilinxBoardStore\boards\Xilinx\vcu118\2.3\board.xml as part xcvu9p-flga2104-2l-e specified in board_part file is either invalid or not available
WARNING: [Board 49-26] cannot add Board Part xilinx.com:vcu118:part0:2.4 available at C:/Xilinx/2025.1/data/xhub/boards\XilinxBoardStore\boards\Xilinx\vcu118\2.4\board.xml as part xcvu9p-flga2104-2l-e specified in board_part file is either invalid or not available
WARNING: [Board 49-26] cannot add Board Part xilinx.com:vcu128:part0:1.0 available at C:/Xilinx/2025.1/data/xhub/boards\XilinxBoardStore\boards\Xilinx\vcu128\production\1.0\board.xml as part xcvu37p-fsvh2892-2l-e specified in board_part file is either invalid or not available
WARNING: [Board 49-26] cannot add Board Part xilinx.com:vcu129:part0:1.0 available at C:/Xilinx/2025.1/data/xhub/boards\XilinxBoardStore\boards\Xilinx\vcu129\production\1.0\board.xml as part xcvu29p-fsga2577-2l-e specified in board_part file is either invalid or not available
WARNING: [Board 49-26] cannot add Board Part xilinx.com:vcu1525:part0:1.3 available at C:/Xilinx/2025.1/data/xhub/boards\XilinxBoardStore\boards\Xilinx\vcu1525\1.3\board.xml as part xcvu9p-fsgd2104-2l-e specified in board_part file is either invalid or not available
WARNING: [Board 49-26] cannot add Board Part xilinx.com:vek280:part0:1.0 available at C:/Xilinx/2025.1/data/xhub/boards\XilinxBoardStore\boards\Xilinx\vek280\production\1.0\board.xml as part xcve2802-vsvh1760-2mp-e-s specified in board_part file is either invalid or not available
WARNING: [Board 49-26] cannot add Board Part xilinx.com:vek280:part0:1.1 available at C:/Xilinx/2025.1/data/xhub/boards\XilinxBoardStore\boards\Xilinx\vek280\production\1.1\board.xml as part xcve2802-vsvh1760-2mp-e-s specified in board_part file is either invalid or not available
WARNING: [Board 49-26] cannot add Board Part xilinx.com:vek280:part0:1.2 available at C:/Xilinx/2025.1/data/xhub/boards\XilinxBoardStore\boards\Xilinx\vek280\production\1.2\board.xml as part xcve2802-vsvh1760-2mp-e-s specified in board_part file is either invalid or not available
WARNING: [Board 49-26] cannot add Board Part xilinx.com:vek385:part0:1.0 available at C:/Xilinx/2025.1/data/xhub/boards\XilinxBoardStore\boards\Xilinx\vek385\1.0\board.xml as part xc2ve3858-ssva2112-2mp-e-s specified in board_part file is either invalid or not available
WARNING: [Board 49-26] cannot add Board Part xilinx.com:vhk158:part0:1.0 available at C:/Xilinx/2025.1/data/xhub/boards\XilinxBoardStore\boards\Xilinx\vhk158\production\1.0\board.xml as part xcvh1582-vsva3697-2mp-e-s specified in board_part file is either invalid or not available
WARNING: [Board 49-26] cannot add Board Part xilinx.com:vhk158:part0:1.1 available at C:/Xilinx/2025.1/data/xhub/boards\XilinxBoardStore\boards\Xilinx\vhk158\production\1.1\board.xml as part xcvh1582-vsva3697-2mp-e-s specified in board_part file is either invalid or not available
WARNING: [Board 49-26] cannot add Board Part xilinx.com:vhk158:part0:1.2 available at C:/Xilinx/2025.1/data/xhub/boards\XilinxBoardStore\boards\Xilinx\vhk158\production\1.2\board.xml as part xcvh1582-vsva3697-2mp-e-s specified in board_part file is either invalid or not available
WARNING: [Board 49-26] cannot add Board Part xilinx.com:vmk180:part0:2.2 available at C:/Xilinx/2025.1/data/xhub/boards\XilinxBoardStore\boards\Xilinx\vmk180\production\2.2\board.xml as part xcvm1802-vsva2197-2mp-e-s specified in board_part file is either invalid or not available
WARNING: [Board 49-26] cannot add Board Part xilinx.com:vmk180:part0:3.0 available at C:/Xilinx/2025.1/data/xhub/boards\XilinxBoardStore\boards\Xilinx\vmk180\production\3.0\board.xml as part xcvm1802-vsva2197-2mp-e-s specified in board_part file is either invalid or not available
WARNING: [Board 49-26] cannot add Board Part xilinx.com:vmk180:part0:3.1 available at C:/Xilinx/2025.1/data/xhub/boards\XilinxBoardStore\boards\Xilinx\vmk180\production\3.1\board.xml as part xcvm1802-vsva2197-2mp-e-s specified in board_part file is either invalid or not available
WARNING: [Board 49-26] cannot add Board Part xilinx.com:vmk180:part0:3.2 available at C:/Xilinx/2025.1/data/xhub/boards\XilinxBoardStore\boards\Xilinx\vmk180\production\3.2\board.xml as part xcvm1802-vsva2197-2mp-e-s specified in board_part file is either invalid or not available
WARNING: [Board 49-26] cannot add Board Part xilinx.com:vmk180:part0:3.3 available at C:/Xilinx/2025.1/data/xhub/boards\XilinxBoardStore\boards\Xilinx\vmk180\production\3.3\board.xml as part xcvm1802-vsva2197-2mp-e-s specified in board_part file is either invalid or not available
WARNING: [Board 49-26] cannot add Board Part xilinx.com:vmk180_newl:part0:1.0 available at C:/Xilinx/2025.1/data/xhub/boards\XilinxBoardStore\boards\Xilinx\vmk180_newl\production\1.0\board.xml as part xcvm1802-vsva2197-2mp-e-s specified in board_part file is either invalid or not available
WARNING: [Board 49-26] cannot add Board Part xilinx.com:vmk180_newl:part0:1.1 available at C:/Xilinx/2025.1/data/xhub/boards\XilinxBoardStore\boards\Xilinx\vmk180_newl\production\1.1\board.xml as part xcvm1802-vsva2197-2mp-e-s specified in board_part file is either invalid or not available
WARNING: [Board 49-26] cannot add Board Part xilinx.com:vpk120:part0:1.0 available at C:/Xilinx/2025.1/data/xhub/boards\XilinxBoardStore\boards\Xilinx\vpk120\production\1.0\board.xml as part xcvp1202-vsva2785-2mp-e-s specified in board_part file is either invalid or not available
WARNING: [Board 49-26] cannot add Board Part xilinx.com:vpk120:part0:1.1 available at C:/Xilinx/2025.1/data/xhub/boards\XilinxBoardStore\boards\Xilinx\vpk120\production\1.1\board.xml as part xcvp1202-vsva2785-2mp-e-s specified in board_part file is either invalid or not available
WARNING: [Board 49-26] cannot add Board Part xilinx.com:vpk120:part0:1.2 available at C:/Xilinx/2025.1/data/xhub/boards\XilinxBoardStore\boards\Xilinx\vpk120\production\1.2\board.xml as part xcvp1202-vsva2785-2mp-e-s specified in board_part file is either invalid or not available
WARNING: [Board 49-26] cannot add Board Part xilinx.com:vpk180:part0:1.0 available at C:/Xilinx/2025.1/data/xhub/boards\XilinxBoardStore\boards\Xilinx\vpk180\production\1.0\board.xml as part xcvp1802-lsvc4072-2mp-e-s specified in board_part file is either invalid or not available
WARNING: [Board 49-26] cannot add Board Part xilinx.com:vpk180:part0:1.1 available at C:/Xilinx/2025.1/data/xhub/boards\XilinxBoardStore\boards\Xilinx\vpk180\production\1.1\board.xml as part xcvp1802-lsvc4072-2mp-e-s specified in board_part file is either invalid or not available
WARNING: [Board 49-26] cannot add Board Part xilinx.com:vpk180:part0:1.2 available at C:/Xilinx/2025.1/data/xhub/boards\XilinxBoardStore\boards\Xilinx\vpk180\production\1.2\board.xml as part xcvp1802-lsvc4072-2mp-e-s specified in board_part file is either invalid or not available
WARNING: [Board 49-26] cannot add Board Part xilinx.com:zcu208ld:part0:2.0 available at C:/Xilinx/2025.1/data/xhub/boards\XilinxBoardStore\boards\Xilinx\zcu208ld\production\2.0\board.xml as part xczu58dr-fsvg1517-2-i specified in board_part file is either invalid or not available
INFO: [Common 17-14] Message 'Board 49-26' appears 100 times and further instances of the messages will be disabled. Use the Tcl command set_msg_config to change the current settings.
WARNING: [Project 1-5713] Board part '' set for the project  is not found. BoardPart property will be unset. Please select board from latest repo build 
INFO: [IP_Flow 19-234] Refreshing IP repositories
INFO: [IP_Flow 19-1704] No user IP repositories specified
INFO: [IP_Flow 19-2313] Loaded Vivado IP repository 'C:/Xilinx/2025.1/Vivado/data/ip'.
update_compile_order -fileset sources_1
launch_simulation
Command: launch_simulation 
INFO: [Vivado 12-12493] Simulation top is 'system_tb'
INFO: [Vivado 12-5682] Launching behavioral simulation in 'C:/Users/Mateusz Kozlowski/Documents/zampf/ZAMFP/ZAMFP.sim/sim_1/behav/xsim'
INFO: [SIM-utils-51] Simulation object is 'sim_1'
INFO: [SIM-utils-72] Using boost library from 'C:/Xilinx/2025.1/Vivado/tps/boost_1_72_0'
INFO: [SIM-utils-54] Inspecting design source files for 'system_tb' in fileset 'sim_1'...
INFO: [USF-XSim-97] Finding global include files...
INFO: [USF-XSim-98] Fetching design files from 'sim_1'...
INFO: [USF-XSim-2] XSim::Compile design
INFO: [USF-XSim-61] Executing 'COMPILE and ANALYZE' step in 'C:/Users/Mateusz Kozlowski/Documents/zampf/ZAMFP/ZAMFP.sim/sim_1/behav/xsim'
"xvhdl --incr --relax -prj system_tb_vhdl.prj"
INFO: [VRFC 10-163] Analyzing VHDL file "C:/Users/Mateusz Kozlowski/Documents/zampf/ZAMFP/ZAMFP.srcs/system/new/system_tb.vhd" into library xil_defaultlib
INFO: [VRFC 10-3107] analyzing entity 'system_tb'
INFO: [USF-XSim-69] 'compile' step finished in '1' seconds
INFO: [USF-XSim-3] XSim::Elaborate design
INFO: [USF-XSim-61] Executing 'ELABORATE' step in 'C:/Users/Mateusz Kozlowski/Documents/zampf/ZAMFP/ZAMFP.sim/sim_1/behav/xsim'
"xelab --incr --debug typical --relax --mt 2 -L xil_defaultlib -L secureip --snapshot system_tb_behav xil_defaultlib.system_tb -log elaborate.log"
Vivado Simulator v2025.1.0
Copyright 1986-2022 Xilinx, Inc. All Rights Reserved.
Copyright 2022-2025 Advanced Micro Devices, Inc. All Rights Reserved.
Running: C:/Xilinx/2025.1/Vivado/bin/unwrapped/win64.o/xelab.exe --incr --debug typical --relax --mt 2 -L xil_defaultlib -L secureip --snapshot system_tb_behav xil_defaultlib.system_tb -log elaborate.log 
Using 2 slave threads.
Starting static elaboration
WARNING: [VRFC 10-3813] value in initialization depends on signal 'bit_ticks' [C:/Users/Mateusz Kozlowski/Documents/zampf/ZAMFP/ZAMFP.srcs/sources_1/new/uart.vhd:48]
WARNING: [VRFC 10-3813] value in initialization depends on signal 'bit_ticks' [C:/Users/Mateusz Kozlowski/Documents/zampf/ZAMFP/ZAMFP.srcs/sources_1/new/uart.vhd:57]
WARNING: [VRFC 10-3813] value in initialization depends on signal 'bit_ticks' [C:/Users/Mateusz Kozlowski/Documents/zampf/ZAMFP/ZAMFP.srcs/sources_1/new/uart.vhd:48]
WARNING: [VRFC 10-3813] value in initialization depends on signal 'bit_ticks' [C:/Users/Mateusz Kozlowski/Documents/zampf/ZAMFP/ZAMFP.srcs/sources_1/new/uart.vhd:57]
Completed static elaboration
Starting simulation data flow analysis
Completed simulation data flow analysis
Time Resolution for simulation is 1ps
Compiling package std.standard
Compiling package std.textio
Compiling package ieee.std_logic_1164
Compiling package ieee.std_logic_textio
Compiling package ieee.numeric_std
Compiling architecture behavioral of entity xil_defaultlib.ram [ram_default]
Compiling architecture rtl of entity xil_defaultlib.uart [uart_default]
Compiling architecture behavioral of entity xil_defaultlib.uart_ram_ctrl [uart_ram_ctrl_default]
Compiling architecture rtl of entity xil_defaultlib.system_rtl [system_rtl_default]
Compiling architecture rtl of entity xil_defaultlib.uart [\uart(clock_frequency=100000000)...]
Compiling architecture sim of entity xil_defaultlib.system_tb
Built simulation snapshot system_tb_behav
INFO: [USF-XSim-69] 'elaborate' step finished in '1' seconds
INFO: [USF-XSim-4] XSim::Simulate design
INFO: [USF-XSim-61] Executing 'SIMULATE' step in 'C:/Users/Mateusz Kozlowski/Documents/zampf/ZAMFP/ZAMFP.sim/sim_1/behav/xsim'
INFO: [USF-XSim-98] *** Running xsim
   with args "system_tb_behav -key {Behavioral:sim_1:Functional:system_tb} -tclbatch {system_tb.tcl} -log {simulate.log}"
INFO: [USF-XSim-8] Loading simulator feature
Time resolution is 1 ps
source system_tb.tcl
# set curr_wave [current_wave_config]
# if { [string length $curr_wave] == 0 } {
#   if { [llength [get_objects]] > 0} {
#     add_wave /
#     set_property needs_save false [current_wave_config]
#   } else {
#      send_msg_id Add_Wave-1 WARNING "No top level signals found. Simulator will start without a wave window. If you want to open a wave window go to 'File->New Waveform Configuration' or type 'create_wave_config' in the TCL console."
#   }
# }
# run 1000ns
INFO: [USF-XSim-96] XSim completed. Design snapshot 'system_tb_behav' loaded.
INFO: [USF-XSim-97] XSim simulation ran for 1000ns
run all



run 10 us
current_wave_config {Untitled 1}
Untitled 1
add_wave {{/system_tb/uart_monitor/ab_state}} 
current_wave_config {Untitled 1}
Untitled 1
add_wave {{/system_tb/uart_monitor/ab_cnt}} 
current_wave_config {Untitled 1}
Untitled 1
add_wave {{/system_tb/uart_monitor/BIT_TICKS}} 
close_sim
INFO: [Simtcl 6-16] Simulation closed
launch_simulation
Command: launch_simulation 
INFO: [Vivado 12-12493] Simulation top is 'system_tb'
INFO: [Vivado 12-5682] Launching behavioral simulation in 'C:/Users/Mateusz Kozlowski/Documents/zampf/ZAMFP/ZAMFP.sim/sim_1/behav/xsim'
INFO: [SIM-utils-51] Simulation object is 'sim_1'
INFO: [SIM-utils-72] Using boost library from 'C:/Xilinx/2025.1/Vivado/tps/boost_1_72_0'
INFO: [SIM-utils-54] Inspecting design source files for 'system_tb' in fileset 'sim_1'...
INFO: [USF-XSim-97] Finding global include files...
INFO: [USF-XSim-98] Fetching design files from 'sim_1'...
INFO: [USF-XSim-2] XSim::Compile design
INFO: [USF-XSim-61] Executing 'COMPILE and ANALYZE' step in 'C:/Users/Mateusz Kozlowski/Documents/zampf/ZAMFP/ZAMFP.sim/sim_1/behav/xsim'
"xvhdl --incr --relax -prj system_tb_vhdl.prj"
INFO: [USF-XSim-69] 'compile' step finished in '1' seconds
INFO: [USF-XSim-3] XSim::Elaborate design
INFO: [USF-XSim-61] Executing 'ELABORATE' step in 'C:/Users/Mateusz Kozlowski/Documents/zampf/ZAMFP/ZAMFP.sim/sim_1/behav/xsim'
"xelab --incr --debug typical --relax --mt 2 -L xil_defaultlib -L secureip --snapshot system_tb_behav xil_defaultlib.system_tb -log elaborate.log"
Vivado Simulator v2025.1.0
Copyright 1986-2022 Xilinx, Inc. All Rights Reserved.
Copyright 2022-2025 Advanced Micro Devices, Inc. All Rights Reserved.
Running: C:/Xilinx/2025.1/Vivado/bin/unwrapped/win64.o/xelab.exe --incr --debug typical --relax --mt 2 -L xil_defaultlib -L secureip --snapshot system_tb_behav xil_defaultlib.system_tb -log elaborate.log 
Using 2 slave threads.
Starting static elaboration
WARNING: [VRFC 10-3813] value in initialization depends on signal 'bit_ticks' [C:/Users/Mateusz Kozlowski/Documents/zampf/ZAMFP/ZAMFP.srcs/sources_1/new/uart.vhd:48]
WARNING: [VRFC 10-3813] value in initialization depends on signal 'bit_ticks' [C:/Users/Mateusz Kozlowski/Documents/zampf/ZAMFP/ZAMFP.srcs/sources_1/new/uart.vhd:57]
WARNING: [VRFC 10-3813] value in initialization depends on signal 'bit_ticks' [C:/Users/Mateusz Kozlowski/Documents/zampf/ZAMFP/ZAMFP.srcs/sources_1/new/uart.vhd:48]
WARNING: [VRFC 10-3813] value in initialization depends on signal 'bit_ticks' [C:/Users/Mateusz Kozlowski/Documents/zampf/ZAMFP/ZAMFP.srcs/sources_1/new/uart.vhd:57]
Completed static elaboration
INFO: [XSIM 43-4323] No Change in HDL. Linking previously generated obj files to create kernel
INFO: [USF-XSim-69] 'elaborate' step finished in '1' seconds
INFO: [USF-XSim-4] XSim::Simulate design
INFO: [USF-XSim-61] Executing 'SIMULATE' step in 'C:/Users/Mateusz Kozlowski/Documents/zampf/ZAMFP/ZAMFP.sim/sim_1/behav/xsim'
INFO: [USF-XSim-98] *** Running xsim
   with args "system_tb_behav -key {Behavioral:sim_1:Functional:system_tb} -tclbatch {system_tb.tcl} -log {simulate.log}"
INFO: [USF-XSim-8] Loading simulator feature
Time resolution is 1 ps
source system_tb.tcl
# set curr_wave [current_wave_config]
# if { [string length $curr_wave] == 0 } {
#   if { [llength [get_objects]] > 0} {
#     add_wave /
#     set_property needs_save false [current_wave_config]
#   } else {
#      send_msg_id Add_Wave-1 WARNING "No top level signals found. Simulator will start without a wave window. If you want to open a wave window go to 'File->New Waveform Configuration' or type 'create_wave_config' in the TCL console."
#   }
# }
# run 1000ns
INFO: [USF-XSim-96] XSim completed. Design snapshot 'system_tb_behav' loaded.
INFO: [USF-XSim-97] XSim simulation ran for 1000ns
WARNING: [filemgmt 56-199] Attempt to get parsing info during refresh. "On-the-fly" syntax checking information may be incorrect. [C:\Users\Mateusz Kozlowski\Documents\zampf\ZAMFP\ZAMFP.srcs\sources_1\new\uart.vhd:]
WARNING: [filemgmt 56-199] Attempt to get parsing info during refresh. "On-the-fly" syntax checking information may be incorrect. [C:\Users\Mateusz Kozlowski\Documents\zampf\ZAMFP\ZAMFP.srcs\system\new\system_tb.vhd:]
WARNING: [filemgmt 56-199] Attempt to get parsing info during refresh. "On-the-fly" syntax checking information may be incorrect. [C:\Users\Mateusz Kozlowski\Documents\zampf\ZAMFP\ZAMFP.srcs\sources_1\new\uart.vhd:]
WARNING: [filemgmt 56-199] Attempt to get parsing info during refresh. "On-the-fly" syntax checking information may be incorrect. [C:\Users\Mateusz Kozlowski\Documents\zampf\ZAMFP\ZAMFP.srcs\sources_1\new\uart.vhd:]
ERROR: [Common 17-180] Spawn failed: Operacja ukonczona pomyslnie.

current_wave_config {Untitled 2}
Untitled 2
add_wave {{/system_tb/dut/uart_i/BIT_TICKS}} 
current_wave_config {Untitled 2}
Untitled 2
add_wave {{/system_tb/dut/uart_i/ab_cnt}} 
relaunch_sim
Command: launch_simulation -step compile -simset sim_1 -mode behavioral
INFO: [Vivado 12-12493] Simulation top is 'system_tb'
INFO: [Vivado 12-5682] Launching behavioral simulation in 'C:/Users/Mateusz Kozlowski/Documents/zampf/ZAMFP/ZAMFP.sim/sim_1/behav/xsim'
INFO: [SIM-utils-51] Simulation object is 'sim_1'
INFO: [SIM-utils-72] Using boost library from 'C:/Xilinx/2025.1/Vivado/tps/boost_1_72_0'
INFO: [SIM-utils-54] Inspecting design source files for 'system_tb' in fileset 'sim_1'...
INFO: [USF-XSim-97] Finding global include files...
INFO: [USF-XSim-98] Fetching design files from 'sim_1'...
INFO: [USF-XSim-2] XSim::Compile design
INFO: [USF-XSim-61] Executing 'COMPILE and ANALYZE' step in 'C:/Users/Mateusz Kozlowski/Documents/zampf/ZAMFP/ZAMFP.sim/sim_1/behav/xsim'
"xvhdl --incr --relax -prj system_tb_vhdl.prj"
INFO: [VRFC 10-163] Analyzing VHDL file "C:/Users/Mateusz Kozlowski/Documents/zampf/ZAMFP/ZAMFP.srcs/sources_1/new/uart.vhd" into library xil_defaultlib
INFO: [VRFC 10-3107] analyzing entity 'uart'
WARNING: [VRFC 10-9374] signal 'bit_ticks' is used in a subtype-indication or type-definition [C:/Users/Mateusz Kozlowski/Documents/zampf/ZAMFP/ZAMFP.srcs/sources_1/new/uart.vhd:48]
WARNING: [VRFC 10-9374] signal 'bit_ticks' is used in a subtype-indication or type-definition [C:/Users/Mateusz Kozlowski/Documents/zampf/ZAMFP/ZAMFP.srcs/sources_1/new/uart.vhd:57]
INFO: [VRFC 10-163] Analyzing VHDL file "C:/Users/Mateusz Kozlowski/Documents/zampf/ZAMFP/ZAMFP.srcs/sources_1/new/top.vhd" into library xil_defaultlib
INFO: [VRFC 10-3107] analyzing entity 'system_rtl'
INFO: [VRFC 10-163] Analyzing VHDL file "C:/Users/Mateusz Kozlowski/Documents/zampf/ZAMFP/ZAMFP.srcs/system/new/system_tb.vhd" into library xil_defaultlib
INFO: [VRFC 10-3107] analyzing entity 'system_tb'
INFO: [USF-XSim-69] 'compile' step finished in '1' seconds
Command: launch_simulation -step elaborate -simset sim_1 -mode behavioral
INFO: [Vivado 12-12493] Simulation top is 'system_tb'
INFO: [Vivado 12-5682] Launching behavioral simulation in 'C:/Users/Mateusz Kozlowski/Documents/zampf/ZAMFP/ZAMFP.sim/sim_1/behav/xsim'
INFO: [SIM-utils-51] Simulation object is 'sim_1'
INFO: [USF-XSim-3] XSim::Elaborate design
INFO: [USF-XSim-61] Executing 'ELABORATE' step in 'C:/Users/Mateusz Kozlowski/Documents/zampf/ZAMFP/ZAMFP.sim/sim_1/behav/xsim'
"xelab --incr --debug typical --relax --mt 2 -L xil_defaultlib -L secureip --snapshot system_tb_behav xil_defaultlib.system_tb -log elaborate.log"
Vivado Simulator v2025.1.0
Copyright 1986-2022 Xilinx, Inc. All Rights Reserved.
Copyright 2022-2025 Advanced Micro Devices, Inc. All Rights Reserved.
Running: C:/Xilinx/2025.1/Vivado/bin/unwrapped/win64.o/xelab.exe --incr --debug typical --relax --mt 2 -L xil_defaultlib -L secureip --snapshot system_tb_behav xil_defaultlib.system_tb -log elaborate.log 
Using 2 slave threads.
Starting static elaboration
WARNING: [VRFC 10-3813] value in initialization depends on signal 'bit_ticks' [C:/Users/Mateusz Kozlowski/Documents/zampf/ZAMFP/ZAMFP.srcs/sources_1/new/uart.vhd:48]
WARNING: [VRFC 10-3813] value in initialization depends on signal 'bit_ticks' [C:/Users/Mateusz Kozlowski/Documents/zampf/ZAMFP/ZAMFP.srcs/sources_1/new/uart.vhd:57]
WARNING: [VRFC 10-3813] value in initialization depends on signal 'bit_ticks' [C:/Users/Mateusz Kozlowski/Documents/zampf/ZAMFP/ZAMFP.srcs/sources_1/new/uart.vhd:48]
WARNING: [VRFC 10-3813] value in initialization depends on signal 'bit_ticks' [C:/Users/Mateusz Kozlowski/Documents/zampf/ZAMFP/ZAMFP.srcs/sources_1/new/uart.vhd:57]
Completed static elaboration
Starting simulation data flow analysis
Completed simulation data flow analysis
Time Resolution for simulation is 1ps
Compiling package std.standard
Compiling package std.textio
Compiling package ieee.std_logic_1164
Compiling package ieee.std_logic_textio
Compiling package ieee.numeric_std
Compiling architecture behavioral of entity xil_defaultlib.ram [ram_default]
Compiling architecture rtl of entity xil_defaultlib.uart [\uart(clock_frequency=50000000)\]
Compiling architecture behavioral of entity xil_defaultlib.uart_ram_ctrl [uart_ram_ctrl_default]
Compiling architecture rtl of entity xil_defaultlib.system_rtl [system_rtl_default]
Compiling architecture rtl of entity xil_defaultlib.uart [uart_default]
Compiling architecture sim of entity xil_defaultlib.system_tb
Built simulation snapshot system_tb_behav
INFO: [USF-XSim-69] 'elaborate' step finished in '1' seconds
Time resolution is 1 ps
current_wave_config {Untitled 2}
Untitled 2
add_wave {{/system_tb/dut/uart_i/ab_state}} 
relaunch_sim
Command: launch_simulation -step compile -simset sim_1 -mode behavioral
INFO: [Vivado 12-12493] Simulation top is 'system_tb'
INFO: [Vivado 12-5682] Launching behavioral simulation in 'C:/Users/Mateusz Kozlowski/Documents/zampf/ZAMFP/ZAMFP.sim/sim_1/behav/xsim'
INFO: [SIM-utils-51] Simulation object is 'sim_1'
INFO: [USF-XSim-2] XSim::Compile design
INFO: [USF-XSim-61] Executing 'COMPILE and ANALYZE' step in 'C:/Users/Mateusz Kozlowski/Documents/zampf/ZAMFP/ZAMFP.sim/sim_1/behav/xsim'
"xvhdl --incr --relax -prj system_tb_vhdl.prj"
INFO: [USF-XSim-69] 'compile' step finished in '1' seconds
Command: launch_simulation -step elaborate -simset sim_1 -mode behavioral
INFO: [Vivado 12-12493] Simulation top is 'system_tb'
INFO: [Vivado 12-5682] Launching behavioral simulation in 'C:/Users/Mateusz Kozlowski/Documents/zampf/ZAMFP/ZAMFP.sim/sim_1/behav/xsim'
INFO: [SIM-utils-51] Simulation object is 'sim_1'
INFO: [USF-XSim-3] XSim::Elaborate design
INFO: [USF-XSim-61] Executing 'ELABORATE' step in 'C:/Users/Mateusz Kozlowski/Documents/zampf/ZAMFP/ZAMFP.sim/sim_1/behav/xsim'
"xelab --incr --debug typical --relax --mt 2 -L xil_defaultlib -L secureip --snapshot system_tb_behav xil_defaultlib.system_tb -log elaborate.log"
Vivado Simulator v2025.1.0
Copyright 1986-2022 Xilinx, Inc. All Rights Reserved.
Copyright 2022-2025 Advanced Micro Devices, Inc. All Rights Reserved.
Running: C:/Xilinx/2025.1/Vivado/bin/unwrapped/win64.o/xelab.exe --incr --debug typical --relax --mt 2 -L xil_defaultlib -L secureip --snapshot system_tb_behav xil_defaultlib.system_tb -log elaborate.log 
Using 2 slave threads.
Starting static elaboration
WARNING: [VRFC 10-3813] value in initialization depends on signal 'bit_ticks' [C:/Users/Mateusz Kozlowski/Documents/zampf/ZAMFP/ZAMFP.srcs/sources_1/new/uart.vhd:48]
WARNING: [VRFC 10-3813] value in initialization depends on signal 'bit_ticks' [C:/Users/Mateusz Kozlowski/Documents/zampf/ZAMFP/ZAMFP.srcs/sources_1/new/uart.vhd:57]
WARNING: [VRFC 10-3813] value in initialization depends on signal 'bit_ticks' [C:/Users/Mateusz Kozlowski/Documents/zampf/ZAMFP/ZAMFP.srcs/sources_1/new/uart.vhd:48]
WARNING: [VRFC 10-3813] value in initialization depends on signal 'bit_ticks' [C:/Users/Mateusz Kozlowski/Documents/zampf/ZAMFP/ZAMFP.srcs/sources_1/new/uart.vhd:57]
Completed static elaboration
INFO: [XSIM 43-4323] No Change in HDL. Linking previously generated obj files to create kernel
INFO: [USF-XSim-69] 'elaborate' step finished in '1' seconds
Time resolution is 1 ps
run 10 us
run 10 us
run 10 us
run 10 us
run 10 us
run 10 us
run 10 us
run 10 us
run 10 us
run 10 us
run 10 us
run 10 us
run 10 us
run 10 us
run 10 us
run 10 us
run 10 us
run 10 us
run 10 us
run 10 us
run 10 us
run 10 us
run 10 us
run 10 us
run 10 us
run 10 us
run 10 us
run 10 ms



current_wave_config {Untitled 2}
Untitled 2
add_wave {{/system_tb/dut/uart_i/rx_state}} 
relaunch_sim
Command: launch_simulation -step compile -simset sim_1 -mode behavioral
INFO: [Vivado 12-12493] Simulation top is 'system_tb'
INFO: [Vivado 12-5682] Launching behavioral simulation in 'C:/Users/Mateusz Kozlowski/Documents/zampf/ZAMFP/ZAMFP.sim/sim_1/behav/xsim'
INFO: [SIM-utils-51] Simulation object is 'sim_1'
INFO: [USF-XSim-2] XSim::Compile design
INFO: [USF-XSim-61] Executing 'COMPILE and ANALYZE' step in 'C:/Users/Mateusz Kozlowski/Documents/zampf/ZAMFP/ZAMFP.sim/sim_1/behav/xsim'
"xvhdl --incr --relax -prj system_tb_vhdl.prj"
INFO: [USF-XSim-69] 'compile' step finished in '1' seconds
Command: launch_simulation -step elaborate -simset sim_1 -mode behavioral
INFO: [Vivado 12-12493] Simulation top is 'system_tb'
INFO: [Vivado 12-5682] Launching behavioral simulation in 'C:/Users/Mateusz Kozlowski/Documents/zampf/ZAMFP/ZAMFP.sim/sim_1/behav/xsim'
INFO: [SIM-utils-51] Simulation object is 'sim_1'
INFO: [USF-XSim-3] XSim::Elaborate design
INFO: [USF-XSim-61] Executing 'ELABORATE' step in 'C:/Users/Mateusz Kozlowski/Documents/zampf/ZAMFP/ZAMFP.sim/sim_1/behav/xsim'
"xelab --incr --debug typical --relax --mt 2 -L xil_defaultlib -L secureip --snapshot system_tb_behav xil_defaultlib.system_tb -log elaborate.log"
Vivado Simulator v2025.1.0
Copyright 1986-2022 Xilinx, Inc. All Rights Reserved.
Copyright 2022-2025 Advanced Micro Devices, Inc. All Rights Reserved.
Running: C:/Xilinx/2025.1/Vivado/bin/unwrapped/win64.o/xelab.exe --incr --debug typical --relax --mt 2 -L xil_defaultlib -L secureip --snapshot system_tb_behav xil_defaultlib.system_tb -log elaborate.log 
Using 2 slave threads.
Starting static elaboration
WARNING: [VRFC 10-3813] value in initialization depends on signal 'bit_ticks' [C:/Users/Mateusz Kozlowski/Documents/zampf/ZAMFP/ZAMFP.srcs/sources_1/new/uart.vhd:48]
WARNING: [VRFC 10-3813] value in initialization depends on signal 'bit_ticks' [C:/Users/Mateusz Kozlowski/Documents/zampf/ZAMFP/ZAMFP.srcs/sources_1/new/uart.vhd:57]
WARNING: [VRFC 10-3813] value in initialization depends on signal 'bit_ticks' [C:/Users/Mateusz Kozlowski/Documents/zampf/ZAMFP/ZAMFP.srcs/sources_1/new/uart.vhd:48]
WARNING: [VRFC 10-3813] value in initialization depends on signal 'bit_ticks' [C:/Users/Mateusz Kozlowski/Documents/zampf/ZAMFP/ZAMFP.srcs/sources_1/new/uart.vhd:57]
Completed static elaboration
INFO: [XSIM 43-4323] No Change in HDL. Linking previously generated obj files to create kernel
INFO: [USF-XSim-69] 'elaborate' step finished in '1' seconds
Time resolution is 1 ps
run 10 ms



current_wave_config {Untitled 2}
Untitled 2
add_wave {{/system_tb/uart_monitor/tx_state}} 
relaunch_sim
Command: launch_simulation -step compile -simset sim_1 -mode behavioral
INFO: [Vivado 12-12493] Simulation top is 'system_tb'
INFO: [Vivado 12-5682] Launching behavioral simulation in 'C:/Users/Mateusz Kozlowski/Documents/zampf/ZAMFP/ZAMFP.sim/sim_1/behav/xsim'
INFO: [SIM-utils-51] Simulation object is 'sim_1'
INFO: [USF-XSim-2] XSim::Compile design
INFO: [USF-XSim-61] Executing 'COMPILE and ANALYZE' step in 'C:/Users/Mateusz Kozlowski/Documents/zampf/ZAMFP/ZAMFP.sim/sim_1/behav/xsim'
"xvhdl --incr --relax -prj system_tb_vhdl.prj"
INFO: [USF-XSim-69] 'compile' step finished in '1' seconds
Command: launch_simulation -step elaborate -simset sim_1 -mode behavioral
INFO: [Vivado 12-12493] Simulation top is 'system_tb'
INFO: [Vivado 12-5682] Launching behavioral simulation in 'C:/Users/Mateusz Kozlowski/Documents/zampf/ZAMFP/ZAMFP.sim/sim_1/behav/xsim'
INFO: [SIM-utils-51] Simulation object is 'sim_1'
INFO: [USF-XSim-3] XSim::Elaborate design
INFO: [USF-XSim-61] Executing 'ELABORATE' step in 'C:/Users/Mateusz Kozlowski/Documents/zampf/ZAMFP/ZAMFP.sim/sim_1/behav/xsim'
"xelab --incr --debug typical --relax --mt 2 -L xil_defaultlib -L secureip --snapshot system_tb_behav xil_defaultlib.system_tb -log elaborate.log"
Vivado Simulator v2025.1.0
Copyright 1986-2022 Xilinx, Inc. All Rights Reserved.
Copyright 2022-2025 Advanced Micro Devices, Inc. All Rights Reserved.
Running: C:/Xilinx/2025.1/Vivado/bin/unwrapped/win64.o/xelab.exe --incr --debug typical --relax --mt 2 -L xil_defaultlib -L secureip --snapshot system_tb_behav xil_defaultlib.system_tb -log elaborate.log 
Using 2 slave threads.
Starting static elaboration
WARNING: [VRFC 10-3813] value in initialization depends on signal 'bit_ticks' [C:/Users/Mateusz Kozlowski/Documents/zampf/ZAMFP/ZAMFP.srcs/sources_1/new/uart.vhd:48]
WARNING: [VRFC 10-3813] value in initialization depends on signal 'bit_ticks' [C:/Users/Mateusz Kozlowski/Documents/zampf/ZAMFP/ZAMFP.srcs/sources_1/new/uart.vhd:57]
WARNING: [VRFC 10-3813] value in initialization depends on signal 'bit_ticks' [C:/Users/Mateusz Kozlowski/Documents/zampf/ZAMFP/ZAMFP.srcs/sources_1/new/uart.vhd:48]
WARNING: [VRFC 10-3813] value in initialization depends on signal 'bit_ticks' [C:/Users/Mateusz Kozlowski/Documents/zampf/ZAMFP/ZAMFP.srcs/sources_1/new/uart.vhd:57]
Completed static elaboration
INFO: [XSIM 43-4323] No Change in HDL. Linking previously generated obj files to create kernel
INFO: [USF-XSim-69] 'elaborate' step finished in '1' seconds
Time resolution is 1 ps
run 10 ms



run 10 ms
save_wave_config {C:/Users/Mateusz Kozlowski/Documents/zampf/ZAMFP/Docs/system_tb_behav.wcfg}
add_files -fileset sim_1 -norecurse {{C:/Users/Mateusz Kozlowski/Documents/zampf/ZAMFP/Docs/system_tb_behav.wcfg}}
set_property xsim.view {{C:/Users/Mateusz Kozlowski/Documents/zampf/ZAMFP/Docs/system_tb_behav.wcfg}} [get_filesets sim_1]
close_sim
INFO: [Simtcl 6-16] Simulation closed
launch_simulation
Command: launch_simulation 
INFO: [Vivado 12-12493] Simulation top is 'system_tb'
INFO: [Vivado 12-5682] Launching behavioral simulation in 'C:/Users/Mateusz Kozlowski/Documents/zampf/ZAMFP/ZAMFP.sim/sim_1/behav/xsim'
INFO: [SIM-utils-51] Simulation object is 'sim_1'
INFO: [SIM-utils-72] Using boost library from 'C:/Xilinx/2025.1/Vivado/tps/boost_1_72_0'
INFO: [SIM-utils-54] Inspecting design source files for 'system_tb' in fileset 'sim_1'...
INFO: [USF-XSim-97] Finding global include files...
INFO: [USF-XSim-98] Fetching design files from 'sim_1'...
INFO: [USF-XSim-2] XSim::Compile design
INFO: [USF-XSim-61] Executing 'COMPILE and ANALYZE' step in 'C:/Users/Mateusz Kozlowski/Documents/zampf/ZAMFP/ZAMFP.sim/sim_1/behav/xsim'
"xvhdl --incr --relax -prj system_tb_vhdl.prj"
INFO: [VRFC 10-163] Analyzing VHDL file "C:/Users/Mateusz Kozlowski/Documents/zampf/ZAMFP/ZAMFP.srcs/system/new/system_tb.vhd" into library xil_defaultlib
INFO: [VRFC 10-3107] analyzing entity 'system_tb'
INFO: [USF-XSim-69] 'compile' step finished in '1' seconds
INFO: [USF-XSim-3] XSim::Elaborate design
INFO: [USF-XSim-61] Executing 'ELABORATE' step in 'C:/Users/Mateusz Kozlowski/Documents/zampf/ZAMFP/ZAMFP.sim/sim_1/behav/xsim'
"xelab --incr --debug typical --relax --mt 2 -L xil_defaultlib -L secureip --snapshot system_tb_behav xil_defaultlib.system_tb -log elaborate.log"
Vivado Simulator v2025.1.0
Copyright 1986-2022 Xilinx, Inc. All Rights Reserved.
Copyright 2022-2025 Advanced Micro Devices, Inc. All Rights Reserved.
Running: C:/Xilinx/2025.1/Vivado/bin/unwrapped/win64.o/xelab.exe --incr --debug typical --relax --mt 2 -L xil_defaultlib -L secureip --snapshot system_tb_behav xil_defaultlib.system_tb -log elaborate.log 
Using 2 slave threads.
Starting static elaboration
WARNING: [VRFC 10-3813] value in initialization depends on signal 'bit_ticks' [C:/Users/Mateusz Kozlowski/Documents/zampf/ZAMFP/ZAMFP.srcs/sources_1/new/uart.vhd:48]
WARNING: [VRFC 10-3813] value in initialization depends on signal 'bit_ticks' [C:/Users/Mateusz Kozlowski/Documents/zampf/ZAMFP/ZAMFP.srcs/sources_1/new/uart.vhd:57]
WARNING: [VRFC 10-3813] value in initialization depends on signal 'bit_ticks' [C:/Users/Mateusz Kozlowski/Documents/zampf/ZAMFP/ZAMFP.srcs/sources_1/new/uart.vhd:48]
WARNING: [VRFC 10-3813] value in initialization depends on signal 'bit_ticks' [C:/Users/Mateusz Kozlowski/Documents/zampf/ZAMFP/ZAMFP.srcs/sources_1/new/uart.vhd:57]
Completed static elaboration
Starting simulation data flow analysis
Completed simulation data flow analysis
Time Resolution for simulation is 1ps
Compiling package std.standard
Compiling package std.textio
Compiling package ieee.std_logic_1164
Compiling package ieee.std_logic_textio
Compiling package ieee.numeric_std
Compiling architecture behavioral of entity xil_defaultlib.ram [ram_default]
Compiling architecture rtl of entity xil_defaultlib.uart [\uart(clock_frequency=50000000)\]
Compiling architecture behavioral of entity xil_defaultlib.uart_ram_ctrl [uart_ram_ctrl_default]
Compiling architecture rtl of entity xil_defaultlib.system_rtl [system_rtl_default]
Compiling architecture rtl of entity xil_defaultlib.uart [uart_default]
Compiling architecture sim of entity xil_defaultlib.system_tb
Built simulation snapshot system_tb_behav
INFO: [USF-XSim-69] 'elaborate' step finished in '1' seconds
INFO: [USF-XSim-4] XSim::Simulate design
INFO: [USF-XSim-61] Executing 'SIMULATE' step in 'C:/Users/Mateusz Kozlowski/Documents/zampf/ZAMFP/ZAMFP.sim/sim_1/behav/xsim'
INFO: [USF-XSim-98] *** Running xsim
   with args "system_tb_behav -key {Behavioral:sim_1:Functional:system_tb} -tclbatch {system_tb.tcl} -view {{C:/Users/Mateusz Kozlowski/Documents/zampf/ZAMFP/Docs/system_tb_behav.wcfg}} -log {simulate.log}"
INFO: [USF-XSim-8] Loading simulator feature
Time resolution is 1 ps
open_wave_config {C:/Users/Mateusz Kozlowski/Documents/zampf/ZAMFP/Docs/system_tb_behav.wcfg}
source system_tb.tcl
# set curr_wave [current_wave_config]
# if { [string length $curr_wave] == 0 } {
#   if { [llength [get_objects]] > 0} {
#     add_wave /
#     set_property needs_save false [current_wave_config]
#   } else {
#      send_msg_id Add_Wave-1 WARNING "No top level signals found. Simulator will start without a wave window. If you want to open a wave window go to 'File->New Waveform Configuration' or type 'create_wave_config' in the TCL console."
#   }
# }
# run 1000ns
INFO: [USF-XSim-96] XSim completed. Design snapshot 'system_tb_behav' loaded.
INFO: [USF-XSim-97] XSim simulation ran for 1000ns
run 100 ms



relaunch_sim
Command: launch_simulation -step compile -simset sim_1 -mode behavioral
INFO: [Vivado 12-12493] Simulation top is 'system_tb'
INFO: [Vivado 12-5682] Launching behavioral simulation in 'C:/Users/Mateusz Kozlowski/Documents/zampf/ZAMFP/ZAMFP.sim/sim_1/behav/xsim'
INFO: [SIM-utils-51] Simulation object is 'sim_1'
INFO: [USF-XSim-2] XSim::Compile design
INFO: [USF-XSim-61] Executing 'COMPILE and ANALYZE' step in 'C:/Users/Mateusz Kozlowski/Documents/zampf/ZAMFP/ZAMFP.sim/sim_1/behav/xsim'
"xvhdl --incr --relax -prj system_tb_vhdl.prj"
INFO: [USF-XSim-69] 'compile' step finished in '1' seconds
Command: launch_simulation -step elaborate -simset sim_1 -mode behavioral
INFO: [Vivado 12-12493] Simulation top is 'system_tb'
INFO: [Vivado 12-5682] Launching behavioral simulation in 'C:/Users/Mateusz Kozlowski/Documents/zampf/ZAMFP/ZAMFP.sim/sim_1/behav/xsim'
INFO: [SIM-utils-51] Simulation object is 'sim_1'
INFO: [USF-XSim-3] XSim::Elaborate design
INFO: [USF-XSim-61] Executing 'ELABORATE' step in 'C:/Users/Mateusz Kozlowski/Documents/zampf/ZAMFP/ZAMFP.sim/sim_1/behav/xsim'
"xelab --incr --debug typical --relax --mt 2 -L xil_defaultlib -L secureip --snapshot system_tb_behav xil_defaultlib.system_tb -log elaborate.log"
Vivado Simulator v2025.1.0
Copyright 1986-2022 Xilinx, Inc. All Rights Reserved.
Copyright 2022-2025 Advanced Micro Devices, Inc. All Rights Reserved.
Running: C:/Xilinx/2025.1/Vivado/bin/unwrapped/win64.o/xelab.exe --incr --debug typical --relax --mt 2 -L xil_defaultlib -L secureip --snapshot system_tb_behav xil_defaultlib.system_tb -log elaborate.log 
Using 2 slave threads.
Starting static elaboration
WARNING: [VRFC 10-3813] value in initialization depends on signal 'bit_ticks' [C:/Users/Mateusz Kozlowski/Documents/zampf/ZAMFP/ZAMFP.srcs/sources_1/new/uart.vhd:48]
WARNING: [VRFC 10-3813] value in initialization depends on signal 'bit_ticks' [C:/Users/Mateusz Kozlowski/Documents/zampf/ZAMFP/ZAMFP.srcs/sources_1/new/uart.vhd:57]
WARNING: [VRFC 10-3813] value in initialization depends on signal 'bit_ticks' [C:/Users/Mateusz Kozlowski/Documents/zampf/ZAMFP/ZAMFP.srcs/sources_1/new/uart.vhd:48]
WARNING: [VRFC 10-3813] value in initialization depends on signal 'bit_ticks' [C:/Users/Mateusz Kozlowski/Documents/zampf/ZAMFP/ZAMFP.srcs/sources_1/new/uart.vhd:57]
Completed static elaboration
INFO: [XSIM 43-4323] No Change in HDL. Linking previously generated obj files to create kernel
INFO: [USF-XSim-69] 'elaborate' step finished in '1' seconds
Time resolution is 1 ps
run 100 ms



run all
run: Time (s): cpu = 00:00:12 ; elapsed = 00:00:12 . Memory (MB): peak = 3387.547 ; gain = 0.000
WARNING: [filemgmt 56-199] Attempt to get parsing info during refresh. "On-the-fly" syntax checking information may be incorrect. [C:\Users\Mateusz Kozlowski\Documents\zampf\ZAMFP\ZAMFP.srcs\sources_1\new\uart.vhd:]
WARNING: [filemgmt 56-199] Attempt to get parsing info during refresh. "On-the-fly" syntax checking information may be incorrect. [C:\Users\Mateusz Kozlowski\Documents\zampf\ZAMFP\ZAMFP.srcs\system\new\system_tb.vhd:]
WARNING: [filemgmt 56-199] Attempt to get parsing info during refresh. "On-the-fly" syntax checking information may be incorrect. [C:\Users\Mateusz Kozlowski\Documents\zampf\ZAMFP\ZAMFP.srcs\sources_1\new\uart.vhd:]
WARNING: [filemgmt 56-199] Attempt to get parsing info during refresh. "On-the-fly" syntax checking information may be incorrect. [C:\Users\Mateusz Kozlowski\Documents\zampf\ZAMFP\ZAMFP.srcs\sources_1\new\uart.vhd:]
ERROR: [Common 17-180] Spawn failed: Operacja ukonczona pomyslnie.

WARNING: [filemgmt 56-199] Attempt to get parsing info during refresh. "On-the-fly" syntax checking information may be incorrect. [C:\Users\Mateusz Kozlowski\Documents\zampf\ZAMFP\ZAMFP.srcs\sources_1\new\uart.vhd:]
WARNING: [filemgmt 56-199] Attempt to get parsing info during refresh. "On-the-fly" syntax checking information may be incorrect. [C:\Users\Mateusz Kozlowski\Documents\zampf\ZAMFP\ZAMFP.srcs\system\new\system_tb.vhd:]
WARNING: [filemgmt 56-199] Attempt to get parsing info during refresh. "On-the-fly" syntax checking information may be incorrect. [C:\Users\Mateusz Kozlowski\Documents\zampf\ZAMFP\ZAMFP.srcs\system\new\system_tb.vhd:]
WARNING: [filemgmt 56-199] Attempt to get parsing info during refresh. "On-the-fly" syntax checking information may be incorrect. [C:\Users\Mateusz Kozlowski\Documents\zampf\ZAMFP\ZAMFP.srcs\system\new\system_tb.vhd:]
ERROR: [Common 17-180] Spawn failed: Operacja ukonczona pomyslnie.

WARNING: [filemgmt 56-199] Attempt to get parsing info during refresh. "On-the-fly" syntax checking information may be incorrect. [C:\Users\Mateusz Kozlowski\Documents\zampf\ZAMFP\ZAMFP.srcs\sources_1\new\uart.vhd:]
WARNING: [filemgmt 56-199] Attempt to get parsing info during refresh. "On-the-fly" syntax checking information may be incorrect. [C:\Users\Mateusz Kozlowski\Documents\zampf\ZAMFP\ZAMFP.srcs\system\new\system_tb.vhd:]
WARNING: [filemgmt 56-199] Attempt to get parsing info during refresh. "On-the-fly" syntax checking information may be incorrect. [C:\Users\Mateusz Kozlowski\Documents\zampf\ZAMFP\ZAMFP.srcs\system\new\system_tb.vhd:]
WARNING: [filemgmt 56-199] Attempt to get parsing info during refresh. "On-the-fly" syntax checking information may be incorrect. [C:\Users\Mateusz Kozlowski\Documents\zampf\ZAMFP\ZAMFP.srcs\system\new\system_tb.vhd:]
close_sim
INFO: xsimkernel Simulation Memory Usage: 17580 KB (Peak: 17580 KB), Simulation CPU Usage: 13968 ms
INFO: [Simtcl 6-16] Simulation closed
launch_simulation
Command: launch_simulation 
INFO: [Vivado 12-12493] Simulation top is 'system_tb'
INFO: [Vivado 12-5682] Launching behavioral simulation in 'C:/Users/Mateusz Kozlowski/Documents/zampf/ZAMFP/ZAMFP.sim/sim_1/behav/xsim'
INFO: [SIM-utils-51] Simulation object is 'sim_1'
INFO: [SIM-utils-72] Using boost library from 'C:/Xilinx/2025.1/Vivado/tps/boost_1_72_0'
INFO: [SIM-utils-54] Inspecting design source files for 'system_tb' in fileset 'sim_1'...
INFO: [USF-XSim-97] Finding global include files...
INFO: [USF-XSim-98] Fetching design files from 'sim_1'...
INFO: [USF-XSim-2] XSim::Compile design
INFO: [USF-XSim-61] Executing 'COMPILE and ANALYZE' step in 'C:/Users/Mateusz Kozlowski/Documents/zampf/ZAMFP/ZAMFP.sim/sim_1/behav/xsim'
"xvhdl --incr --relax -prj system_tb_vhdl.prj"
INFO: [VRFC 10-163] Analyzing VHDL file "C:/Users/Mateusz Kozlowski/Documents/zampf/ZAMFP/ZAMFP.srcs/sources_1/new/uart.vhd" into library xil_defaultlib
INFO: [VRFC 10-3107] analyzing entity 'uart'
WARNING: [VRFC 10-9374] signal 'bit_ticks' is used in a subtype-indication or type-definition [C:/Users/Mateusz Kozlowski/Documents/zampf/ZAMFP/ZAMFP.srcs/sources_1/new/uart.vhd:48]
WARNING: [VRFC 10-9374] signal 'bit_ticks' is used in a subtype-indication or type-definition [C:/Users/Mateusz Kozlowski/Documents/zampf/ZAMFP/ZAMFP.srcs/sources_1/new/uart.vhd:57]
INFO: [VRFC 10-163] Analyzing VHDL file "C:/Users/Mateusz Kozlowski/Documents/zampf/ZAMFP/ZAMFP.srcs/sources_1/new/top.vhd" into library xil_defaultlib
INFO: [VRFC 10-3107] analyzing entity 'system_rtl'
INFO: [VRFC 10-163] Analyzing VHDL file "C:/Users/Mateusz Kozlowski/Documents/zampf/ZAMFP/ZAMFP.srcs/system/new/system_tb.vhd" into library xil_defaultlib
INFO: [VRFC 10-3107] analyzing entity 'system_tb'
INFO: [USF-XSim-69] 'compile' step finished in '1' seconds
INFO: [USF-XSim-3] XSim::Elaborate design
INFO: [USF-XSim-61] Executing 'ELABORATE' step in 'C:/Users/Mateusz Kozlowski/Documents/zampf/ZAMFP/ZAMFP.sim/sim_1/behav/xsim'
"xelab --incr --debug typical --relax --mt 2 -L xil_defaultlib -L secureip --snapshot system_tb_behav xil_defaultlib.system_tb -log elaborate.log"
Vivado Simulator v2025.1.0
Copyright 1986-2022 Xilinx, Inc. All Rights Reserved.
Copyright 2022-2025 Advanced Micro Devices, Inc. All Rights Reserved.
Running: C:/Xilinx/2025.1/Vivado/bin/unwrapped/win64.o/xelab.exe --incr --debug typical --relax --mt 2 -L xil_defaultlib -L secureip --snapshot system_tb_behav xil_defaultlib.system_tb -log elaborate.log 
Using 2 slave threads.
Starting static elaboration
WARNING: [VRFC 10-3813] value in initialization depends on signal 'bit_ticks' [C:/Users/Mateusz Kozlowski/Documents/zampf/ZAMFP/ZAMFP.srcs/sources_1/new/uart.vhd:48]
WARNING: [VRFC 10-3813] value in initialization depends on signal 'bit_ticks' [C:/Users/Mateusz Kozlowski/Documents/zampf/ZAMFP/ZAMFP.srcs/sources_1/new/uart.vhd:57]
WARNING: [VRFC 10-3813] value in initialization depends on signal 'bit_ticks' [C:/Users/Mateusz Kozlowski/Documents/zampf/ZAMFP/ZAMFP.srcs/sources_1/new/uart.vhd:48]
WARNING: [VRFC 10-3813] value in initialization depends on signal 'bit_ticks' [C:/Users/Mateusz Kozlowski/Documents/zampf/ZAMFP/ZAMFP.srcs/sources_1/new/uart.vhd:57]
Completed static elaboration
Starting simulation data flow analysis
Completed simulation data flow analysis
Time Resolution for simulation is 1ps
Compiling package std.standard
Compiling package std.textio
Compiling package ieee.std_logic_1164
Compiling package ieee.std_logic_textio
Compiling package ieee.numeric_std
Compiling architecture behavioral of entity xil_defaultlib.ram [ram_default]
Compiling architecture rtl of entity xil_defaultlib.uart [\uart(clock_frequency=50000000)\]
Compiling architecture behavioral of entity xil_defaultlib.uart_ram_ctrl [uart_ram_ctrl_default]
Compiling architecture rtl of entity xil_defaultlib.system_rtl [system_rtl_default]
Compiling architecture rtl of entity xil_defaultlib.uart [uart_default]
Compiling architecture sim of entity xil_defaultlib.system_tb
Built simulation snapshot system_tb_behav
INFO: [USF-XSim-69] 'elaborate' step finished in '1' seconds
INFO: [USF-XSim-4] XSim::Simulate design
INFO: [USF-XSim-61] Executing 'SIMULATE' step in 'C:/Users/Mateusz Kozlowski/Documents/zampf/ZAMFP/ZAMFP.sim/sim_1/behav/xsim'
INFO: [USF-XSim-98] *** Running xsim
   with args "system_tb_behav -key {Behavioral:sim_1:Functional:system_tb} -tclbatch {system_tb.tcl} -view {{C:/Users/Mateusz Kozlowski/Documents/zampf/ZAMFP/Docs/system_tb_behav.wcfg}} -log {simulate.log}"
INFO: [USF-XSim-8] Loading simulator feature
Time resolution is 1 ps
open_wave_config {C:/Users/Mateusz Kozlowski/Documents/zampf/ZAMFP/Docs/system_tb_behav.wcfg}
source system_tb.tcl
# set curr_wave [current_wave_config]
# if { [string length $curr_wave] == 0 } {
#   if { [llength [get_objects]] > 0} {
#     add_wave /
#     set_property needs_save false [current_wave_config]
#   } else {
#      send_msg_id Add_Wave-1 WARNING "No top level signals found. Simulator will start without a wave window. If you want to open a wave window go to 'File->New Waveform Configuration' or type 'create_wave_config' in the TCL console."
#   }
# }
# run 1000ns
INFO: [USF-XSim-96] XSim completed. Design snapshot 'system_tb_behav' loaded.
INFO: [USF-XSim-97] XSim simulation ran for 1000ns
WARNING: [filemgmt 56-199] Attempt to get parsing info during refresh. "On-the-fly" syntax checking information may be incorrect. [C:\Users\Mateusz Kozlowski\Documents\zampf\ZAMFP\ZAMFP.srcs\sources_1\new\uart.vhd:]
WARNING: [filemgmt 56-199] Attempt to get parsing info during refresh. "On-the-fly" syntax checking information may be incorrect. [C:\Users\Mateusz Kozlowski\Documents\zampf\ZAMFP\ZAMFP.srcs\system\new\system_tb.vhd:]
WARNING: [filemgmt 56-199] Attempt to get parsing info during refresh. "On-the-fly" syntax checking information may be incorrect. [C:\Users\Mateusz Kozlowski\Documents\zampf\ZAMFP\ZAMFP.srcs\sources_1\new\uart.vhd:]
WARNING: [filemgmt 56-199] Attempt to get parsing info during refresh. "On-the-fly" syntax checking information may be incorrect. [C:\Users\Mateusz Kozlowski\Documents\zampf\ZAMFP\ZAMFP.srcs\sources_1\new\uart.vhd:]
ERROR: [Common 17-180] Spawn failed: Operacja ukonczona pomyslnie.

close_sim
INFO: [Simtcl 6-16] Simulation closed
launch_simulation
Command: launch_simulation 
INFO: [Vivado 12-12493] Simulation top is 'system_tb'
INFO: [Vivado 12-5682] Launching behavioral simulation in 'C:/Users/Mateusz Kozlowski/Documents/zampf/ZAMFP/ZAMFP.sim/sim_1/behav/xsim'
INFO: [SIM-utils-51] Simulation object is 'sim_1'
INFO: [SIM-utils-72] Using boost library from 'C:/Xilinx/2025.1/Vivado/tps/boost_1_72_0'
INFO: [SIM-utils-54] Inspecting design source files for 'system_tb' in fileset 'sim_1'...
INFO: [USF-XSim-97] Finding global include files...
INFO: [USF-XSim-98] Fetching design files from 'sim_1'...
INFO: [USF-XSim-2] XSim::Compile design
INFO: [USF-XSim-61] Executing 'COMPILE and ANALYZE' step in 'C:/Users/Mateusz Kozlowski/Documents/zampf/ZAMFP/ZAMFP.sim/sim_1/behav/xsim'
"xvhdl --incr --relax -prj system_tb_vhdl.prj"
INFO: [VRFC 10-163] Analyzing VHDL file "C:/Users/Mateusz Kozlowski/Documents/zampf/ZAMFP/ZAMFP.srcs/system/new/system_tb.vhd" into library xil_defaultlib
INFO: [VRFC 10-3107] analyzing entity 'system_tb'
INFO: [USF-XSim-69] 'compile' step finished in '1' seconds
INFO: [USF-XSim-3] XSim::Elaborate design
INFO: [USF-XSim-61] Executing 'ELABORATE' step in 'C:/Users/Mateusz Kozlowski/Documents/zampf/ZAMFP/ZAMFP.sim/sim_1/behav/xsim'
"xelab --incr --debug typical --relax --mt 2 -L xil_defaultlib -L secureip --snapshot system_tb_behav xil_defaultlib.system_tb -log elaborate.log"
Vivado Simulator v2025.1.0
Copyright 1986-2022 Xilinx, Inc. All Rights Reserved.
Copyright 2022-2025 Advanced Micro Devices, Inc. All Rights Reserved.
Running: C:/Xilinx/2025.1/Vivado/bin/unwrapped/win64.o/xelab.exe --incr --debug typical --relax --mt 2 -L xil_defaultlib -L secureip --snapshot system_tb_behav xil_defaultlib.system_tb -log elaborate.log 
Using 2 slave threads.
Starting static elaboration
WARNING: [VRFC 10-3813] value in initialization depends on signal 'bit_ticks' [C:/Users/Mateusz Kozlowski/Documents/zampf/ZAMFP/ZAMFP.srcs/sources_1/new/uart.vhd:48]
WARNING: [VRFC 10-3813] value in initialization depends on signal 'bit_ticks' [C:/Users/Mateusz Kozlowski/Documents/zampf/ZAMFP/ZAMFP.srcs/sources_1/new/uart.vhd:57]
WARNING: [VRFC 10-3813] value in initialization depends on signal 'bit_ticks' [C:/Users/Mateusz Kozlowski/Documents/zampf/ZAMFP/ZAMFP.srcs/sources_1/new/uart.vhd:48]
WARNING: [VRFC 10-3813] value in initialization depends on signal 'bit_ticks' [C:/Users/Mateusz Kozlowski/Documents/zampf/ZAMFP/ZAMFP.srcs/sources_1/new/uart.vhd:57]
Completed static elaboration
Starting simulation data flow analysis
Completed simulation data flow analysis
Time Resolution for simulation is 1ps
Compiling package std.standard
Compiling package std.textio
Compiling package ieee.std_logic_1164
Compiling package ieee.std_logic_textio
Compiling package ieee.numeric_std
Compiling architecture behavioral of entity xil_defaultlib.ram [ram_default]
Compiling architecture rtl of entity xil_defaultlib.uart [\uart(clock_frequency=50000000)\]
Compiling architecture behavioral of entity xil_defaultlib.uart_ram_ctrl [uart_ram_ctrl_default]
Compiling architecture rtl of entity xil_defaultlib.system_rtl [system_rtl_default]
Compiling architecture rtl of entity xil_defaultlib.uart [uart_default]
Compiling architecture sim of entity xil_defaultlib.system_tb
Built simulation snapshot system_tb_behav
INFO: [USF-XSim-69] 'elaborate' step finished in '1' seconds
INFO: [USF-XSim-4] XSim::Simulate design
INFO: [USF-XSim-61] Executing 'SIMULATE' step in 'C:/Users/Mateusz Kozlowski/Documents/zampf/ZAMFP/ZAMFP.sim/sim_1/behav/xsim'
INFO: [USF-XSim-98] *** Running xsim
   with args "system_tb_behav -key {Behavioral:sim_1:Functional:system_tb} -tclbatch {system_tb.tcl} -view {{C:/Users/Mateusz Kozlowski/Documents/zampf/ZAMFP/Docs/system_tb_behav.wcfg}} -log {simulate.log}"
INFO: [USF-XSim-8] Loading simulator feature
Time resolution is 1 ps
open_wave_config {C:/Users/Mateusz Kozlowski/Documents/zampf/ZAMFP/Docs/system_tb_behav.wcfg}
source system_tb.tcl
# set curr_wave [current_wave_config]
# if { [string length $curr_wave] == 0 } {
#   if { [llength [get_objects]] > 0} {
#     add_wave /
#     set_property needs_save false [current_wave_config]
#   } else {
#      send_msg_id Add_Wave-1 WARNING "No top level signals found. Simulator will start without a wave window. If you want to open a wave window go to 'File->New Waveform Configuration' or type 'create_wave_config' in the TCL console."
#   }
# }
# run 1000ns
INFO: [USF-XSim-96] XSim completed. Design snapshot 'system_tb_behav' loaded.
INFO: [USF-XSim-97] XSim simulation ran for 1000ns
run 100 ms



run 100 ms
close_sim
INFO: [Simtcl 6-16] Simulation closed
launch_simulation
Command: launch_simulation 
INFO: [Vivado 12-12493] Simulation top is 'system_tb'
INFO: [Vivado 12-5682] Launching behavioral simulation in 'C:/Users/Mateusz Kozlowski/Documents/zampf/ZAMFP/ZAMFP.sim/sim_1/behav/xsim'
INFO: [SIM-utils-51] Simulation object is 'sim_1'
INFO: [SIM-utils-72] Using boost library from 'C:/Xilinx/2025.1/Vivado/tps/boost_1_72_0'
INFO: [SIM-utils-54] Inspecting design source files for 'system_tb' in fileset 'sim_1'...
INFO: [USF-XSim-97] Finding global include files...
INFO: [USF-XSim-98] Fetching design files from 'sim_1'...
INFO: [USF-XSim-2] XSim::Compile design
INFO: [USF-XSim-61] Executing 'COMPILE and ANALYZE' step in 'C:/Users/Mateusz Kozlowski/Documents/zampf/ZAMFP/ZAMFP.sim/sim_1/behav/xsim'
"xvhdl --incr --relax -prj system_tb_vhdl.prj"
INFO: [VRFC 10-163] Analyzing VHDL file "C:/Users/Mateusz Kozlowski/Documents/zampf/ZAMFP/ZAMFP.srcs/system/new/system_tb.vhd" into library xil_defaultlib
INFO: [VRFC 10-3107] analyzing entity 'system_tb'
INFO: [USF-XSim-69] 'compile' step finished in '1' seconds
INFO: [USF-XSim-3] XSim::Elaborate design
INFO: [USF-XSim-61] Executing 'ELABORATE' step in 'C:/Users/Mateusz Kozlowski/Documents/zampf/ZAMFP/ZAMFP.sim/sim_1/behav/xsim'
"xelab --incr --debug typical --relax --mt 2 -L xil_defaultlib -L secureip --snapshot system_tb_behav xil_defaultlib.system_tb -log elaborate.log"
Vivado Simulator v2025.1.0
Copyright 1986-2022 Xilinx, Inc. All Rights Reserved.
Copyright 2022-2025 Advanced Micro Devices, Inc. All Rights Reserved.
Running: C:/Xilinx/2025.1/Vivado/bin/unwrapped/win64.o/xelab.exe --incr --debug typical --relax --mt 2 -L xil_defaultlib -L secureip --snapshot system_tb_behav xil_defaultlib.system_tb -log elaborate.log 
Using 2 slave threads.
Starting static elaboration
WARNING: [VRFC 10-3813] value in initialization depends on signal 'bit_ticks' [C:/Users/Mateusz Kozlowski/Documents/zampf/ZAMFP/ZAMFP.srcs/sources_1/new/uart.vhd:48]
WARNING: [VRFC 10-3813] value in initialization depends on signal 'bit_ticks' [C:/Users/Mateusz Kozlowski/Documents/zampf/ZAMFP/ZAMFP.srcs/sources_1/new/uart.vhd:57]
WARNING: [VRFC 10-3813] value in initialization depends on signal 'bit_ticks' [C:/Users/Mateusz Kozlowski/Documents/zampf/ZAMFP/ZAMFP.srcs/sources_1/new/uart.vhd:48]
WARNING: [VRFC 10-3813] value in initialization depends on signal 'bit_ticks' [C:/Users/Mateusz Kozlowski/Documents/zampf/ZAMFP/ZAMFP.srcs/sources_1/new/uart.vhd:57]
Completed static elaboration
Starting simulation data flow analysis
Completed simulation data flow analysis
Time Resolution for simulation is 1ps
Compiling package std.standard
Compiling package std.textio
Compiling package ieee.std_logic_1164
Compiling package ieee.std_logic_textio
Compiling package ieee.numeric_std
Compiling architecture behavioral of entity xil_defaultlib.ram [ram_default]
Compiling architecture rtl of entity xil_defaultlib.uart [\uart(clock_frequency=50000000)\]
Compiling architecture behavioral of entity xil_defaultlib.uart_ram_ctrl [uart_ram_ctrl_default]
Compiling architecture rtl of entity xil_defaultlib.system_rtl [system_rtl_default]
Compiling architecture rtl of entity xil_defaultlib.uart [uart_default]
Compiling architecture sim of entity xil_defaultlib.system_tb
Built simulation snapshot system_tb_behav
INFO: [USF-XSim-69] 'elaborate' step finished in '1' seconds
INFO: [USF-XSim-4] XSim::Simulate design
INFO: [USF-XSim-61] Executing 'SIMULATE' step in 'C:/Users/Mateusz Kozlowski/Documents/zampf/ZAMFP/ZAMFP.sim/sim_1/behav/xsim'
INFO: [USF-XSim-98] *** Running xsim
   with args "system_tb_behav -key {Behavioral:sim_1:Functional:system_tb} -tclbatch {system_tb.tcl} -view {{C:/Users/Mateusz Kozlowski/Documents/zampf/ZAMFP/Docs/system_tb_behav.wcfg}} -log {simulate.log}"
INFO: [USF-XSim-8] Loading simulator feature
Time resolution is 1 ps
open_wave_config {C:/Users/Mateusz Kozlowski/Documents/zampf/ZAMFP/Docs/system_tb_behav.wcfg}
source system_tb.tcl
# set curr_wave [current_wave_config]
# if { [string length $curr_wave] == 0 } {
#   if { [llength [get_objects]] > 0} {
#     add_wave /
#     set_property needs_save false [current_wave_config]
#   } else {
#      send_msg_id Add_Wave-1 WARNING "No top level signals found. Simulator will start without a wave window. If you want to open a wave window go to 'File->New Waveform Configuration' or type 'create_wave_config' in the TCL console."
#   }
# }
# run 1000ns
INFO: [USF-XSim-96] XSim completed. Design snapshot 'system_tb_behav' loaded.
INFO: [USF-XSim-97] XSim simulation ran for 1000ns
run 100 ms
add_bp {C:/Users/Mateusz Kozlowski/Documents/zampf/ZAMFP/ZAMFP.srcs/system/new/system_tb.vhd} 169
add_bp {C:/Users/Mateusz Kozlowski/Documents/zampf/ZAMFP/ZAMFP.srcs/system/new/system_tb.vhd} 163
add_bp {C:/Users/Mateusz Kozlowski/Documents/zampf/ZAMFP/ZAMFP.srcs/system/new/system_tb.vhd} 164
close_sim
INFO: [Simtcl 6-16] Simulation closed
launch_simulation
Command: launch_simulation 
INFO: [Vivado 12-12493] Simulation top is 'system_tb'
INFO: [Vivado 12-5682] Launching behavioral simulation in 'C:/Users/Mateusz Kozlowski/Documents/zampf/ZAMFP/ZAMFP.sim/sim_1/behav/xsim'
INFO: [SIM-utils-51] Simulation object is 'sim_1'
INFO: [SIM-utils-72] Using boost library from 'C:/Xilinx/2025.1/Vivado/tps/boost_1_72_0'
INFO: [SIM-utils-54] Inspecting design source files for 'system_tb' in fileset 'sim_1'...
INFO: [USF-XSim-97] Finding global include files...
INFO: [USF-XSim-98] Fetching design files from 'sim_1'...
INFO: [USF-XSim-2] XSim::Compile design
INFO: [USF-XSim-61] Executing 'COMPILE and ANALYZE' step in 'C:/Users/Mateusz Kozlowski/Documents/zampf/ZAMFP/ZAMFP.sim/sim_1/behav/xsim'
"xvhdl --incr --relax -prj system_tb_vhdl.prj"
INFO: [VRFC 10-163] Analyzing VHDL file "C:/Users/Mateusz Kozlowski/Documents/zampf/ZAMFP/ZAMFP.srcs/system/new/system_tb.vhd" into library xil_defaultlib
INFO: [VRFC 10-3107] analyzing entity 'system_tb'
INFO: [USF-XSim-69] 'compile' step finished in '1' seconds
INFO: [USF-XSim-3] XSim::Elaborate design
INFO: [USF-XSim-61] Executing 'ELABORATE' step in 'C:/Users/Mateusz Kozlowski/Documents/zampf/ZAMFP/ZAMFP.sim/sim_1/behav/xsim'
"xelab --incr --debug typical --relax --mt 2 -L xil_defaultlib -L secureip --snapshot system_tb_behav xil_defaultlib.system_tb -log elaborate.log"
Vivado Simulator v2025.1.0
Copyright 1986-2022 Xilinx, Inc. All Rights Reserved.
Copyright 2022-2025 Advanced Micro Devices, Inc. All Rights Reserved.
Running: C:/Xilinx/2025.1/Vivado/bin/unwrapped/win64.o/xelab.exe --incr --debug typical --relax --mt 2 -L xil_defaultlib -L secureip --snapshot system_tb_behav xil_defaultlib.system_tb -log elaborate.log 
Using 2 slave threads.
Starting static elaboration
WARNING: [VRFC 10-3813] value in initialization depends on signal 'bit_ticks' [C:/Users/Mateusz Kozlowski/Documents/zampf/ZAMFP/ZAMFP.srcs/sources_1/new/uart.vhd:48]
WARNING: [VRFC 10-3813] value in initialization depends on signal 'bit_ticks' [C:/Users/Mateusz Kozlowski/Documents/zampf/ZAMFP/ZAMFP.srcs/sources_1/new/uart.vhd:57]
WARNING: [VRFC 10-3813] value in initialization depends on signal 'bit_ticks' [C:/Users/Mateusz Kozlowski/Documents/zampf/ZAMFP/ZAMFP.srcs/sources_1/new/uart.vhd:48]
WARNING: [VRFC 10-3813] value in initialization depends on signal 'bit_ticks' [C:/Users/Mateusz Kozlowski/Documents/zampf/ZAMFP/ZAMFP.srcs/sources_1/new/uart.vhd:57]
Completed static elaboration
Starting simulation data flow analysis
Completed simulation data flow analysis
Time Resolution for simulation is 1ps
Compiling package std.standard
Compiling package std.textio
Compiling package ieee.std_logic_1164
Compiling package ieee.std_logic_textio
Compiling package ieee.numeric_std
Compiling architecture behavioral of entity xil_defaultlib.ram [ram_default]
Compiling architecture rtl of entity xil_defaultlib.uart [\uart(clock_frequency=50000000)\]
Compiling architecture behavioral of entity xil_defaultlib.uart_ram_ctrl [uart_ram_ctrl_default]
Compiling architecture rtl of entity xil_defaultlib.system_rtl [system_rtl_default]
Compiling architecture rtl of entity xil_defaultlib.uart [uart_default]
Compiling architecture sim of entity xil_defaultlib.system_tb
Built simulation snapshot system_tb_behav
INFO: [USF-XSim-69] 'elaborate' step finished in '1' seconds
INFO: [USF-XSim-4] XSim::Simulate design
INFO: [USF-XSim-61] Executing 'SIMULATE' step in 'C:/Users/Mateusz Kozlowski/Documents/zampf/ZAMFP/ZAMFP.sim/sim_1/behav/xsim'
INFO: [USF-XSim-98] *** Running xsim
   with args "system_tb_behav -key {Behavioral:sim_1:Functional:system_tb} -tclbatch {system_tb.tcl} -view {{C:/Users/Mateusz Kozlowski/Documents/zampf/ZAMFP/Docs/system_tb_behav.wcfg}} -log {simulate.log}"
INFO: [USF-XSim-8] Loading simulator feature
Time resolution is 1 ps
open_wave_config {C:/Users/Mateusz Kozlowski/Documents/zampf/ZAMFP/Docs/system_tb_behav.wcfg}
source system_tb.tcl
# set curr_wave [current_wave_config]
# if { [string length $curr_wave] == 0 } {
#   if { [llength [get_objects]] > 0} {
#     add_wave /
#     set_property needs_save false [current_wave_config]
#   } else {
#      send_msg_id Add_Wave-1 WARNING "No top level signals found. Simulator will start without a wave window. If you want to open a wave window go to 'File->New Waveform Configuration' or type 'create_wave_config' in the TCL console."
#   }
# }
# run 1000ns
INFO: [USF-XSim-96] XSim completed. Design snapshot 'system_tb_behav' loaded.
INFO: [USF-XSim-97] XSim simulation ran for 1000ns
run 100 ms
Stopped at time : 87 us : File "C:/Users/Mateusz Kozlowski/Documents/zampf/ZAMFP/ZAMFP.srcs/system/new/system_tb.vhd" Line 163
run 100 ms
Stopped at time : 87 us : File "C:/Users/Mateusz Kozlowski/Documents/zampf/ZAMFP/ZAMFP.srcs/system/new/system_tb.vhd" Line 163
run 100 ms
Stopped at time : 104360 ns : File "C:/Users/Mateusz Kozlowski/Documents/zampf/ZAMFP/ZAMFP.srcs/system/new/system_tb.vhd" Line 163
run 100 ms
Stopped at time : 104360 ns : File "C:/Users/Mateusz Kozlowski/Documents/zampf/ZAMFP/ZAMFP.srcs/system/new/system_tb.vhd" Line 163
run 100 ms
Stopped at time : 121720 ns : File "C:/Users/Mateusz Kozlowski/Documents/zampf/ZAMFP/ZAMFP.srcs/system/new/system_tb.vhd" Line 164
run 100 ms
relaunch_sim
Command: launch_simulation -step compile -simset sim_1 -mode behavioral
INFO: [Vivado 12-12493] Simulation top is 'system_tb'
INFO: [Vivado 12-5682] Launching behavioral simulation in 'C:/Users/Mateusz Kozlowski/Documents/zampf/ZAMFP/ZAMFP.sim/sim_1/behav/xsim'
INFO: [SIM-utils-51] Simulation object is 'sim_1'
INFO: [USF-XSim-2] XSim::Compile design
INFO: [USF-XSim-61] Executing 'COMPILE and ANALYZE' step in 'C:/Users/Mateusz Kozlowski/Documents/zampf/ZAMFP/ZAMFP.sim/sim_1/behav/xsim'
"xvhdl --incr --relax -prj system_tb_vhdl.prj"
INFO: [VRFC 10-163] Analyzing VHDL file "C:/Users/Mateusz Kozlowski/Documents/zampf/ZAMFP/ZAMFP.srcs/system/new/system_tb.vhd" into library xil_defaultlib
INFO: [VRFC 10-3107] analyzing entity 'system_tb'
INFO: [USF-XSim-69] 'compile' step finished in '1' seconds
Command: launch_simulation -step elaborate -simset sim_1 -mode behavioral
INFO: [Vivado 12-12493] Simulation top is 'system_tb'
INFO: [Vivado 12-5682] Launching behavioral simulation in 'C:/Users/Mateusz Kozlowski/Documents/zampf/ZAMFP/ZAMFP.sim/sim_1/behav/xsim'
INFO: [SIM-utils-51] Simulation object is 'sim_1'
INFO: [USF-XSim-3] XSim::Elaborate design
INFO: [USF-XSim-61] Executing 'ELABORATE' step in 'C:/Users/Mateusz Kozlowski/Documents/zampf/ZAMFP/ZAMFP.sim/sim_1/behav/xsim'
"xelab --incr --debug typical --relax --mt 2 -L xil_defaultlib -L secureip --snapshot system_tb_behav xil_defaultlib.system_tb -log elaborate.log"
Vivado Simulator v2025.1.0
Copyright 1986-2022 Xilinx, Inc. All Rights Reserved.
Copyright 2022-2025 Advanced Micro Devices, Inc. All Rights Reserved.
Running: C:/Xilinx/2025.1/Vivado/bin/unwrapped/win64.o/xelab.exe --incr --debug typical --relax --mt 2 -L xil_defaultlib -L secureip --snapshot system_tb_behav xil_defaultlib.system_tb -log elaborate.log 
Using 2 slave threads.
Starting static elaboration
WARNING: [VRFC 10-3813] value in initialization depends on signal 'bit_ticks' [C:/Users/Mateusz Kozlowski/Documents/zampf/ZAMFP/ZAMFP.srcs/sources_1/new/uart.vhd:48]
WARNING: [VRFC 10-3813] value in initialization depends on signal 'bit_ticks' [C:/Users/Mateusz Kozlowski/Documents/zampf/ZAMFP/ZAMFP.srcs/sources_1/new/uart.vhd:57]
WARNING: [VRFC 10-3813] value in initialization depends on signal 'bit_ticks' [C:/Users/Mateusz Kozlowski/Documents/zampf/ZAMFP/ZAMFP.srcs/sources_1/new/uart.vhd:48]
WARNING: [VRFC 10-3813] value in initialization depends on signal 'bit_ticks' [C:/Users/Mateusz Kozlowski/Documents/zampf/ZAMFP/ZAMFP.srcs/sources_1/new/uart.vhd:57]
Completed static elaboration
Starting simulation data flow analysis
Completed simulation data flow analysis
Time Resolution for simulation is 1ps
Compiling package std.standard
Compiling package std.textio
Compiling package ieee.std_logic_1164
Compiling package ieee.std_logic_textio
Compiling package ieee.numeric_std
Compiling architecture behavioral of entity xil_defaultlib.ram [ram_default]
Compiling architecture rtl of entity xil_defaultlib.uart [\uart(clock_frequency=50000000)\]
Compiling architecture behavioral of entity xil_defaultlib.uart_ram_ctrl [uart_ram_ctrl_default]
Compiling architecture rtl of entity xil_defaultlib.system_rtl [system_rtl_default]
Compiling architecture rtl of entity xil_defaultlib.uart [uart_default]
Compiling architecture sim of entity xil_defaultlib.system_tb
Built simulation snapshot system_tb_behav
INFO: [USF-XSim-69] 'elaborate' step finished in '1' seconds
Time resolution is 1 ps
WARNING: [Simulator 45-24] Previous breakpoint at line 164 in file 'C:/Users/Mateusz Kozlowski/Documents/zampf/ZAMFP/ZAMFP.srcs/system/new/system_tb.vhd' not restored because it is no longer a breakable line.
relaunch_sim: Time (s): cpu = 00:00:00 ; elapsed = 00:00:06 . Memory (MB): peak = 3397.918 ; gain = 0.000
run 100 ms
Stopped at time : 87 us : File "C:/Users/Mateusz Kozlowski/Documents/zampf/ZAMFP/ZAMFP.srcs/system/new/system_tb.vhd" Line 163
run 100 ms
Stopped at time : 87 us : File "C:/Users/Mateusz Kozlowski/Documents/zampf/ZAMFP/ZAMFP.srcs/system/new/system_tb.vhd" Line 163
run 100 ms
Stopped at time : 104360 ns : File "C:/Users/Mateusz Kozlowski/Documents/zampf/ZAMFP/ZAMFP.srcs/system/new/system_tb.vhd" Line 163
run 100 ms
Stopped at time : 104360 ns : File "C:/Users/Mateusz Kozlowski/Documents/zampf/ZAMFP/ZAMFP.srcs/system/new/system_tb.vhd" Line 163
run 100 ms
Stopped at time : 121720 ns : File "C:/Users/Mateusz Kozlowski/Documents/zampf/ZAMFP/ZAMFP.srcs/system/new/system_tb.vhd" Line 169
run 100 ms
Stopped at time : 121720 ns : File "C:/Users/Mateusz Kozlowski/Documents/zampf/ZAMFP/ZAMFP.srcs/system/new/system_tb.vhd" Line 169
run 100 ms


STARTXXRESP WRITE PRE = 0xCF
RESP WRITE HDR = 0xFE

run 100 ms
add_bp {C:/Users/Mateusz Kozlowski/Documents/zampf/ZAMFP/ZAMFP.srcs/system/new/system_tb.vhd} 180
relaunch_sim
Command: launch_simulation -step compile -simset sim_1 -mode behavioral
INFO: [Vivado 12-12493] Simulation top is 'system_tb'
INFO: [Vivado 12-5682] Launching behavioral simulation in 'C:/Users/Mateusz Kozlowski/Documents/zampf/ZAMFP/ZAMFP.sim/sim_1/behav/xsim'
INFO: [SIM-utils-51] Simulation object is 'sim_1'
INFO: [USF-XSim-2] XSim::Compile design
INFO: [USF-XSim-61] Executing 'COMPILE and ANALYZE' step in 'C:/Users/Mateusz Kozlowski/Documents/zampf/ZAMFP/ZAMFP.sim/sim_1/behav/xsim'
"xvhdl --incr --relax -prj system_tb_vhdl.prj"
INFO: [USF-XSim-69] 'compile' step finished in '1' seconds
Command: launch_simulation -step elaborate -simset sim_1 -mode behavioral
INFO: [Vivado 12-12493] Simulation top is 'system_tb'
INFO: [Vivado 12-5682] Launching behavioral simulation in 'C:/Users/Mateusz Kozlowski/Documents/zampf/ZAMFP/ZAMFP.sim/sim_1/behav/xsim'
INFO: [SIM-utils-51] Simulation object is 'sim_1'
INFO: [USF-XSim-3] XSim::Elaborate design
INFO: [USF-XSim-61] Executing 'ELABORATE' step in 'C:/Users/Mateusz Kozlowski/Documents/zampf/ZAMFP/ZAMFP.sim/sim_1/behav/xsim'
"xelab --incr --debug typical --relax --mt 2 -L xil_defaultlib -L secureip --snapshot system_tb_behav xil_defaultlib.system_tb -log elaborate.log"
Vivado Simulator v2025.1.0
Copyright 1986-2022 Xilinx, Inc. All Rights Reserved.
Copyright 2022-2025 Advanced Micro Devices, Inc. All Rights Reserved.
Running: C:/Xilinx/2025.1/Vivado/bin/unwrapped/win64.o/xelab.exe --incr --debug typical --relax --mt 2 -L xil_defaultlib -L secureip --snapshot system_tb_behav xil_defaultlib.system_tb -log elaborate.log 
Using 2 slave threads.
Starting static elaboration
WARNING: [VRFC 10-3813] value in initialization depends on signal 'bit_ticks' [C:/Users/Mateusz Kozlowski/Documents/zampf/ZAMFP/ZAMFP.srcs/sources_1/new/uart.vhd:48]
WARNING: [VRFC 10-3813] value in initialization depends on signal 'bit_ticks' [C:/Users/Mateusz Kozlowski/Documents/zampf/ZAMFP/ZAMFP.srcs/sources_1/new/uart.vhd:57]
WARNING: [VRFC 10-3813] value in initialization depends on signal 'bit_ticks' [C:/Users/Mateusz Kozlowski/Documents/zampf/ZAMFP/ZAMFP.srcs/sources_1/new/uart.vhd:48]
WARNING: [VRFC 10-3813] value in initialization depends on signal 'bit_ticks' [C:/Users/Mateusz Kozlowski/Documents/zampf/ZAMFP/ZAMFP.srcs/sources_1/new/uart.vhd:57]
Completed static elaboration
INFO: [XSIM 43-4323] No Change in HDL. Linking previously generated obj files to create kernel
INFO: [USF-XSim-69] 'elaborate' step finished in '1' seconds
Time resolution is 1 ps
run all
Stopped at time : 87 us : File "C:/Users/Mateusz Kozlowski/Documents/zampf/ZAMFP/ZAMFP.srcs/system/new/system_tb.vhd" Line 163
run all
Stopped at time : 87 us : File "C:/Users/Mateusz Kozlowski/Documents/zampf/ZAMFP/ZAMFP.srcs/system/new/system_tb.vhd" Line 163
run all
Stopped at time : 104360 ns : File "C:/Users/Mateusz Kozlowski/Documents/zampf/ZAMFP/ZAMFP.srcs/system/new/system_tb.vhd" Line 163
run all
Stopped at time : 104360 ns : File "C:/Users/Mateusz Kozlowski/Documents/zampf/ZAMFP/ZAMFP.srcs/system/new/system_tb.vhd" Line 163
run all
Stopped at time : 121720 ns : File "C:/Users/Mateusz Kozlowski/Documents/zampf/ZAMFP/ZAMFP.srcs/system/new/system_tb.vhd" Line 169
run all
Stopped at time : 121720 ns : File "C:/Users/Mateusz Kozlowski/Documents/zampf/ZAMFP/ZAMFP.srcs/system/new/system_tb.vhd" Line 169
run all


Stopped at time : 1049790 ns : File "C:/Users/Mateusz Kozlowski/Documents/zampf/ZAMFP/ZAMFP.srcs/system/new/system_tb.vhd" Line 180
run all
STARTXXRESP WRITE PRE = 0xCF
RESP WRITE HDR = 0xFE

add_bp {C:/Users/Mateusz Kozlowski/Documents/zampf/ZAMFP/ZAMFP.srcs/system/new/system_tb.vhd} 277
relaunch_sim
Command: launch_simulation -step compile -simset sim_1 -mode behavioral
INFO: [Vivado 12-12493] Simulation top is 'system_tb'
INFO: [Vivado 12-5682] Launching behavioral simulation in 'C:/Users/Mateusz Kozlowski/Documents/zampf/ZAMFP/ZAMFP.sim/sim_1/behav/xsim'
INFO: [SIM-utils-51] Simulation object is 'sim_1'
INFO: [USF-XSim-2] XSim::Compile design
INFO: [USF-XSim-61] Executing 'COMPILE and ANALYZE' step in 'C:/Users/Mateusz Kozlowski/Documents/zampf/ZAMFP/ZAMFP.sim/sim_1/behav/xsim'
"xvhdl --incr --relax -prj system_tb_vhdl.prj"
INFO: [USF-XSim-69] 'compile' step finished in '1' seconds
Command: launch_simulation -step elaborate -simset sim_1 -mode behavioral
INFO: [Vivado 12-12493] Simulation top is 'system_tb'
INFO: [Vivado 12-5682] Launching behavioral simulation in 'C:/Users/Mateusz Kozlowski/Documents/zampf/ZAMFP/ZAMFP.sim/sim_1/behav/xsim'
INFO: [SIM-utils-51] Simulation object is 'sim_1'
INFO: [USF-XSim-3] XSim::Elaborate design
INFO: [USF-XSim-61] Executing 'ELABORATE' step in 'C:/Users/Mateusz Kozlowski/Documents/zampf/ZAMFP/ZAMFP.sim/sim_1/behav/xsim'
"xelab --incr --debug typical --relax --mt 2 -L xil_defaultlib -L secureip --snapshot system_tb_behav xil_defaultlib.system_tb -log elaborate.log"
Vivado Simulator v2025.1.0
Copyright 1986-2022 Xilinx, Inc. All Rights Reserved.
Copyright 2022-2025 Advanced Micro Devices, Inc. All Rights Reserved.
Running: C:/Xilinx/2025.1/Vivado/bin/unwrapped/win64.o/xelab.exe --incr --debug typical --relax --mt 2 -L xil_defaultlib -L secureip --snapshot system_tb_behav xil_defaultlib.system_tb -log elaborate.log 
Using 2 slave threads.
Starting static elaboration
WARNING: [VRFC 10-3813] value in initialization depends on signal 'bit_ticks' [C:/Users/Mateusz Kozlowski/Documents/zampf/ZAMFP/ZAMFP.srcs/sources_1/new/uart.vhd:48]
WARNING: [VRFC 10-3813] value in initialization depends on signal 'bit_ticks' [C:/Users/Mateusz Kozlowski/Documents/zampf/ZAMFP/ZAMFP.srcs/sources_1/new/uart.vhd:57]
WARNING: [VRFC 10-3813] value in initialization depends on signal 'bit_ticks' [C:/Users/Mateusz Kozlowski/Documents/zampf/ZAMFP/ZAMFP.srcs/sources_1/new/uart.vhd:48]
WARNING: [VRFC 10-3813] value in initialization depends on signal 'bit_ticks' [C:/Users/Mateusz Kozlowski/Documents/zampf/ZAMFP/ZAMFP.srcs/sources_1/new/uart.vhd:57]
Completed static elaboration
INFO: [XSIM 43-4323] No Change in HDL. Linking previously generated obj files to create kernel
INFO: [USF-XSim-69] 'elaborate' step finished in '1' seconds
Time resolution is 1 ps
run all
Stopped at time : 87 us : File "C:/Users/Mateusz Kozlowski/Documents/zampf/ZAMFP/ZAMFP.srcs/system/new/system_tb.vhd" Line 163
run all
Stopped at time : 87 us : File "C:/Users/Mateusz Kozlowski/Documents/zampf/ZAMFP/ZAMFP.srcs/system/new/system_tb.vhd" Line 163
run all
Stopped at time : 104360 ns : File "C:/Users/Mateusz Kozlowski/Documents/zampf/ZAMFP/ZAMFP.srcs/system/new/system_tb.vhd" Line 163
run all
Stopped at time : 104360 ns : File "C:/Users/Mateusz Kozlowski/Documents/zampf/ZAMFP/ZAMFP.srcs/system/new/system_tb.vhd" Line 163
run all
Stopped at time : 121720 ns : File "C:/Users/Mateusz Kozlowski/Documents/zampf/ZAMFP/ZAMFP.srcs/system/new/system_tb.vhd" Line 169
run all
Stopped at time : 121720 ns : File "C:/Users/Mateusz Kozlowski/Documents/zampf/ZAMFP/ZAMFP.srcs/system/new/system_tb.vhd" Line 169
run all


Stopped at time : 1049790 ns : File "C:/Users/Mateusz Kozlowski/Documents/zampf/ZAMFP/ZAMFP.srcs/system/new/system_tb.vhd" Line 180
run all
STARTXXRESP WRITE PRE = 0xCF
RESP WRITE HDR = 0xFE

run: Time (s): cpu = 00:00:16 ; elapsed = 00:00:18 . Memory (MB): peak = 3397.918 ; gain = 0.000
remove_bps -file {C:/Users/Mateusz Kozlowski/Documents/zampf/ZAMFP/ZAMFP.srcs/system/new/system_tb.vhd} -line 163
add_bp {C:/Users/Mateusz Kozlowski/Documents/zampf/ZAMFP/ZAMFP.srcs/system/new/system_tb.vhd} 192
add_bp {C:/Users/Mateusz Kozlowski/Documents/zampf/ZAMFP/ZAMFP.srcs/system/new/system_tb.vhd} 205
add_bp {C:/Users/Mateusz Kozlowski/Documents/zampf/ZAMFP/ZAMFP.srcs/system/new/system_tb.vhd} 213
relaunch_sim
INFO: xsimkernel Simulation Memory Usage: 17628 KB (Peak: 17628 KB), Simulation CPU Usage: 17155 ms
Command: launch_simulation -step compile -simset sim_1 -mode behavioral
INFO: [Vivado 12-12493] Simulation top is 'system_tb'
INFO: [Vivado 12-5682] Launching behavioral simulation in 'C:/Users/Mateusz Kozlowski/Documents/zampf/ZAMFP/ZAMFP.sim/sim_1/behav/xsim'
INFO: [SIM-utils-51] Simulation object is 'sim_1'
INFO: [USF-XSim-2] XSim::Compile design
INFO: [USF-XSim-61] Executing 'COMPILE and ANALYZE' step in 'C:/Users/Mateusz Kozlowski/Documents/zampf/ZAMFP/ZAMFP.sim/sim_1/behav/xsim'
"xvhdl --incr --relax -prj system_tb_vhdl.prj"
INFO: [VRFC 10-163] Analyzing VHDL file "C:/Users/Mateusz Kozlowski/Documents/zampf/ZAMFP/ZAMFP.srcs/system/new/system_tb.vhd" into library xil_defaultlib
INFO: [VRFC 10-3107] analyzing entity 'system_tb'
INFO: [USF-XSim-69] 'compile' step finished in '1' seconds
Command: launch_simulation -step elaborate -simset sim_1 -mode behavioral
INFO: [Vivado 12-12493] Simulation top is 'system_tb'
INFO: [Vivado 12-5682] Launching behavioral simulation in 'C:/Users/Mateusz Kozlowski/Documents/zampf/ZAMFP/ZAMFP.sim/sim_1/behav/xsim'
INFO: [SIM-utils-51] Simulation object is 'sim_1'
INFO: [USF-XSim-3] XSim::Elaborate design
INFO: [USF-XSim-61] Executing 'ELABORATE' step in 'C:/Users/Mateusz Kozlowski/Documents/zampf/ZAMFP/ZAMFP.sim/sim_1/behav/xsim'
"xelab --incr --debug typical --relax --mt 2 -L xil_defaultlib -L secureip --snapshot system_tb_behav xil_defaultlib.system_tb -log elaborate.log"
Vivado Simulator v2025.1.0
Copyright 1986-2022 Xilinx, Inc. All Rights Reserved.
Copyright 2022-2025 Advanced Micro Devices, Inc. All Rights Reserved.
Running: C:/Xilinx/2025.1/Vivado/bin/unwrapped/win64.o/xelab.exe --incr --debug typical --relax --mt 2 -L xil_defaultlib -L secureip --snapshot system_tb_behav xil_defaultlib.system_tb -log elaborate.log 
Using 2 slave threads.
Starting static elaboration
WARNING: [VRFC 10-3813] value in initialization depends on signal 'bit_ticks' [C:/Users/Mateusz Kozlowski/Documents/zampf/ZAMFP/ZAMFP.srcs/sources_1/new/uart.vhd:48]
WARNING: [VRFC 10-3813] value in initialization depends on signal 'bit_ticks' [C:/Users/Mateusz Kozlowski/Documents/zampf/ZAMFP/ZAMFP.srcs/sources_1/new/uart.vhd:57]
WARNING: [VRFC 10-3813] value in initialization depends on signal 'bit_ticks' [C:/Users/Mateusz Kozlowski/Documents/zampf/ZAMFP/ZAMFP.srcs/sources_1/new/uart.vhd:48]
WARNING: [VRFC 10-3813] value in initialization depends on signal 'bit_ticks' [C:/Users/Mateusz Kozlowski/Documents/zampf/ZAMFP/ZAMFP.srcs/sources_1/new/uart.vhd:57]
Completed static elaboration
Starting simulation data flow analysis
Completed simulation data flow analysis
Time Resolution for simulation is 1ps
Compiling package std.standard
Compiling package std.textio
Compiling package ieee.std_logic_1164
Compiling package ieee.std_logic_textio
Compiling package ieee.numeric_std
Compiling architecture behavioral of entity xil_defaultlib.ram [ram_default]
Compiling architecture rtl of entity xil_defaultlib.uart [\uart(clock_frequency=50000000)\]
Compiling architecture behavioral of entity xil_defaultlib.uart_ram_ctrl [uart_ram_ctrl_default]
Compiling architecture rtl of entity xil_defaultlib.system_rtl [system_rtl_default]
Compiling architecture rtl of entity xil_defaultlib.uart [uart_default]
Compiling architecture sim of entity xil_defaultlib.system_tb
Built simulation snapshot system_tb_behav
INFO: [USF-XSim-69] 'elaborate' step finished in '1' seconds
Time resolution is 1 ps
relaunch_sim: Time (s): cpu = 00:00:00 ; elapsed = 00:00:06 . Memory (MB): peak = 3400.109 ; gain = 0.000
run all
run: Time (s): cpu = 00:00:10 ; elapsed = 00:00:11 . Memory (MB): peak = 3400.109 ; gain = 0.000
current_wave_config {system_tb_behav.wcfg}
system_tb_behav.wcfg
add_wave {{/system_tb/dut/uart_i/autobaud_done}} 
add_bp {C:/Users/Mateusz Kozlowski/Documents/zampf/ZAMFP/ZAMFP.srcs/sources_1/new/uart.vhd} 103
add_bp {C:/Users/Mateusz Kozlowski/Documents/zampf/ZAMFP/ZAMFP.srcs/sources_1/new/uart.vhd} 102
relaunch_sim
INFO: xsimkernel Simulation Memory Usage: 17616 KB (Peak: 17616 KB), Simulation CPU Usage: 10967 ms
Command: launch_simulation -step compile -simset sim_1 -mode behavioral
INFO: [Vivado 12-12493] Simulation top is 'system_tb'
INFO: [Vivado 12-5682] Launching behavioral simulation in 'C:/Users/Mateusz Kozlowski/Documents/zampf/ZAMFP/ZAMFP.sim/sim_1/behav/xsim'
INFO: [SIM-utils-51] Simulation object is 'sim_1'
INFO: [USF-XSim-2] XSim::Compile design
INFO: [USF-XSim-61] Executing 'COMPILE and ANALYZE' step in 'C:/Users/Mateusz Kozlowski/Documents/zampf/ZAMFP/ZAMFP.sim/sim_1/behav/xsim'
"xvhdl --incr --relax -prj system_tb_vhdl.prj"
INFO: [USF-XSim-69] 'compile' step finished in '1' seconds
Command: launch_simulation -step elaborate -simset sim_1 -mode behavioral
INFO: [Vivado 12-12493] Simulation top is 'system_tb'
INFO: [Vivado 12-5682] Launching behavioral simulation in 'C:/Users/Mateusz Kozlowski/Documents/zampf/ZAMFP/ZAMFP.sim/sim_1/behav/xsim'
INFO: [SIM-utils-51] Simulation object is 'sim_1'
INFO: [USF-XSim-3] XSim::Elaborate design
INFO: [USF-XSim-61] Executing 'ELABORATE' step in 'C:/Users/Mateusz Kozlowski/Documents/zampf/ZAMFP/ZAMFP.sim/sim_1/behav/xsim'
"xelab --incr --debug typical --relax --mt 2 -L xil_defaultlib -L secureip --snapshot system_tb_behav xil_defaultlib.system_tb -log elaborate.log"
Vivado Simulator v2025.1.0
Copyright 1986-2022 Xilinx, Inc. All Rights Reserved.
Copyright 2022-2025 Advanced Micro Devices, Inc. All Rights Reserved.
Running: C:/Xilinx/2025.1/Vivado/bin/unwrapped/win64.o/xelab.exe --incr --debug typical --relax --mt 2 -L xil_defaultlib -L secureip --snapshot system_tb_behav xil_defaultlib.system_tb -log elaborate.log 
Using 2 slave threads.
Starting static elaboration
WARNING: [VRFC 10-3813] value in initialization depends on signal 'bit_ticks' [C:/Users/Mateusz Kozlowski/Documents/zampf/ZAMFP/ZAMFP.srcs/sources_1/new/uart.vhd:48]
WARNING: [VRFC 10-3813] value in initialization depends on signal 'bit_ticks' [C:/Users/Mateusz Kozlowski/Documents/zampf/ZAMFP/ZAMFP.srcs/sources_1/new/uart.vhd:57]
WARNING: [VRFC 10-3813] value in initialization depends on signal 'bit_ticks' [C:/Users/Mateusz Kozlowski/Documents/zampf/ZAMFP/ZAMFP.srcs/sources_1/new/uart.vhd:48]
WARNING: [VRFC 10-3813] value in initialization depends on signal 'bit_ticks' [C:/Users/Mateusz Kozlowski/Documents/zampf/ZAMFP/ZAMFP.srcs/sources_1/new/uart.vhd:57]
Completed static elaboration
INFO: [XSIM 43-4323] No Change in HDL. Linking previously generated obj files to create kernel
INFO: [USF-XSim-69] 'elaborate' step finished in '1' seconds
Time resolution is 1 ps
run all
run: Time (s): cpu = 00:00:09 ; elapsed = 00:00:09 . Memory (MB): peak = 3400.109 ; gain = 0.000
relaunch_sim
Command: launch_simulation -step compile -simset sim_1 -mode behavioral
INFO: [Vivado 12-12493] Simulation top is 'system_tb'
INFO: [Vivado 12-5682] Launching behavioral simulation in 'C:/Users/Mateusz Kozlowski/Documents/zampf/ZAMFP/ZAMFP.sim/sim_1/behav/xsim'
INFO: [SIM-utils-51] Simulation object is 'sim_1'
INFO: [USF-XSim-2] XSim::Compile design
INFO: [USF-XSim-61] Executing 'COMPILE and ANALYZE' step in 'C:/Users/Mateusz Kozlowski/Documents/zampf/ZAMFP/ZAMFP.sim/sim_1/behav/xsim'
"xvhdl --incr --relax -prj system_tb_vhdl.prj"
INFO: [VRFC 10-163] Analyzing VHDL file "C:/Users/Mateusz Kozlowski/Documents/zampf/ZAMFP/ZAMFP.srcs/sources_1/new/uart.vhd" into library xil_defaultlib
INFO: [VRFC 10-3107] analyzing entity 'uart'
ERROR: [VRFC 10-9608] semicolon after last interface declaration is only supported in VHDL 1076-2019 [C:/Users/Mateusz Kozlowski/Documents/zampf/ZAMFP/ZAMFP.srcs/sources_1/new/uart.vhd:11]
ERROR: [VRFC 10-9458] unit 'uart' is ignored due to previous errors [C:/Users/Mateusz Kozlowski/Documents/zampf/ZAMFP/ZAMFP.srcs/sources_1/new/uart.vhd:5]
INFO: [VRFC 10-8704] VHDL file 'C:/Users/Mateusz Kozlowski/Documents/zampf/ZAMFP/ZAMFP.srcs/sources_1/new/uart.vhd' is ignored due to errors
INFO: [USF-XSim-69] 'compile' step finished in '1' seconds
INFO: [USF-XSim-99] Step results log file:'C:/Users/Mateusz Kozlowski/Documents/zampf/ZAMFP/ZAMFP.sim/sim_1/behav/xsim/xvhdl.log'
ERROR: [USF-XSim-62] 'compile' step failed with error(s). Please check the Tcl console output or 'C:/Users/Mateusz Kozlowski/Documents/zampf/ZAMFP/ZAMFP.sim/sim_1/behav/xsim/xvhdl.log' file for more information.
ERROR: [Vivado 12-4473] Detected error while running simulation. Please correct the issue and retry this operation.
ERROR: [Common 17-39] 'launch_simulation' failed due to earlier errors.
ERROR: [Common 17-69] Command failed: ERROR: [Common 17-39] 'launch_simulation' failed due to earlier errors.

relaunch_sim
Command: launch_simulation -step compile -simset sim_1 -mode behavioral
INFO: [Vivado 12-12493] Simulation top is 'system_tb'
INFO: [Vivado 12-5682] Launching behavioral simulation in 'C:/Users/Mateusz Kozlowski/Documents/zampf/ZAMFP/ZAMFP.sim/sim_1/behav/xsim'
INFO: [SIM-utils-51] Simulation object is 'sim_1'
INFO: [USF-XSim-2] XSim::Compile design
INFO: [USF-XSim-61] Executing 'COMPILE and ANALYZE' step in 'C:/Users/Mateusz Kozlowski/Documents/zampf/ZAMFP/ZAMFP.sim/sim_1/behav/xsim'
"xvhdl --incr --relax -prj system_tb_vhdl.prj"
INFO: [VRFC 10-163] Analyzing VHDL file "C:/Users/Mateusz Kozlowski/Documents/zampf/ZAMFP/ZAMFP.srcs/sources_1/new/uart.vhd" into library xil_defaultlib
INFO: [VRFC 10-3107] analyzing entity 'uart'
WARNING: [VRFC 10-9374] signal 'bit_ticks' is used in a subtype-indication or type-definition [C:/Users/Mateusz Kozlowski/Documents/zampf/ZAMFP/ZAMFP.srcs/sources_1/new/uart.vhd:48]
WARNING: [VRFC 10-9374] signal 'bit_ticks' is used in a subtype-indication or type-definition [C:/Users/Mateusz Kozlowski/Documents/zampf/ZAMFP/ZAMFP.srcs/sources_1/new/uart.vhd:57]
INFO: [VRFC 10-163] Analyzing VHDL file "C:/Users/Mateusz Kozlowski/Documents/zampf/ZAMFP/ZAMFP.srcs/sources_1/new/top.vhd" into library xil_defaultlib
INFO: [VRFC 10-3107] analyzing entity 'system_rtl'
INFO: [VRFC 10-163] Analyzing VHDL file "C:/Users/Mateusz Kozlowski/Documents/zampf/ZAMFP/ZAMFP.srcs/system/new/system_tb.vhd" into library xil_defaultlib
INFO: [VRFC 10-3107] analyzing entity 'system_tb'
INFO: [USF-XSim-69] 'compile' step finished in '1' seconds
Command: launch_simulation -step elaborate -simset sim_1 -mode behavioral
INFO: [Vivado 12-12493] Simulation top is 'system_tb'
INFO: [Vivado 12-5682] Launching behavioral simulation in 'C:/Users/Mateusz Kozlowski/Documents/zampf/ZAMFP/ZAMFP.sim/sim_1/behav/xsim'
INFO: [SIM-utils-51] Simulation object is 'sim_1'
INFO: [USF-XSim-3] XSim::Elaborate design
INFO: [USF-XSim-61] Executing 'ELABORATE' step in 'C:/Users/Mateusz Kozlowski/Documents/zampf/ZAMFP/ZAMFP.sim/sim_1/behav/xsim'
"xelab --incr --debug typical --relax --mt 2 -L xil_defaultlib -L secureip --snapshot system_tb_behav xil_defaultlib.system_tb -log elaborate.log"
Vivado Simulator v2025.1.0
Copyright 1986-2022 Xilinx, Inc. All Rights Reserved.
Copyright 2022-2025 Advanced Micro Devices, Inc. All Rights Reserved.
Running: C:/Xilinx/2025.1/Vivado/bin/unwrapped/win64.o/xelab.exe --incr --debug typical --relax --mt 2 -L xil_defaultlib -L secureip --snapshot system_tb_behav xil_defaultlib.system_tb -log elaborate.log 
Using 2 slave threads.
Starting static elaboration
WARNING: [VRFC 10-3813] value in initialization depends on signal 'bit_ticks' [C:/Users/Mateusz Kozlowski/Documents/zampf/ZAMFP/ZAMFP.srcs/sources_1/new/uart.vhd:48]
WARNING: [VRFC 10-3813] value in initialization depends on signal 'bit_ticks' [C:/Users/Mateusz Kozlowski/Documents/zampf/ZAMFP/ZAMFP.srcs/sources_1/new/uart.vhd:57]
WARNING: [VRFC 10-3813] value in initialization depends on signal 'bit_ticks' [C:/Users/Mateusz Kozlowski/Documents/zampf/ZAMFP/ZAMFP.srcs/sources_1/new/uart.vhd:48]
WARNING: [VRFC 10-3813] value in initialization depends on signal 'bit_ticks' [C:/Users/Mateusz Kozlowski/Documents/zampf/ZAMFP/ZAMFP.srcs/sources_1/new/uart.vhd:57]
Completed static elaboration
Starting simulation data flow analysis
Completed simulation data flow analysis
Time Resolution for simulation is 1ps
Compiling package std.standard
Compiling package std.textio
Compiling package ieee.std_logic_1164
Compiling package ieee.std_logic_textio
Compiling package ieee.numeric_std
Compiling architecture behavioral of entity xil_defaultlib.ram [ram_default]
Compiling architecture rtl of entity xil_defaultlib.uart [\uart(clock_frequency=50000000)\]
Compiling architecture behavioral of entity xil_defaultlib.uart_ram_ctrl [uart_ram_ctrl_default]
Compiling architecture rtl of entity xil_defaultlib.system_rtl [system_rtl_default]
Compiling architecture rtl of entity xil_defaultlib.uart [uart_default]
Compiling architecture sim of entity xil_defaultlib.system_tb
Built simulation snapshot system_tb_behav
INFO: [USF-XSim-69] 'elaborate' step finished in '1' seconds
Time resolution is 1 ps
relaunch_sim: Time (s): cpu = 00:00:00 ; elapsed = 00:00:05 . Memory (MB): peak = 3401.008 ; gain = 0.000
run all
relaunch_sim
Command: launch_simulation -step compile -simset sim_1 -mode behavioral
INFO: [Vivado 12-12493] Simulation top is 'system_tb'
INFO: [Vivado 12-5682] Launching behavioral simulation in 'C:/Users/Mateusz Kozlowski/Documents/zampf/ZAMFP/ZAMFP.sim/sim_1/behav/xsim'
INFO: [SIM-utils-51] Simulation object is 'sim_1'
INFO: [USF-XSim-2] XSim::Compile design
INFO: [USF-XSim-61] Executing 'COMPILE and ANALYZE' step in 'C:/Users/Mateusz Kozlowski/Documents/zampf/ZAMFP/ZAMFP.sim/sim_1/behav/xsim'
"xvhdl --incr --relax -prj system_tb_vhdl.prj"
INFO: [VRFC 10-163] Analyzing VHDL file "C:/Users/Mateusz Kozlowski/Documents/zampf/ZAMFP/ZAMFP.srcs/sources_1/new/uart.vhd" into library xil_defaultlib
INFO: [VRFC 10-3107] analyzing entity 'uart'
WARNING: [VRFC 10-9374] signal 'bit_ticks' is used in a subtype-indication or type-definition [C:/Users/Mateusz Kozlowski/Documents/zampf/ZAMFP/ZAMFP.srcs/sources_1/new/uart.vhd:48]
WARNING: [VRFC 10-9374] signal 'bit_ticks' is used in a subtype-indication or type-definition [C:/Users/Mateusz Kozlowski/Documents/zampf/ZAMFP/ZAMFP.srcs/sources_1/new/uart.vhd:57]
INFO: [VRFC 10-163] Analyzing VHDL file "C:/Users/Mateusz Kozlowski/Documents/zampf/ZAMFP/ZAMFP.srcs/sources_1/new/top.vhd" into library xil_defaultlib
INFO: [VRFC 10-3107] analyzing entity 'system_rtl'
INFO: [VRFC 10-163] Analyzing VHDL file "C:/Users/Mateusz Kozlowski/Documents/zampf/ZAMFP/ZAMFP.srcs/system/new/system_tb.vhd" into library xil_defaultlib
INFO: [VRFC 10-3107] analyzing entity 'system_tb'
INFO: [USF-XSim-69] 'compile' step finished in '1' seconds
Command: launch_simulation -step elaborate -simset sim_1 -mode behavioral
INFO: [Vivado 12-12493] Simulation top is 'system_tb'
INFO: [Vivado 12-5682] Launching behavioral simulation in 'C:/Users/Mateusz Kozlowski/Documents/zampf/ZAMFP/ZAMFP.sim/sim_1/behav/xsim'
INFO: [SIM-utils-51] Simulation object is 'sim_1'
INFO: [USF-XSim-3] XSim::Elaborate design
INFO: [USF-XSim-61] Executing 'ELABORATE' step in 'C:/Users/Mateusz Kozlowski/Documents/zampf/ZAMFP/ZAMFP.sim/sim_1/behav/xsim'
"xelab --incr --debug typical --relax --mt 2 -L xil_defaultlib -L secureip --snapshot system_tb_behav xil_defaultlib.system_tb -log elaborate.log"
Vivado Simulator v2025.1.0
Copyright 1986-2022 Xilinx, Inc. All Rights Reserved.
Copyright 2022-2025 Advanced Micro Devices, Inc. All Rights Reserved.
Running: C:/Xilinx/2025.1/Vivado/bin/unwrapped/win64.o/xelab.exe --incr --debug typical --relax --mt 2 -L xil_defaultlib -L secureip --snapshot system_tb_behav xil_defaultlib.system_tb -log elaborate.log 
Using 2 slave threads.
Starting static elaboration
WARNING: [VRFC 10-3813] value in initialization depends on signal 'bit_ticks' [C:/Users/Mateusz Kozlowski/Documents/zampf/ZAMFP/ZAMFP.srcs/sources_1/new/uart.vhd:48]
WARNING: [VRFC 10-3813] value in initialization depends on signal 'bit_ticks' [C:/Users/Mateusz Kozlowski/Documents/zampf/ZAMFP/ZAMFP.srcs/sources_1/new/uart.vhd:57]
WARNING: [VRFC 10-3813] value in initialization depends on signal 'bit_ticks' [C:/Users/Mateusz Kozlowski/Documents/zampf/ZAMFP/ZAMFP.srcs/sources_1/new/uart.vhd:48]
WARNING: [VRFC 10-3813] value in initialization depends on signal 'bit_ticks' [C:/Users/Mateusz Kozlowski/Documents/zampf/ZAMFP/ZAMFP.srcs/sources_1/new/uart.vhd:57]
Completed static elaboration
Starting simulation data flow analysis
Completed simulation data flow analysis
Time Resolution for simulation is 1ps
Compiling package std.standard
Compiling package std.textio
Compiling package ieee.std_logic_1164
Compiling package ieee.std_logic_textio
Compiling package ieee.numeric_std
Compiling architecture behavioral of entity xil_defaultlib.ram [ram_default]
Compiling architecture rtl of entity xil_defaultlib.uart [\uart(clock_frequency=50000000)\]
Compiling architecture behavioral of entity xil_defaultlib.uart_ram_ctrl [uart_ram_ctrl_default]
Compiling architecture rtl of entity xil_defaultlib.system_rtl [system_rtl_default]
Compiling architecture rtl of entity xil_defaultlib.uart [uart_default]
Compiling architecture sim of entity xil_defaultlib.system_tb
Built simulation snapshot system_tb_behav
INFO: [USF-XSim-69] 'elaborate' step finished in '1' seconds
Time resolution is 1 ps
relaunch_sim: Time (s): cpu = 00:00:00 ; elapsed = 00:00:06 . Memory (MB): peak = 3401.008 ; gain = 0.000
run all
run: Time (s): cpu = 00:00:11 ; elapsed = 00:00:10 . Memory (MB): peak = 3401.008 ; gain = 0.000
remove_bps -file {C:/Users/Mateusz Kozlowski/Documents/zampf/ZAMFP/ZAMFP.srcs/system/new/system_tb.vhd} -line 169
remove_bps -file {C:/Users/Mateusz Kozlowski/Documents/zampf/ZAMFP/ZAMFP.srcs/system/new/system_tb.vhd} -line 180
add_bp {C:/Users/Mateusz Kozlowski/Documents/zampf/ZAMFP/ZAMFP.srcs/system/new/system_tb.vhd} 163
add_bp {C:/Users/Mateusz Kozlowski/Documents/zampf/ZAMFP/ZAMFP.srcs/system/new/system_tb.vhd} 164
add_bp {C:/Users/Mateusz Kozlowski/Documents/zampf/ZAMFP/ZAMFP.srcs/system/new/system_tb.vhd} 169
remove_bps -BreakPointObjsOrIds bp47 bp48 bp49 bp50 bp53 bp54 bp55 
add_bp {C:/Users/Mateusz Kozlowski/Documents/zampf/ZAMFP/ZAMFP.srcs/system/new/system_tb.vhd} 163
add_bp {C:/Users/Mateusz Kozlowski/Documents/zampf/ZAMFP/ZAMFP.srcs/system/new/system_tb.vhd} 164
add_bp {C:/Users/Mateusz Kozlowski/Documents/zampf/ZAMFP/ZAMFP.srcs/system/new/system_tb.vhd} 169
relaunch_sim
Command: launch_simulation -step compile -simset sim_1 -mode behavioral
INFO: [Vivado 12-12493] Simulation top is 'system_tb'
INFO: [Vivado 12-5682] Launching behavioral simulation in 'C:/Users/Mateusz Kozlowski/Documents/zampf/ZAMFP/ZAMFP.sim/sim_1/behav/xsim'
INFO: [SIM-utils-51] Simulation object is 'sim_1'
INFO: [USF-XSim-2] XSim::Compile design
INFO: [USF-XSim-61] Executing 'COMPILE and ANALYZE' step in 'C:/Users/Mateusz Kozlowski/Documents/zampf/ZAMFP/ZAMFP.sim/sim_1/behav/xsim'
"xvhdl --incr --relax -prj system_tb_vhdl.prj"
INFO: [VRFC 10-163] Analyzing VHDL file "C:/Users/Mateusz Kozlowski/Documents/zampf/ZAMFP/ZAMFP.srcs/system/new/system_tb.vhd" into library xil_defaultlib
INFO: [VRFC 10-3107] analyzing entity 'system_tb'
INFO: [USF-XSim-69] 'compile' step finished in '1' seconds
Command: launch_simulation -step elaborate -simset sim_1 -mode behavioral
INFO: [Vivado 12-12493] Simulation top is 'system_tb'
INFO: [Vivado 12-5682] Launching behavioral simulation in 'C:/Users/Mateusz Kozlowski/Documents/zampf/ZAMFP/ZAMFP.sim/sim_1/behav/xsim'
INFO: [SIM-utils-51] Simulation object is 'sim_1'
INFO: [USF-XSim-3] XSim::Elaborate design
INFO: [USF-XSim-61] Executing 'ELABORATE' step in 'C:/Users/Mateusz Kozlowski/Documents/zampf/ZAMFP/ZAMFP.sim/sim_1/behav/xsim'
"xelab --incr --debug typical --relax --mt 2 -L xil_defaultlib -L secureip --snapshot system_tb_behav xil_defaultlib.system_tb -log elaborate.log"
Vivado Simulator v2025.1.0
Copyright 1986-2022 Xilinx, Inc. All Rights Reserved.
Copyright 2022-2025 Advanced Micro Devices, Inc. All Rights Reserved.
Running: C:/Xilinx/2025.1/Vivado/bin/unwrapped/win64.o/xelab.exe --incr --debug typical --relax --mt 2 -L xil_defaultlib -L secureip --snapshot system_tb_behav xil_defaultlib.system_tb -log elaborate.log 
Using 2 slave threads.
Starting static elaboration
WARNING: [VRFC 10-3813] value in initialization depends on signal 'bit_ticks' [C:/Users/Mateusz Kozlowski/Documents/zampf/ZAMFP/ZAMFP.srcs/sources_1/new/uart.vhd:48]
WARNING: [VRFC 10-3813] value in initialization depends on signal 'bit_ticks' [C:/Users/Mateusz Kozlowski/Documents/zampf/ZAMFP/ZAMFP.srcs/sources_1/new/uart.vhd:57]
WARNING: [VRFC 10-3813] value in initialization depends on signal 'bit_ticks' [C:/Users/Mateusz Kozlowski/Documents/zampf/ZAMFP/ZAMFP.srcs/sources_1/new/uart.vhd:48]
WARNING: [VRFC 10-3813] value in initialization depends on signal 'bit_ticks' [C:/Users/Mateusz Kozlowski/Documents/zampf/ZAMFP/ZAMFP.srcs/sources_1/new/uart.vhd:57]
Completed static elaboration
Starting simulation data flow analysis
Completed simulation data flow analysis
Time Resolution for simulation is 1ps
Compiling package std.standard
Compiling package std.textio
Compiling package ieee.std_logic_1164
Compiling package ieee.std_logic_textio
Compiling package ieee.numeric_std
Compiling architecture behavioral of entity xil_defaultlib.ram [ram_default]
Compiling architecture rtl of entity xil_defaultlib.uart [\uart(clock_frequency=50000000)\]
Compiling architecture behavioral of entity xil_defaultlib.uart_ram_ctrl [uart_ram_ctrl_default]
Compiling architecture rtl of entity xil_defaultlib.system_rtl [system_rtl_default]
Compiling architecture rtl of entity xil_defaultlib.uart [uart_default]
Compiling architecture sim of entity xil_defaultlib.system_tb
Built simulation snapshot system_tb_behav
INFO: [USF-XSim-69] 'elaborate' step finished in '1' seconds
Time resolution is 1 ps
relaunch_sim: Time (s): cpu = 00:00:00 ; elapsed = 00:00:06 . Memory (MB): peak = 3401.051 ; gain = 0.000
run all
Stopped at time : 87 us : File "C:/Users/Mateusz Kozlowski/Documents/zampf/ZAMFP/ZAMFP.srcs/system/new/system_tb.vhd" Line 163
run all
Stopped at time : 87 us : File "C:/Users/Mateusz Kozlowski/Documents/zampf/ZAMFP/ZAMFP.srcs/system/new/system_tb.vhd" Line 163
run all
Stopped at time : 104360 ns : File "C:/Users/Mateusz Kozlowski/Documents/zampf/ZAMFP/ZAMFP.srcs/system/new/system_tb.vhd" Line 163
run all
Stopped at time : 104360 ns : File "C:/Users/Mateusz Kozlowski/Documents/zampf/ZAMFP/ZAMFP.srcs/system/new/system_tb.vhd" Line 163
run all
Stopped at time : 121720 ns : File "C:/Users/Mateusz Kozlowski/Documents/zampf/ZAMFP/ZAMFP.srcs/system/new/system_tb.vhd" Line 164
run all
run: Time (s): cpu = 00:00:23 ; elapsed = 00:00:22 . Memory (MB): peak = 3401.051 ; gain = 0.000
relaunch_sim
INFO: xsimkernel Simulation Memory Usage: 17612 KB (Peak: 17612 KB), Simulation CPU Usage: 21936 ms
Command: launch_simulation -step compile -simset sim_1 -mode behavioral
INFO: [Vivado 12-12493] Simulation top is 'system_tb'
INFO: [Vivado 12-5682] Launching behavioral simulation in 'C:/Users/Mateusz Kozlowski/Documents/zampf/ZAMFP/ZAMFP.sim/sim_1/behav/xsim'
INFO: [SIM-utils-51] Simulation object is 'sim_1'
INFO: [USF-XSim-2] XSim::Compile design
INFO: [USF-XSim-61] Executing 'COMPILE and ANALYZE' step in 'C:/Users/Mateusz Kozlowski/Documents/zampf/ZAMFP/ZAMFP.sim/sim_1/behav/xsim'
"xvhdl --incr --relax -prj system_tb_vhdl.prj"
INFO: [VRFC 10-163] Analyzing VHDL file "C:/Users/Mateusz Kozlowski/Documents/zampf/ZAMFP/ZAMFP.srcs/system/new/system_tb.vhd" into library xil_defaultlib
INFO: [VRFC 10-3107] analyzing entity 'system_tb'
INFO: [USF-XSim-69] 'compile' step finished in '1' seconds
Command: launch_simulation -step elaborate -simset sim_1 -mode behavioral
INFO: [Vivado 12-12493] Simulation top is 'system_tb'
INFO: [Vivado 12-5682] Launching behavioral simulation in 'C:/Users/Mateusz Kozlowski/Documents/zampf/ZAMFP/ZAMFP.sim/sim_1/behav/xsim'
INFO: [SIM-utils-51] Simulation object is 'sim_1'
INFO: [USF-XSim-3] XSim::Elaborate design
INFO: [USF-XSim-61] Executing 'ELABORATE' step in 'C:/Users/Mateusz Kozlowski/Documents/zampf/ZAMFP/ZAMFP.sim/sim_1/behav/xsim'
"xelab --incr --debug typical --relax --mt 2 -L xil_defaultlib -L secureip --snapshot system_tb_behav xil_defaultlib.system_tb -log elaborate.log"
Vivado Simulator v2025.1.0
Copyright 1986-2022 Xilinx, Inc. All Rights Reserved.
Copyright 2022-2025 Advanced Micro Devices, Inc. All Rights Reserved.
Running: C:/Xilinx/2025.1/Vivado/bin/unwrapped/win64.o/xelab.exe --incr --debug typical --relax --mt 2 -L xil_defaultlib -L secureip --snapshot system_tb_behav xil_defaultlib.system_tb -log elaborate.log 
Using 2 slave threads.
Starting static elaboration
WARNING: [VRFC 10-3813] value in initialization depends on signal 'bit_ticks' [C:/Users/Mateusz Kozlowski/Documents/zampf/ZAMFP/ZAMFP.srcs/sources_1/new/uart.vhd:48]
WARNING: [VRFC 10-3813] value in initialization depends on signal 'bit_ticks' [C:/Users/Mateusz Kozlowski/Documents/zampf/ZAMFP/ZAMFP.srcs/sources_1/new/uart.vhd:57]
WARNING: [VRFC 10-3813] value in initialization depends on signal 'bit_ticks' [C:/Users/Mateusz Kozlowski/Documents/zampf/ZAMFP/ZAMFP.srcs/sources_1/new/uart.vhd:48]
WARNING: [VRFC 10-3813] value in initialization depends on signal 'bit_ticks' [C:/Users/Mateusz Kozlowski/Documents/zampf/ZAMFP/ZAMFP.srcs/sources_1/new/uart.vhd:57]
Completed static elaboration
Starting simulation data flow analysis
Completed simulation data flow analysis
Time Resolution for simulation is 1ps
Compiling package std.standard
Compiling package std.textio
Compiling package ieee.std_logic_1164
Compiling package ieee.std_logic_textio
Compiling package ieee.numeric_std
Compiling architecture behavioral of entity xil_defaultlib.ram [ram_default]
Compiling architecture rtl of entity xil_defaultlib.uart [\uart(clock_frequency=50000000)\]
Compiling architecture behavioral of entity xil_defaultlib.uart_ram_ctrl [uart_ram_ctrl_default]
Compiling architecture rtl of entity xil_defaultlib.system_rtl [system_rtl_default]
Compiling architecture rtl of entity xil_defaultlib.uart [uart_default]
Compiling architecture sim of entity xil_defaultlib.system_tb
Built simulation snapshot system_tb_behav
INFO: [USF-XSim-69] 'elaborate' step finished in '1' seconds
Time resolution is 1 ps
relaunch_sim: Time (s): cpu = 00:00:00 ; elapsed = 00:00:06 . Memory (MB): peak = 3401.051 ; gain = 0.000
run all
Stopped at time : 87 us : File "C:/Users/Mateusz Kozlowski/Documents/zampf/ZAMFP/ZAMFP.srcs/system/new/system_tb.vhd" Line 163
run all
Stopped at time : 87 us : File "C:/Users/Mateusz Kozlowski/Documents/zampf/ZAMFP/ZAMFP.srcs/system/new/system_tb.vhd" Line 163
run all
Stopped at time : 104360 ns : File "C:/Users/Mateusz Kozlowski/Documents/zampf/ZAMFP/ZAMFP.srcs/system/new/system_tb.vhd" Line 163
run all
Stopped at time : 104360 ns : File "C:/Users/Mateusz Kozlowski/Documents/zampf/ZAMFP/ZAMFP.srcs/system/new/system_tb.vhd" Line 164
run all
run: Time (s): cpu = 00:00:10 ; elapsed = 00:00:11 . Memory (MB): peak = 3401.051 ; gain = 0.000
relaunch_sim
INFO: xsimkernel Simulation Memory Usage: 17600 KB (Peak: 17600 KB), Simulation CPU Usage: 10749 ms
Command: launch_simulation -step compile -simset sim_1 -mode behavioral
INFO: [Vivado 12-12493] Simulation top is 'system_tb'
INFO: [Vivado 12-5682] Launching behavioral simulation in 'C:/Users/Mateusz Kozlowski/Documents/zampf/ZAMFP/ZAMFP.sim/sim_1/behav/xsim'
INFO: [SIM-utils-51] Simulation object is 'sim_1'
INFO: [USF-XSim-2] XSim::Compile design
INFO: [USF-XSim-61] Executing 'COMPILE and ANALYZE' step in 'C:/Users/Mateusz Kozlowski/Documents/zampf/ZAMFP/ZAMFP.sim/sim_1/behav/xsim'
"xvhdl --incr --relax -prj system_tb_vhdl.prj"
INFO: [VRFC 10-163] Analyzing VHDL file "C:/Users/Mateusz Kozlowski/Documents/zampf/ZAMFP/ZAMFP.srcs/system/new/system_tb.vhd" into library xil_defaultlib
INFO: [VRFC 10-3107] analyzing entity 'system_tb'
INFO: [USF-XSim-69] 'compile' step finished in '1' seconds
Command: launch_simulation -step elaborate -simset sim_1 -mode behavioral
INFO: [Vivado 12-12493] Simulation top is 'system_tb'
INFO: [Vivado 12-5682] Launching behavioral simulation in 'C:/Users/Mateusz Kozlowski/Documents/zampf/ZAMFP/ZAMFP.sim/sim_1/behav/xsim'
INFO: [SIM-utils-51] Simulation object is 'sim_1'
INFO: [USF-XSim-3] XSim::Elaborate design
INFO: [USF-XSim-61] Executing 'ELABORATE' step in 'C:/Users/Mateusz Kozlowski/Documents/zampf/ZAMFP/ZAMFP.sim/sim_1/behav/xsim'
"xelab --incr --debug typical --relax --mt 2 -L xil_defaultlib -L secureip --snapshot system_tb_behav xil_defaultlib.system_tb -log elaborate.log"
Vivado Simulator v2025.1.0
Copyright 1986-2022 Xilinx, Inc. All Rights Reserved.
Copyright 2022-2025 Advanced Micro Devices, Inc. All Rights Reserved.
Running: C:/Xilinx/2025.1/Vivado/bin/unwrapped/win64.o/xelab.exe --incr --debug typical --relax --mt 2 -L xil_defaultlib -L secureip --snapshot system_tb_behav xil_defaultlib.system_tb -log elaborate.log 
Using 2 slave threads.
Starting static elaboration
WARNING: [VRFC 10-3813] value in initialization depends on signal 'bit_ticks' [C:/Users/Mateusz Kozlowski/Documents/zampf/ZAMFP/ZAMFP.srcs/sources_1/new/uart.vhd:48]
WARNING: [VRFC 10-3813] value in initialization depends on signal 'bit_ticks' [C:/Users/Mateusz Kozlowski/Documents/zampf/ZAMFP/ZAMFP.srcs/sources_1/new/uart.vhd:57]
WARNING: [VRFC 10-3813] value in initialization depends on signal 'bit_ticks' [C:/Users/Mateusz Kozlowski/Documents/zampf/ZAMFP/ZAMFP.srcs/sources_1/new/uart.vhd:48]
WARNING: [VRFC 10-3813] value in initialization depends on signal 'bit_ticks' [C:/Users/Mateusz Kozlowski/Documents/zampf/ZAMFP/ZAMFP.srcs/sources_1/new/uart.vhd:57]
Completed static elaboration
Starting simulation data flow analysis
Completed simulation data flow analysis
Time Resolution for simulation is 1ps
Compiling package std.standard
Compiling package std.textio
Compiling package ieee.std_logic_1164
Compiling package ieee.std_logic_textio
Compiling package ieee.numeric_std
Compiling architecture behavioral of entity xil_defaultlib.ram [ram_default]
Compiling architecture rtl of entity xil_defaultlib.uart [\uart(clock_frequency=50000000)\]
Compiling architecture behavioral of entity xil_defaultlib.uart_ram_ctrl [uart_ram_ctrl_default]
Compiling architecture rtl of entity xil_defaultlib.system_rtl [system_rtl_default]
Compiling architecture rtl of entity xil_defaultlib.uart [uart_default]
Compiling architecture sim of entity xil_defaultlib.system_tb
Built simulation snapshot system_tb_behav
INFO: [USF-XSim-69] 'elaborate' step finished in '1' seconds
Time resolution is 1 ps
WARNING: [Simulator 45-24] Previous breakpoint at line 169 in file 'C:/Users/Mateusz Kozlowski/Documents/zampf/ZAMFP/ZAMFP.srcs/system/new/system_tb.vhd' not restored because it is no longer a breakable line.
relaunch_sim: Time (s): cpu = 00:00:01 ; elapsed = 00:00:06 . Memory (MB): peak = 3401.051 ; gain = 0.000
add_bp {C:/Users/Mateusz Kozlowski/Documents/zampf/ZAMFP/ZAMFP.srcs/system/new/system_tb.vhd} 171
relaunch_sim
Command: launch_simulation -step compile -simset sim_1 -mode behavioral
INFO: [Vivado 12-12493] Simulation top is 'system_tb'
INFO: [Vivado 12-5682] Launching behavioral simulation in 'C:/Users/Mateusz Kozlowski/Documents/zampf/ZAMFP/ZAMFP.sim/sim_1/behav/xsim'
INFO: [SIM-utils-51] Simulation object is 'sim_1'
INFO: [USF-XSim-2] XSim::Compile design
INFO: [USF-XSim-61] Executing 'COMPILE and ANALYZE' step in 'C:/Users/Mateusz Kozlowski/Documents/zampf/ZAMFP/ZAMFP.sim/sim_1/behav/xsim'
"xvhdl --incr --relax -prj system_tb_vhdl.prj"
INFO: [USF-XSim-69] 'compile' step finished in '1' seconds
Command: launch_simulation -step elaborate -simset sim_1 -mode behavioral
INFO: [Vivado 12-12493] Simulation top is 'system_tb'
INFO: [Vivado 12-5682] Launching behavioral simulation in 'C:/Users/Mateusz Kozlowski/Documents/zampf/ZAMFP/ZAMFP.sim/sim_1/behav/xsim'
INFO: [SIM-utils-51] Simulation object is 'sim_1'
INFO: [USF-XSim-3] XSim::Elaborate design
INFO: [USF-XSim-61] Executing 'ELABORATE' step in 'C:/Users/Mateusz Kozlowski/Documents/zampf/ZAMFP/ZAMFP.sim/sim_1/behav/xsim'
"xelab --incr --debug typical --relax --mt 2 -L xil_defaultlib -L secureip --snapshot system_tb_behav xil_defaultlib.system_tb -log elaborate.log"
Vivado Simulator v2025.1.0
Copyright 1986-2022 Xilinx, Inc. All Rights Reserved.
Copyright 2022-2025 Advanced Micro Devices, Inc. All Rights Reserved.
Running: C:/Xilinx/2025.1/Vivado/bin/unwrapped/win64.o/xelab.exe --incr --debug typical --relax --mt 2 -L xil_defaultlib -L secureip --snapshot system_tb_behav xil_defaultlib.system_tb -log elaborate.log 
Using 2 slave threads.
Starting static elaboration
WARNING: [VRFC 10-3813] value in initialization depends on signal 'bit_ticks' [C:/Users/Mateusz Kozlowski/Documents/zampf/ZAMFP/ZAMFP.srcs/sources_1/new/uart.vhd:48]
WARNING: [VRFC 10-3813] value in initialization depends on signal 'bit_ticks' [C:/Users/Mateusz Kozlowski/Documents/zampf/ZAMFP/ZAMFP.srcs/sources_1/new/uart.vhd:57]
WARNING: [VRFC 10-3813] value in initialization depends on signal 'bit_ticks' [C:/Users/Mateusz Kozlowski/Documents/zampf/ZAMFP/ZAMFP.srcs/sources_1/new/uart.vhd:48]
WARNING: [VRFC 10-3813] value in initialization depends on signal 'bit_ticks' [C:/Users/Mateusz Kozlowski/Documents/zampf/ZAMFP/ZAMFP.srcs/sources_1/new/uart.vhd:57]
Completed static elaboration
INFO: [XSIM 43-4323] No Change in HDL. Linking previously generated obj files to create kernel
INFO: [USF-XSim-69] 'elaborate' step finished in '1' seconds
Time resolution is 1 ps
run 100 ms
Stopped at time : 87 us : File "C:/Users/Mateusz Kozlowski/Documents/zampf/ZAMFP/ZAMFP.srcs/system/new/system_tb.vhd" Line 163
run all
Stopped at time : 87 us : File "C:/Users/Mateusz Kozlowski/Documents/zampf/ZAMFP/ZAMFP.srcs/system/new/system_tb.vhd" Line 163
run all
Stopped at time : 104360 ns : File "C:/Users/Mateusz Kozlowski/Documents/zampf/ZAMFP/ZAMFP.srcs/system/new/system_tb.vhd" Line 163
run all
Stopped at time : 104360 ns : File "C:/Users/Mateusz Kozlowski/Documents/zampf/ZAMFP/ZAMFP.srcs/system/new/system_tb.vhd" Line 164
run all
run: Time (s): cpu = 00:00:07 ; elapsed = 00:00:08 . Memory (MB): peak = 3401.051 ; gain = 0.000
add_bp {C:/Users/Mateusz Kozlowski/Documents/zampf/ZAMFP/ZAMFP.srcs/system/new/system_tb.vhd} 165
add_bp {C:/Users/Mateusz Kozlowski/Documents/zampf/ZAMFP/ZAMFP.srcs/system/new/system_tb.vhd} 167
add_bp {C:/Users/Mateusz Kozlowski/Documents/zampf/ZAMFP/ZAMFP.srcs/system/new/system_tb.vhd} 173
relaunch_sim
Command: launch_simulation -step compile -simset sim_1 -mode behavioral
INFO: [Vivado 12-12493] Simulation top is 'system_tb'
INFO: [Vivado 12-5682] Launching behavioral simulation in 'C:/Users/Mateusz Kozlowski/Documents/zampf/ZAMFP/ZAMFP.sim/sim_1/behav/xsim'
INFO: [SIM-utils-51] Simulation object is 'sim_1'
INFO: [USF-XSim-2] XSim::Compile design
INFO: [USF-XSim-61] Executing 'COMPILE and ANALYZE' step in 'C:/Users/Mateusz Kozlowski/Documents/zampf/ZAMFP/ZAMFP.sim/sim_1/behav/xsim'
"xvhdl --incr --relax -prj system_tb_vhdl.prj"
INFO: [USF-XSim-69] 'compile' step finished in '1' seconds
Command: launch_simulation -step elaborate -simset sim_1 -mode behavioral
INFO: [Vivado 12-12493] Simulation top is 'system_tb'
INFO: [Vivado 12-5682] Launching behavioral simulation in 'C:/Users/Mateusz Kozlowski/Documents/zampf/ZAMFP/ZAMFP.sim/sim_1/behav/xsim'
INFO: [SIM-utils-51] Simulation object is 'sim_1'
INFO: [USF-XSim-3] XSim::Elaborate design
INFO: [USF-XSim-61] Executing 'ELABORATE' step in 'C:/Users/Mateusz Kozlowski/Documents/zampf/ZAMFP/ZAMFP.sim/sim_1/behav/xsim'
"xelab --incr --debug typical --relax --mt 2 -L xil_defaultlib -L secureip --snapshot system_tb_behav xil_defaultlib.system_tb -log elaborate.log"
Vivado Simulator v2025.1.0
Copyright 1986-2022 Xilinx, Inc. All Rights Reserved.
Copyright 2022-2025 Advanced Micro Devices, Inc. All Rights Reserved.
Running: C:/Xilinx/2025.1/Vivado/bin/unwrapped/win64.o/xelab.exe --incr --debug typical --relax --mt 2 -L xil_defaultlib -L secureip --snapshot system_tb_behav xil_defaultlib.system_tb -log elaborate.log 
Using 2 slave threads.
Starting static elaboration
WARNING: [VRFC 10-3813] value in initialization depends on signal 'bit_ticks' [C:/Users/Mateusz Kozlowski/Documents/zampf/ZAMFP/ZAMFP.srcs/sources_1/new/uart.vhd:48]
WARNING: [VRFC 10-3813] value in initialization depends on signal 'bit_ticks' [C:/Users/Mateusz Kozlowski/Documents/zampf/ZAMFP/ZAMFP.srcs/sources_1/new/uart.vhd:57]
WARNING: [VRFC 10-3813] value in initialization depends on signal 'bit_ticks' [C:/Users/Mateusz Kozlowski/Documents/zampf/ZAMFP/ZAMFP.srcs/sources_1/new/uart.vhd:48]
WARNING: [VRFC 10-3813] value in initialization depends on signal 'bit_ticks' [C:/Users/Mateusz Kozlowski/Documents/zampf/ZAMFP/ZAMFP.srcs/sources_1/new/uart.vhd:57]
Completed static elaboration
INFO: [XSIM 43-4323] No Change in HDL. Linking previously generated obj files to create kernel
INFO: [USF-XSim-69] 'elaborate' step finished in '1' seconds
Time resolution is 1 ps
run all
Stopped at time : 87 us : File "C:/Users/Mateusz Kozlowski/Documents/zampf/ZAMFP/ZAMFP.srcs/system/new/system_tb.vhd" Line 163
run all
Stopped at time : 87 us : File "C:/Users/Mateusz Kozlowski/Documents/zampf/ZAMFP/ZAMFP.srcs/system/new/system_tb.vhd" Line 163
run all
Stopped at time : 104360 ns : File "C:/Users/Mateusz Kozlowski/Documents/zampf/ZAMFP/ZAMFP.srcs/system/new/system_tb.vhd" Line 163
run all
Stopped at time : 104360 ns : File "C:/Users/Mateusz Kozlowski/Documents/zampf/ZAMFP/ZAMFP.srcs/system/new/system_tb.vhd" Line 164
run all
Stopped at time : 104360 ns : File "C:/Users/Mateusz Kozlowski/Documents/zampf/ZAMFP/ZAMFP.srcs/system/new/system_tb.vhd" Line 165
run all
relaunch_sim
Command: launch_simulation -step compile -simset sim_1 -mode behavioral
INFO: [Vivado 12-12493] Simulation top is 'system_tb'
INFO: [Vivado 12-5682] Launching behavioral simulation in 'C:/Users/Mateusz Kozlowski/Documents/zampf/ZAMFP/ZAMFP.sim/sim_1/behav/xsim'
INFO: [SIM-utils-51] Simulation object is 'sim_1'
INFO: [USF-XSim-2] XSim::Compile design
INFO: [USF-XSim-61] Executing 'COMPILE and ANALYZE' step in 'C:/Users/Mateusz Kozlowski/Documents/zampf/ZAMFP/ZAMFP.sim/sim_1/behav/xsim'
"xvhdl --incr --relax -prj system_tb_vhdl.prj"
INFO: [USF-XSim-69] 'compile' step finished in '1' seconds
Command: launch_simulation -step elaborate -simset sim_1 -mode behavioral
INFO: [Vivado 12-12493] Simulation top is 'system_tb'
INFO: [Vivado 12-5682] Launching behavioral simulation in 'C:/Users/Mateusz Kozlowski/Documents/zampf/ZAMFP/ZAMFP.sim/sim_1/behav/xsim'
INFO: [SIM-utils-51] Simulation object is 'sim_1'
INFO: [USF-XSim-3] XSim::Elaborate design
INFO: [USF-XSim-61] Executing 'ELABORATE' step in 'C:/Users/Mateusz Kozlowski/Documents/zampf/ZAMFP/ZAMFP.sim/sim_1/behav/xsim'
"xelab --incr --debug typical --relax --mt 2 -L xil_defaultlib -L secureip --snapshot system_tb_behav xil_defaultlib.system_tb -log elaborate.log"
Vivado Simulator v2025.1.0
Copyright 1986-2022 Xilinx, Inc. All Rights Reserved.
Copyright 2022-2025 Advanced Micro Devices, Inc. All Rights Reserved.
Running: C:/Xilinx/2025.1/Vivado/bin/unwrapped/win64.o/xelab.exe --incr --debug typical --relax --mt 2 -L xil_defaultlib -L secureip --snapshot system_tb_behav xil_defaultlib.system_tb -log elaborate.log 
Using 2 slave threads.
Starting static elaboration
WARNING: [VRFC 10-3813] value in initialization depends on signal 'bit_ticks' [C:/Users/Mateusz Kozlowski/Documents/zampf/ZAMFP/ZAMFP.srcs/sources_1/new/uart.vhd:48]
WARNING: [VRFC 10-3813] value in initialization depends on signal 'bit_ticks' [C:/Users/Mateusz Kozlowski/Documents/zampf/ZAMFP/ZAMFP.srcs/sources_1/new/uart.vhd:57]
WARNING: [VRFC 10-3813] value in initialization depends on signal 'bit_ticks' [C:/Users/Mateusz Kozlowski/Documents/zampf/ZAMFP/ZAMFP.srcs/sources_1/new/uart.vhd:48]
WARNING: [VRFC 10-3813] value in initialization depends on signal 'bit_ticks' [C:/Users/Mateusz Kozlowski/Documents/zampf/ZAMFP/ZAMFP.srcs/sources_1/new/uart.vhd:57]
Completed static elaboration
INFO: [XSIM 43-4323] No Change in HDL. Linking previously generated obj files to create kernel
INFO: [USF-XSim-69] 'elaborate' step finished in '1' seconds
Time resolution is 1 ps
run all
Stopped at time : 87 us : File "C:/Users/Mateusz Kozlowski/Documents/zampf/ZAMFP/ZAMFP.srcs/system/new/system_tb.vhd" Line 163
run all
Stopped at time : 87 us : File "C:/Users/Mateusz Kozlowski/Documents/zampf/ZAMFP/ZAMFP.srcs/system/new/system_tb.vhd" Line 163
run all
Stopped at time : 104360 ns : File "C:/Users/Mateusz Kozlowski/Documents/zampf/ZAMFP/ZAMFP.srcs/system/new/system_tb.vhd" Line 163
run all
Stopped at time : 104360 ns : File "C:/Users/Mateusz Kozlowski/Documents/zampf/ZAMFP/ZAMFP.srcs/system/new/system_tb.vhd" Line 164
run all
Stopped at time : 104360 ns : File "C:/Users/Mateusz Kozlowski/Documents/zampf/ZAMFP/ZAMFP.srcs/system/new/system_tb.vhd" Line 165
run all
relaunch_sim
Command: launch_simulation -step compile -simset sim_1 -mode behavioral
INFO: [Vivado 12-12493] Simulation top is 'system_tb'
INFO: [Vivado 12-5682] Launching behavioral simulation in 'C:/Users/Mateusz Kozlowski/Documents/zampf/ZAMFP/ZAMFP.sim/sim_1/behav/xsim'
INFO: [SIM-utils-51] Simulation object is 'sim_1'
INFO: [USF-XSim-2] XSim::Compile design
INFO: [USF-XSim-61] Executing 'COMPILE and ANALYZE' step in 'C:/Users/Mateusz Kozlowski/Documents/zampf/ZAMFP/ZAMFP.sim/sim_1/behav/xsim'
"xvhdl --incr --relax -prj system_tb_vhdl.prj"
INFO: [VRFC 10-163] Analyzing VHDL file "C:/Users/Mateusz Kozlowski/Documents/zampf/ZAMFP/ZAMFP.srcs/system/new/system_tb.vhd" into library xil_defaultlib
INFO: [VRFC 10-3107] analyzing entity 'system_tb'
INFO: [USF-XSim-69] 'compile' step finished in '1' seconds
Command: launch_simulation -step elaborate -simset sim_1 -mode behavioral
INFO: [Vivado 12-12493] Simulation top is 'system_tb'
INFO: [Vivado 12-5682] Launching behavioral simulation in 'C:/Users/Mateusz Kozlowski/Documents/zampf/ZAMFP/ZAMFP.sim/sim_1/behav/xsim'
INFO: [SIM-utils-51] Simulation object is 'sim_1'
INFO: [USF-XSim-3] XSim::Elaborate design
INFO: [USF-XSim-61] Executing 'ELABORATE' step in 'C:/Users/Mateusz Kozlowski/Documents/zampf/ZAMFP/ZAMFP.sim/sim_1/behav/xsim'
"xelab --incr --debug typical --relax --mt 2 -L xil_defaultlib -L secureip --snapshot system_tb_behav xil_defaultlib.system_tb -log elaborate.log"
Vivado Simulator v2025.1.0
Copyright 1986-2022 Xilinx, Inc. All Rights Reserved.
Copyright 2022-2025 Advanced Micro Devices, Inc. All Rights Reserved.
Running: C:/Xilinx/2025.1/Vivado/bin/unwrapped/win64.o/xelab.exe --incr --debug typical --relax --mt 2 -L xil_defaultlib -L secureip --snapshot system_tb_behav xil_defaultlib.system_tb -log elaborate.log 
Using 2 slave threads.
Starting static elaboration
WARNING: [VRFC 10-3813] value in initialization depends on signal 'bit_ticks' [C:/Users/Mateusz Kozlowski/Documents/zampf/ZAMFP/ZAMFP.srcs/sources_1/new/uart.vhd:48]
WARNING: [VRFC 10-3813] value in initialization depends on signal 'bit_ticks' [C:/Users/Mateusz Kozlowski/Documents/zampf/ZAMFP/ZAMFP.srcs/sources_1/new/uart.vhd:57]
WARNING: [VRFC 10-3813] value in initialization depends on signal 'bit_ticks' [C:/Users/Mateusz Kozlowski/Documents/zampf/ZAMFP/ZAMFP.srcs/sources_1/new/uart.vhd:48]
WARNING: [VRFC 10-3813] value in initialization depends on signal 'bit_ticks' [C:/Users/Mateusz Kozlowski/Documents/zampf/ZAMFP/ZAMFP.srcs/sources_1/new/uart.vhd:57]
Completed static elaboration
Starting simulation data flow analysis
Completed simulation data flow analysis
Time Resolution for simulation is 1ps
Compiling package std.standard
Compiling package std.textio
Compiling package ieee.std_logic_1164
Compiling package ieee.std_logic_textio
Compiling package ieee.numeric_std
Compiling architecture behavioral of entity xil_defaultlib.ram [ram_default]
Compiling architecture rtl of entity xil_defaultlib.uart [\uart(clock_frequency=50000000)\]
Compiling architecture behavioral of entity xil_defaultlib.uart_ram_ctrl [uart_ram_ctrl_default]
Compiling architecture rtl of entity xil_defaultlib.system_rtl [system_rtl_default]
Compiling architecture rtl of entity xil_defaultlib.uart [uart_default]
Compiling architecture sim of entity xil_defaultlib.system_tb
Built simulation snapshot system_tb_behav
INFO: [USF-XSim-69] 'elaborate' step finished in '1' seconds
Time resolution is 1 ps
relaunch_sim: Time (s): cpu = 00:00:01 ; elapsed = 00:00:06 . Memory (MB): peak = 3402.277 ; gain = 0.000
relaunch_sim
WARNING: [filemgmt 56-199] Attempt to get parsing info during refresh. "On-the-fly" syntax checking information may be incorrect. [C:\Users\Mateusz Kozlowski\Documents\zampf\ZAMFP\ZAMFP.srcs\sources_1\new\ram.vhd:]
WARNING: [filemgmt 56-199] Attempt to get parsing info during refresh. "On-the-fly" syntax checking information may be incorrect. [C:\Users\Mateusz Kozlowski\Documents\zampf\ZAMFP\ZAMFP.srcs\sources_1\new\uart.vhd:]
WARNING: [filemgmt 56-199] Attempt to get parsing info during refresh. "On-the-fly" syntax checking information may be incorrect. [C:\Users\Mateusz Kozlowski\Documents\zampf\ZAMFP\ZAMFP.srcs\sources_1\new\uart_ram_ctrl.vhd:]
WARNING: [filemgmt 56-199] Attempt to get parsing info during refresh. "On-the-fly" syntax checking information may be incorrect. [C:\Users\Mateusz Kozlowski\Documents\zampf\ZAMFP\ZAMFP.srcs\system\new\system_tb.vhd:]
WARNING: [filemgmt 56-199] Attempt to get parsing info during refresh. "On-the-fly" syntax checking information may be incorrect. [C:\Users\Mateusz Kozlowski\Documents\zampf\ZAMFP\ZAMFP.srcs\sources_1\new\uart.vhd:]
WARNING: [filemgmt 56-199] Attempt to get parsing info during refresh. "On-the-fly" syntax checking information may be incorrect. [C:\Users\Mateusz Kozlowski\Documents\zampf\ZAMFP\ZAMFP.srcs\sources_1\new\uart.vhd:]
Command: launch_simulation -step compile -simset sim_1 -mode behavioral
INFO: [Vivado 12-12493] Simulation top is 'system_tb'
ERROR: [Common 17-180] Spawn failed: Operacja ukonczona pomyslnie.

WARNING: [filemgmt 56-199] Attempt to get parsing info during refresh. "On-the-fly" syntax checking information may be incorrect. [C:\Users\Mateusz Kozlowski\Documents\zampf\ZAMFP\ZAMFP.srcs\sources_1\new\ram.vhd:]
WARNING: [filemgmt 56-199] Attempt to get parsing info during refresh. "On-the-fly" syntax checking information may be incorrect. [C:\Users\Mateusz Kozlowski\Documents\zampf\ZAMFP\ZAMFP.srcs\sources_1\new\uart.vhd:]
WARNING: [filemgmt 56-199] Attempt to get parsing info during refresh. "On-the-fly" syntax checking information may be incorrect. [C:\Users\Mateusz Kozlowski\Documents\zampf\ZAMFP\ZAMFP.srcs\sources_1\new\uart_ram_ctrl.vhd:]
WARNING: [filemgmt 56-199] Attempt to get parsing info during refresh. "On-the-fly" syntax checking information may be incorrect. [C:\Users\Mateusz Kozlowski\Documents\zampf\ZAMFP\ZAMFP.srcs\system\new\system_tb.vhd:]
WARNING: [filemgmt 56-199] Attempt to get parsing info during refresh. "On-the-fly" syntax checking information may be incorrect. [C:\Users\Mateusz Kozlowski\Documents\zampf\ZAMFP\ZAMFP.srcs\system\new\system_tb.vhd:]
WARNING: [filemgmt 56-199] Attempt to get parsing info during refresh. "On-the-fly" syntax checking information may be incorrect. [C:\Users\Mateusz Kozlowski\Documents\zampf\ZAMFP\ZAMFP.srcs\system\new\system_tb.vhd:]
INFO: [Vivado 12-5682] Launching behavioral simulation in 'C:/Users/Mateusz Kozlowski/Documents/zampf/ZAMFP/ZAMFP.sim/sim_1/behav/xsim'
INFO: [SIM-utils-51] Simulation object is 'sim_1'
INFO: [USF-XSim-2] XSim::Compile design
INFO: [USF-XSim-61] Executing 'COMPILE and ANALYZE' step in 'C:/Users/Mateusz Kozlowski/Documents/zampf/ZAMFP/ZAMFP.sim/sim_1/behav/xsim'
WARNING: [filemgmt 56-199] Attempt to get parsing info during refresh. "On-the-fly" syntax checking information may be incorrect. [C:\Users\Mateusz Kozlowski\Documents\zampf\ZAMFP\ZAMFP.srcs\sources_1\new\ram.vhd:]
WARNING: [filemgmt 56-199] Attempt to get parsing info during refresh. "On-the-fly" syntax checking information may be incorrect. [C:\Users\Mateusz Kozlowski\Documents\zampf\ZAMFP\ZAMFP.srcs\sources_1\new\uart.vhd:]
WARNING: [filemgmt 56-199] Attempt to get parsing info during refresh. "On-the-fly" syntax checking information may be incorrect. [C:\Users\Mateusz Kozlowski\Documents\zampf\ZAMFP\ZAMFP.srcs\sources_1\new\uart_ram_ctrl.vhd:]
WARNING: [filemgmt 56-199] Attempt to get parsing info during refresh. "On-the-fly" syntax checking information may be incorrect. [C:\Users\Mateusz Kozlowski\Documents\zampf\ZAMFP\ZAMFP.srcs\system\new\system_tb.vhd:]
WARNING: [filemgmt 56-199] Attempt to get parsing info during refresh. "On-the-fly" syntax checking information may be incorrect. [C:\Users\Mateusz Kozlowski\Documents\zampf\ZAMFP\ZAMFP.srcs\sources_1\new\uart_ram_ctrl.vhd:]
WARNING: [filemgmt 56-199] Attempt to get parsing info during refresh. "On-the-fly" syntax checking information may be incorrect. [C:\Users\Mateusz Kozlowski\Documents\zampf\ZAMFP\ZAMFP.srcs\sources_1\new\uart_ram_ctrl.vhd:]
"xvhdl --incr --relax -prj system_tb_vhdl.prj"
INFO: [VRFC 10-163] Analyzing VHDL file "C:/Users/Mateusz Kozlowski/Documents/zampf/ZAMFP/ZAMFP.srcs/system/new/system_tb.vhd" into library xil_defaultlib
INFO: [VRFC 10-3107] analyzing entity 'system_tb'
INFO: [USF-XSim-69] 'compile' step finished in '1' seconds
ERROR: [Common 17-39] 'launch_simulation' failed due to earlier errors.
ERROR: [Common 17-69] Command failed: ERROR: [Common 17-39] 'launch_simulation' failed due to earlier errors.

ERROR: [Common 17-180] Spawn failed: Operacja ukonczona pomyslnie.

relaunch_sim
Command: launch_simulation -step compile -simset sim_1 -mode behavioral
INFO: [Vivado 12-12493] Simulation top is 'system_tb'
INFO: [Vivado 12-5682] Launching behavioral simulation in 'C:/Users/Mateusz Kozlowski/Documents/zampf/ZAMFP/ZAMFP.sim/sim_1/behav/xsim'
INFO: [SIM-utils-51] Simulation object is 'sim_1'
INFO: [USF-XSim-2] XSim::Compile design
INFO: [USF-XSim-61] Executing 'COMPILE and ANALYZE' step in 'C:/Users/Mateusz Kozlowski/Documents/zampf/ZAMFP/ZAMFP.sim/sim_1/behav/xsim'
"xvhdl --incr --relax -prj system_tb_vhdl.prj"
INFO: [USF-XSim-69] 'compile' step finished in '1' seconds
Command: launch_simulation -step elaborate -simset sim_1 -mode behavioral
INFO: [Vivado 12-12493] Simulation top is 'system_tb'
INFO: [Vivado 12-5682] Launching behavioral simulation in 'C:/Users/Mateusz Kozlowski/Documents/zampf/ZAMFP/ZAMFP.sim/sim_1/behav/xsim'
INFO: [SIM-utils-51] Simulation object is 'sim_1'
INFO: [USF-XSim-3] XSim::Elaborate design
INFO: [USF-XSim-61] Executing 'ELABORATE' step in 'C:/Users/Mateusz Kozlowski/Documents/zampf/ZAMFP/ZAMFP.sim/sim_1/behav/xsim'
"xelab --incr --debug typical --relax --mt 2 -L xil_defaultlib -L secureip --snapshot system_tb_behav xil_defaultlib.system_tb -log elaborate.log"
Vivado Simulator v2025.1.0
Copyright 1986-2022 Xilinx, Inc. All Rights Reserved.
Copyright 2022-2025 Advanced Micro Devices, Inc. All Rights Reserved.
Running: C:/Xilinx/2025.1/Vivado/bin/unwrapped/win64.o/xelab.exe --incr --debug typical --relax --mt 2 -L xil_defaultlib -L secureip --snapshot system_tb_behav xil_defaultlib.system_tb -log elaborate.log 
Using 2 slave threads.
Starting static elaboration
WARNING: [VRFC 10-3813] value in initialization depends on signal 'bit_ticks' [C:/Users/Mateusz Kozlowski/Documents/zampf/ZAMFP/ZAMFP.srcs/sources_1/new/uart.vhd:48]
WARNING: [VRFC 10-3813] value in initialization depends on signal 'bit_ticks' [C:/Users/Mateusz Kozlowski/Documents/zampf/ZAMFP/ZAMFP.srcs/sources_1/new/uart.vhd:57]
WARNING: [VRFC 10-3813] value in initialization depends on signal 'bit_ticks' [C:/Users/Mateusz Kozlowski/Documents/zampf/ZAMFP/ZAMFP.srcs/sources_1/new/uart.vhd:48]
WARNING: [VRFC 10-3813] value in initialization depends on signal 'bit_ticks' [C:/Users/Mateusz Kozlowski/Documents/zampf/ZAMFP/ZAMFP.srcs/sources_1/new/uart.vhd:57]
Completed static elaboration
Starting simulation data flow analysis
Completed simulation data flow analysis
Time Resolution for simulation is 1ps
Compiling package std.standard
Compiling package std.textio
Compiling package ieee.std_logic_1164
Compiling package ieee.std_logic_textio
Compiling package ieee.numeric_std
Compiling architecture behavioral of entity xil_defaultlib.ram [ram_default]
Compiling architecture rtl of entity xil_defaultlib.uart [\uart(clock_frequency=50000000)\]
Compiling architecture behavioral of entity xil_defaultlib.uart_ram_ctrl [uart_ram_ctrl_default]
Compiling architecture rtl of entity xil_defaultlib.system_rtl [system_rtl_default]
Compiling architecture rtl of entity xil_defaultlib.uart [uart_default]
Compiling architecture sim of entity xil_defaultlib.system_tb
Built simulation snapshot system_tb_behav
INFO: [USF-XSim-69] 'elaborate' step finished in '1' seconds
Time resolution is 1 ps
WARNING: [Simulator 45-24] Previous breakpoint at line 164 in file 'C:/Users/Mateusz Kozlowski/Documents/zampf/ZAMFP/ZAMFP.srcs/system/new/system_tb.vhd' not restored because it is no longer a breakable line.
WARNING: [Simulator 45-24] Previous breakpoint at line 165 in file 'C:/Users/Mateusz Kozlowski/Documents/zampf/ZAMFP/ZAMFP.srcs/system/new/system_tb.vhd' not restored because it is no longer a breakable line.
run all
Stopped at time : 87 us : File "C:/Users/Mateusz Kozlowski/Documents/zampf/ZAMFP/ZAMFP.srcs/system/new/system_tb.vhd" Line 163
run all
Stopped at time : 87 us : File "C:/Users/Mateusz Kozlowski/Documents/zampf/ZAMFP/ZAMFP.srcs/system/new/system_tb.vhd" Line 163
run all
Stopped at time : 104360 ns : File "C:/Users/Mateusz Kozlowski/Documents/zampf/ZAMFP/ZAMFP.srcs/system/new/system_tb.vhd" Line 163
run all
Stopped at time : 104360 ns : File "C:/Users/Mateusz Kozlowski/Documents/zampf/ZAMFP/ZAMFP.srcs/system/new/system_tb.vhd" Line 163
run all
Stopped at time : 121720 ns : File "C:/Users/Mateusz Kozlowski/Documents/zampf/ZAMFP/ZAMFP.srcs/system/new/system_tb.vhd" Line 167
run all
Stopped at time : 208520 ns : File "C:/Users/Mateusz Kozlowski/Documents/zampf/ZAMFP/ZAMFP.srcs/system/new/system_tb.vhd" Line 171
relaunch_sim
WARNING: [filemgmt 56-199] Attempt to get parsing info during refresh. "On-the-fly" syntax checking information may be incorrect. [C:\Users\Mateusz Kozlowski\Documents\zampf\ZAMFP\ZAMFP.srcs\sources_1\new\ram.vhd:]
WARNING: [filemgmt 56-199] Attempt to get parsing info during refresh. "On-the-fly" syntax checking information may be incorrect. [C:\Users\Mateusz Kozlowski\Documents\zampf\ZAMFP\ZAMFP.srcs\sources_1\new\uart.vhd:]
WARNING: [filemgmt 56-199] Attempt to get parsing info during refresh. "On-the-fly" syntax checking information may be incorrect. [C:\Users\Mateusz Kozlowski\Documents\zampf\ZAMFP\ZAMFP.srcs\sources_1\new\uart_ram_ctrl.vhd:]
WARNING: [filemgmt 56-199] Attempt to get parsing info during refresh. "On-the-fly" syntax checking information may be incorrect. [C:\Users\Mateusz Kozlowski\Documents\zampf\ZAMFP\ZAMFP.srcs\system\new\system_tb.vhd:]
WARNING: [filemgmt 56-199] Attempt to get parsing info during refresh. "On-the-fly" syntax checking information may be incorrect. [C:\Users\Mateusz Kozlowski\Documents\zampf\ZAMFP\ZAMFP.srcs\sources_1\new\uart.vhd:]
WARNING: [filemgmt 56-199] Attempt to get parsing info during refresh. "On-the-fly" syntax checking information may be incorrect. [C:\Users\Mateusz Kozlowski\Documents\zampf\ZAMFP\ZAMFP.srcs\sources_1\new\uart.vhd:]
Command: launch_simulation -step compile -simset sim_1 -mode behavioral
INFO: [Vivado 12-12493] Simulation top is 'system_tb'
ERROR: [Common 17-180] Spawn failed: Operacja ukonczona pomyslnie.

WARNING: [filemgmt 56-199] Attempt to get parsing info during refresh. "On-the-fly" syntax checking information may be incorrect. [C:\Users\Mateusz Kozlowski\Documents\zampf\ZAMFP\ZAMFP.srcs\sources_1\new\ram.vhd:]
WARNING: [filemgmt 56-199] Attempt to get parsing info during refresh. "On-the-fly" syntax checking information may be incorrect. [C:\Users\Mateusz Kozlowski\Documents\zampf\ZAMFP\ZAMFP.srcs\sources_1\new\uart.vhd:]
WARNING: [filemgmt 56-199] Attempt to get parsing info during refresh. "On-the-fly" syntax checking information may be incorrect. [C:\Users\Mateusz Kozlowski\Documents\zampf\ZAMFP\ZAMFP.srcs\sources_1\new\uart_ram_ctrl.vhd:]
WARNING: [filemgmt 56-199] Attempt to get parsing info during refresh. "On-the-fly" syntax checking information may be incorrect. [C:\Users\Mateusz Kozlowski\Documents\zampf\ZAMFP\ZAMFP.srcs\system\new\system_tb.vhd:]
WARNING: [filemgmt 56-199] Attempt to get parsing info during refresh. "On-the-fly" syntax checking information may be incorrect. [C:\Users\Mateusz Kozlowski\Documents\zampf\ZAMFP\ZAMFP.srcs\system\new\system_tb.vhd:]
WARNING: [filemgmt 56-199] Attempt to get parsing info during refresh. "On-the-fly" syntax checking information may be incorrect. [C:\Users\Mateusz Kozlowski\Documents\zampf\ZAMFP\ZAMFP.srcs\system\new\system_tb.vhd:]
INFO: [Vivado 12-5682] Launching behavioral simulation in 'C:/Users/Mateusz Kozlowski/Documents/zampf/ZAMFP/ZAMFP.sim/sim_1/behav/xsim'
INFO: [SIM-utils-51] Simulation object is 'sim_1'
INFO: [USF-XSim-2] XSim::Compile design
INFO: [USF-XSim-61] Executing 'COMPILE and ANALYZE' step in 'C:/Users/Mateusz Kozlowski/Documents/zampf/ZAMFP/ZAMFP.sim/sim_1/behav/xsim'
WARNING: [filemgmt 56-199] Attempt to get parsing info during refresh. "On-the-fly" syntax checking information may be incorrect. [C:\Users\Mateusz Kozlowski\Documents\zampf\ZAMFP\ZAMFP.srcs\sources_1\new\ram.vhd:]
WARNING: [filemgmt 56-199] Attempt to get parsing info during refresh. "On-the-fly" syntax checking information may be incorrect. [C:\Users\Mateusz Kozlowski\Documents\zampf\ZAMFP\ZAMFP.srcs\sources_1\new\uart.vhd:]
WARNING: [filemgmt 56-199] Attempt to get parsing info during refresh. "On-the-fly" syntax checking information may be incorrect. [C:\Users\Mateusz Kozlowski\Documents\zampf\ZAMFP\ZAMFP.srcs\sources_1\new\uart_ram_ctrl.vhd:]
WARNING: [filemgmt 56-199] Attempt to get parsing info during refresh. "On-the-fly" syntax checking information may be incorrect. [C:\Users\Mateusz Kozlowski\Documents\zampf\ZAMFP\ZAMFP.srcs\system\new\system_tb.vhd:]
WARNING: [filemgmt 56-199] Attempt to get parsing info during refresh. "On-the-fly" syntax checking information may be incorrect. [C:\Users\Mateusz Kozlowski\Documents\zampf\ZAMFP\ZAMFP.srcs\sources_1\new\uart_ram_ctrl.vhd:]
WARNING: [filemgmt 56-199] Attempt to get parsing info during refresh. "On-the-fly" syntax checking information may be incorrect. [C:\Users\Mateusz Kozlowski\Documents\zampf\ZAMFP\ZAMFP.srcs\sources_1\new\uart_ram_ctrl.vhd:]
"xvhdl --incr --relax -prj system_tb_vhdl.prj"
INFO: [VRFC 10-163] Analyzing VHDL file "C:/Users/Mateusz Kozlowski/Documents/zampf/ZAMFP/ZAMFP.srcs/sources_1/new/uart.vhd" into library xil_defaultlib
INFO: [VRFC 10-3107] analyzing entity 'uart'
WARNING: [VRFC 10-9374] signal 'bit_ticks' is used in a subtype-indication or type-definition [C:/Users/Mateusz Kozlowski/Documents/zampf/ZAMFP/ZAMFP.srcs/sources_1/new/uart.vhd:48]
WARNING: [VRFC 10-9374] signal 'bit_ticks' is used in a subtype-indication or type-definition [C:/Users/Mateusz Kozlowski/Documents/zampf/ZAMFP/ZAMFP.srcs/sources_1/new/uart.vhd:57]
INFO: [VRFC 10-163] Analyzing VHDL file "C:/Users/Mateusz Kozlowski/Documents/zampf/ZAMFP/ZAMFP.srcs/sources_1/new/top.vhd" into library xil_defaultlib
INFO: [VRFC 10-3107] analyzing entity 'system_rtl'
INFO: [VRFC 10-163] Analyzing VHDL file "C:/Users/Mateusz Kozlowski/Documents/zampf/ZAMFP/ZAMFP.srcs/system/new/system_tb.vhd" into library xil_defaultlib
INFO: [VRFC 10-3107] analyzing entity 'system_tb'
INFO: [USF-XSim-69] 'compile' step finished in '1' seconds
ERROR: [Common 17-39] 'launch_simulation' failed due to earlier errors.
ERROR: [Common 17-69] Command failed: ERROR: [Common 17-39] 'launch_simulation' failed due to earlier errors.

ERROR: [Common 17-180] Spawn failed: Operacja ukonczona pomyslnie.

relaunch_sim
Command: launch_simulation -step compile -simset sim_1 -mode behavioral
INFO: [Vivado 12-12493] Simulation top is 'system_tb'
INFO: [Vivado 12-5682] Launching behavioral simulation in 'C:/Users/Mateusz Kozlowski/Documents/zampf/ZAMFP/ZAMFP.sim/sim_1/behav/xsim'
INFO: [SIM-utils-51] Simulation object is 'sim_1'
INFO: [USF-XSim-2] XSim::Compile design
INFO: [USF-XSim-61] Executing 'COMPILE and ANALYZE' step in 'C:/Users/Mateusz Kozlowski/Documents/zampf/ZAMFP/ZAMFP.sim/sim_1/behav/xsim'
"xvhdl --incr --relax -prj system_tb_vhdl.prj"
INFO: [VRFC 10-163] Analyzing VHDL file "C:/Users/Mateusz Kozlowski/Documents/zampf/ZAMFP/ZAMFP.srcs/system/new/system_tb.vhd" into library xil_defaultlib
INFO: [VRFC 10-3107] analyzing entity 'system_tb'
INFO: [USF-XSim-69] 'compile' step finished in '1' seconds
Command: launch_simulation -step elaborate -simset sim_1 -mode behavioral
INFO: [Vivado 12-12493] Simulation top is 'system_tb'
INFO: [Vivado 12-5682] Launching behavioral simulation in 'C:/Users/Mateusz Kozlowski/Documents/zampf/ZAMFP/ZAMFP.sim/sim_1/behav/xsim'
INFO: [SIM-utils-51] Simulation object is 'sim_1'
INFO: [USF-XSim-3] XSim::Elaborate design
INFO: [USF-XSim-61] Executing 'ELABORATE' step in 'C:/Users/Mateusz Kozlowski/Documents/zampf/ZAMFP/ZAMFP.sim/sim_1/behav/xsim'
"xelab --incr --debug typical --relax --mt 2 -L xil_defaultlib -L secureip --snapshot system_tb_behav xil_defaultlib.system_tb -log elaborate.log"
Vivado Simulator v2025.1.0
Copyright 1986-2022 Xilinx, Inc. All Rights Reserved.
Copyright 2022-2025 Advanced Micro Devices, Inc. All Rights Reserved.
Running: C:/Xilinx/2025.1/Vivado/bin/unwrapped/win64.o/xelab.exe --incr --debug typical --relax --mt 2 -L xil_defaultlib -L secureip --snapshot system_tb_behav xil_defaultlib.system_tb -log elaborate.log 
Using 2 slave threads.
Starting static elaboration
WARNING: [VRFC 10-3813] value in initialization depends on signal 'bit_ticks' [C:/Users/Mateusz Kozlowski/Documents/zampf/ZAMFP/ZAMFP.srcs/sources_1/new/uart.vhd:48]
WARNING: [VRFC 10-3813] value in initialization depends on signal 'bit_ticks' [C:/Users/Mateusz Kozlowski/Documents/zampf/ZAMFP/ZAMFP.srcs/sources_1/new/uart.vhd:57]
WARNING: [VRFC 10-3813] value in initialization depends on signal 'bit_ticks' [C:/Users/Mateusz Kozlowski/Documents/zampf/ZAMFP/ZAMFP.srcs/sources_1/new/uart.vhd:48]
WARNING: [VRFC 10-3813] value in initialization depends on signal 'bit_ticks' [C:/Users/Mateusz Kozlowski/Documents/zampf/ZAMFP/ZAMFP.srcs/sources_1/new/uart.vhd:57]
Completed static elaboration
Starting simulation data flow analysis
Completed simulation data flow analysis
Time Resolution for simulation is 1ps
Compiling package std.standard
Compiling package std.textio
Compiling package ieee.std_logic_1164
Compiling package ieee.std_logic_textio
Compiling package ieee.numeric_std
Compiling architecture behavioral of entity xil_defaultlib.ram [ram_default]
Compiling architecture rtl of entity xil_defaultlib.uart [\uart(clock_frequency=50000000)\]
Compiling architecture behavioral of entity xil_defaultlib.uart_ram_ctrl [uart_ram_ctrl_default]
Compiling architecture rtl of entity xil_defaultlib.system_rtl [system_rtl_default]
Compiling architecture rtl of entity xil_defaultlib.uart [uart_default]
Compiling architecture sim of entity xil_defaultlib.system_tb
Built simulation snapshot system_tb_behav
INFO: [USF-XSim-69] 'elaborate' step finished in '1' seconds
Time resolution is 1 ps
run all
Stopped at time : 87 us : File "C:/Users/Mateusz Kozlowski/Documents/zampf/ZAMFP/ZAMFP.srcs/system/new/system_tb.vhd" Line 163
run all
Stopped at time : 87 us : File "C:/Users/Mateusz Kozlowski/Documents/zampf/ZAMFP/ZAMFP.srcs/system/new/system_tb.vhd" Line 163
run all
Stopped at time : 104360 ns : File "C:/Users/Mateusz Kozlowski/Documents/zampf/ZAMFP/ZAMFP.srcs/system/new/system_tb.vhd" Line 163
run all
Stopped at time : 104360 ns : File "C:/Users/Mateusz Kozlowski/Documents/zampf/ZAMFP/ZAMFP.srcs/system/new/system_tb.vhd" Line 163
run all
Stopped at time : 121720 ns : File "C:/Users/Mateusz Kozlowski/Documents/zampf/ZAMFP/ZAMFP.srcs/system/new/system_tb.vhd" Line 167
run all
Stopped at time : 208520 ns : File "C:/Users/Mateusz Kozlowski/Documents/zampf/ZAMFP/ZAMFP.srcs/system/new/system_tb.vhd" Line 171
run all
Stopped at time : 208520 ns : File "C:/Users/Mateusz Kozlowski/Documents/zampf/ZAMFP/ZAMFP.srcs/system/new/system_tb.vhd" Line 171
run all
Stopped at time : 208520 ns : File "C:/Users/Mateusz Kozlowski/Documents/zampf/ZAMFP/ZAMFP.srcs/system/new/system_tb.vhd" Line 173
add_bp {C:/Users/Mateusz Kozlowski/Documents/zampf/ZAMFP/ZAMFP.srcs/system/new/system_tb.vhd} 175
add_bp {C:/Users/Mateusz Kozlowski/Documents/zampf/ZAMFP/ZAMFP.srcs/system/new/system_tb.vhd} 176
add_bp {C:/Users/Mateusz Kozlowski/Documents/zampf/ZAMFP/ZAMFP.srcs/system/new/system_tb.vhd} 179
add_bp {C:/Users/Mateusz Kozlowski/Documents/zampf/ZAMFP/ZAMFP.srcs/system/new/system_tb.vhd} 180
add_bp {C:/Users/Mateusz Kozlowski/Documents/zampf/ZAMFP/ZAMFP.srcs/system/new/system_tb.vhd} 181
add_bp {C:/Users/Mateusz Kozlowski/Documents/zampf/ZAMFP/ZAMFP.srcs/system/new/system_tb.vhd} 182
run all


Stopped at time : 399480 ns : File "C:/Users/Mateusz Kozlowski/Documents/zampf/ZAMFP/ZAMFP.srcs/system/new/system_tb.vhd" Line 175
run all
Stopped at time : 590440 ns : File "C:/Users/Mateusz Kozlowski/Documents/zampf/ZAMFP/ZAMFP.srcs/system/new/system_tb.vhd" Line 176
run all
Stopped at time : 781400 ns : File "C:/Users/Mateusz Kozlowski/Documents/zampf/ZAMFP/ZAMFP.srcs/system/new/system_tb.vhd" Line 179
add_bp {C:/Users/Mateusz Kozlowski/Documents/zampf/ZAMFP/ZAMFP.srcs/system/new/system_tb.vhd} 184
add_bp {C:/Users/Mateusz Kozlowski/Documents/zampf/ZAMFP/ZAMFP.srcs/system/new/system_tb.vhd} 185
add_bp {C:/Users/Mateusz Kozlowski/Documents/zampf/ZAMFP/ZAMFP.srcs/system/new/system_tb.vhd} 186
add_bp {C:/Users/Mateusz Kozlowski/Documents/zampf/ZAMFP/ZAMFP.srcs/system/new/system_tb.vhd} 187
run all
Stopped at time : 1136590 ns : File "C:/Users/Mateusz Kozlowski/Documents/zampf/ZAMFP/ZAMFP.srcs/system/new/system_tb.vhd" Line 180
run all
Stopped at time : 1136590 ns : File "C:/Users/Mateusz Kozlowski/Documents/zampf/ZAMFP/ZAMFP.srcs/system/new/system_tb.vhd" Line 181
run all
Stopped at time : 1136590 ns : File "C:/Users/Mateusz Kozlowski/Documents/zampf/ZAMFP/ZAMFP.srcs/system/new/system_tb.vhd" Line 181
run all
Stopped at time : 1136590 ns : File "C:/Users/Mateusz Kozlowski/Documents/zampf/ZAMFP/ZAMFP.srcs/system/new/system_tb.vhd" Line 182
run all
STARTXXRESP WRITE PRE = 0xCF
Stopped at time : 1136590 ns : File "C:/Users/Mateusz Kozlowski/Documents/zampf/ZAMFP/ZAMFP.srcs/system/new/system_tb.vhd" Line 184
run all
Stopped at time : 1466090 ns : File "C:/Users/Mateusz Kozlowski/Documents/zampf/ZAMFP/ZAMFP.srcs/system/new/system_tb.vhd" Line 185
add_bp {C:/Users/Mateusz Kozlowski/Documents/zampf/ZAMFP/ZAMFP.srcs/system/new/system_tb.vhd} 190
add_bp {C:/Users/Mateusz Kozlowski/Documents/zampf/ZAMFP/ZAMFP.srcs/system/new/system_tb.vhd} 192
add_bp {C:/Users/Mateusz Kozlowski/Documents/zampf/ZAMFP/ZAMFP.srcs/system/new/system_tb.vhd} 195
add_bp {C:/Users/Mateusz Kozlowski/Documents/zampf/ZAMFP/ZAMFP.srcs/system/new/system_tb.vhd} 194
add_bp {C:/Users/Mateusz Kozlowski/Documents/zampf/ZAMFP/ZAMFP.srcs/system/new/system_tb.vhd} 193
run all
Stopped at time : 1466090 ns : File "C:/Users/Mateusz Kozlowski/Documents/zampf/ZAMFP/ZAMFP.srcs/system/new/system_tb.vhd" Line 186
run all
Stopped at time : 1466090 ns : File "C:/Users/Mateusz Kozlowski/Documents/zampf/ZAMFP/ZAMFP.srcs/system/new/system_tb.vhd" Line 186
run all
Stopped at time : 1466090 ns : File "C:/Users/Mateusz Kozlowski/Documents/zampf/ZAMFP/ZAMFP.srcs/system/new/system_tb.vhd" Line 187
run all
RESP WRITE HDR = 0xFE
Stopped at time : 1466090 ns : File "C:/Users/Mateusz Kozlowski/Documents/zampf/ZAMFP/ZAMFP.srcs/system/new/system_tb.vhd" Line 190
run all

Stopped at time : 1466090 ns : File "C:/Users/Mateusz Kozlowski/Documents/zampf/ZAMFP/ZAMFP.srcs/system/new/system_tb.vhd" Line 192
run all
run: Time (s): cpu = 00:00:08 ; elapsed = 00:00:09 . Memory (MB): peak = 3402.277 ; gain = 0.000
relaunch_sim
Command: launch_simulation -step compile -simset sim_1 -mode behavioral
INFO: [Vivado 12-12493] Simulation top is 'system_tb'
INFO: [Vivado 12-5682] Launching behavioral simulation in 'C:/Users/Mateusz Kozlowski/Documents/zampf/ZAMFP/ZAMFP.sim/sim_1/behav/xsim'
INFO: [SIM-utils-51] Simulation object is 'sim_1'
INFO: [USF-XSim-2] XSim::Compile design
INFO: [USF-XSim-61] Executing 'COMPILE and ANALYZE' step in 'C:/Users/Mateusz Kozlowski/Documents/zampf/ZAMFP/ZAMFP.sim/sim_1/behav/xsim'
"xvhdl --incr --relax -prj system_tb_vhdl.prj"
INFO: [VRFC 10-163] Analyzing VHDL file "C:/Users/Mateusz Kozlowski/Documents/zampf/ZAMFP/ZAMFP.srcs/sources_1/new/uart.vhd" into library xil_defaultlib
INFO: [VRFC 10-3107] analyzing entity 'uart'
WARNING: [VRFC 10-9374] signal 'bit_ticks' is used in a subtype-indication or type-definition [C:/Users/Mateusz Kozlowski/Documents/zampf/ZAMFP/ZAMFP.srcs/sources_1/new/uart.vhd:48]
WARNING: [VRFC 10-9374] signal 'bit_ticks' is used in a subtype-indication or type-definition [C:/Users/Mateusz Kozlowski/Documents/zampf/ZAMFP/ZAMFP.srcs/sources_1/new/uart.vhd:57]
INFO: [VRFC 10-163] Analyzing VHDL file "C:/Users/Mateusz Kozlowski/Documents/zampf/ZAMFP/ZAMFP.srcs/sources_1/new/top.vhd" into library xil_defaultlib
INFO: [VRFC 10-3107] analyzing entity 'system_rtl'
INFO: [VRFC 10-163] Analyzing VHDL file "C:/Users/Mateusz Kozlowski/Documents/zampf/ZAMFP/ZAMFP.srcs/system/new/system_tb.vhd" into library xil_defaultlib
INFO: [VRFC 10-3107] analyzing entity 'system_tb'
INFO: [USF-XSim-69] 'compile' step finished in '1' seconds
Command: launch_simulation -step elaborate -simset sim_1 -mode behavioral
INFO: [Vivado 12-12493] Simulation top is 'system_tb'
INFO: [Vivado 12-5682] Launching behavioral simulation in 'C:/Users/Mateusz Kozlowski/Documents/zampf/ZAMFP/ZAMFP.sim/sim_1/behav/xsim'
INFO: [SIM-utils-51] Simulation object is 'sim_1'
INFO: [USF-XSim-3] XSim::Elaborate design
INFO: [USF-XSim-61] Executing 'ELABORATE' step in 'C:/Users/Mateusz Kozlowski/Documents/zampf/ZAMFP/ZAMFP.sim/sim_1/behav/xsim'
"xelab --incr --debug typical --relax --mt 2 -L xil_defaultlib -L secureip --snapshot system_tb_behav xil_defaultlib.system_tb -log elaborate.log"
Vivado Simulator v2025.1.0
Copyright 1986-2022 Xilinx, Inc. All Rights Reserved.
Copyright 2022-2025 Advanced Micro Devices, Inc. All Rights Reserved.
Running: C:/Xilinx/2025.1/Vivado/bin/unwrapped/win64.o/xelab.exe --incr --debug typical --relax --mt 2 -L xil_defaultlib -L secureip --snapshot system_tb_behav xil_defaultlib.system_tb -log elaborate.log 
Using 2 slave threads.
Starting static elaboration
WARNING: [VRFC 10-3813] value in initialization depends on signal 'bit_ticks' [C:/Users/Mateusz Kozlowski/Documents/zampf/ZAMFP/ZAMFP.srcs/sources_1/new/uart.vhd:48]
WARNING: [VRFC 10-3813] value in initialization depends on signal 'bit_ticks' [C:/Users/Mateusz Kozlowski/Documents/zampf/ZAMFP/ZAMFP.srcs/sources_1/new/uart.vhd:57]
Completed static elaboration
Starting simulation data flow analysis
Completed simulation data flow analysis
Time Resolution for simulation is 1ps
Compiling package std.standard
Compiling package std.textio
Compiling package ieee.std_logic_1164
Compiling package ieee.std_logic_textio
Compiling package ieee.numeric_std
Compiling architecture behavioral of entity xil_defaultlib.ram [ram_default]
Compiling architecture rtl of entity xil_defaultlib.uart [uart_default]
Compiling architecture behavioral of entity xil_defaultlib.uart_ram_ctrl [uart_ram_ctrl_default]
Compiling architecture rtl of entity xil_defaultlib.system_rtl [system_rtl_default]
Compiling architecture sim of entity xil_defaultlib.system_tb
Built simulation snapshot system_tb_behav
INFO: [USF-XSim-69] 'elaborate' step finished in '1' seconds
Time resolution is 1 ps
relaunch_sim: Time (s): cpu = 00:00:00 ; elapsed = 00:00:06 . Memory (MB): peak = 3402.277 ; gain = 0.000
run all
Stopped at time : 43600 ns : File "C:/Users/Mateusz Kozlowski/Documents/zampf/ZAMFP/ZAMFP.srcs/system/new/system_tb.vhd" Line 163
run all
Stopped at time : 43600 ns : File "C:/Users/Mateusz Kozlowski/Documents/zampf/ZAMFP/ZAMFP.srcs/system/new/system_tb.vhd" Line 163
run all
Stopped at time : 52280 ns : File "C:/Users/Mateusz Kozlowski/Documents/zampf/ZAMFP/ZAMFP.srcs/system/new/system_tb.vhd" Line 163
run all
Stopped at time : 52280 ns : File "C:/Users/Mateusz Kozlowski/Documents/zampf/ZAMFP/ZAMFP.srcs/system/new/system_tb.vhd" Line 163
run all
Stopped at time : 60960 ns : File "C:/Users/Mateusz Kozlowski/Documents/zampf/ZAMFP/ZAMFP.srcs/system/new/system_tb.vhd" Line 167
run all
Stopped at time : 104360 ns : File "C:/Users/Mateusz Kozlowski/Documents/zampf/ZAMFP/ZAMFP.srcs/system/new/system_tb.vhd" Line 171
run all
Stopped at time : 104360 ns : File "C:/Users/Mateusz Kozlowski/Documents/zampf/ZAMFP/ZAMFP.srcs/system/new/system_tb.vhd" Line 171
run all
Stopped at time : 104360 ns : File "C:/Users/Mateusz Kozlowski/Documents/zampf/ZAMFP/ZAMFP.srcs/system/new/system_tb.vhd" Line 173
run all


Stopped at time : 199840 ns : File "C:/Users/Mateusz Kozlowski/Documents/zampf/ZAMFP/ZAMFP.srcs/system/new/system_tb.vhd" Line 175
run all
Stopped at time : 295320 ns : File "C:/Users/Mateusz Kozlowski/Documents/zampf/ZAMFP/ZAMFP.srcs/system/new/system_tb.vhd" Line 176
run all
Stopped at time : 390800 ns : File "C:/Users/Mateusz Kozlowski/Documents/zampf/ZAMFP/ZAMFP.srcs/system/new/system_tb.vhd" Line 179
run all
Stopped at time : 568050 ns : File "C:/Users/Mateusz Kozlowski/Documents/zampf/ZAMFP/ZAMFP.srcs/system/new/system_tb.vhd" Line 180
run all
Stopped at time : 568050 ns : File "C:/Users/Mateusz Kozlowski/Documents/zampf/ZAMFP/ZAMFP.srcs/system/new/system_tb.vhd" Line 181
run all
Stopped at time : 568050 ns : File "C:/Users/Mateusz Kozlowski/Documents/zampf/ZAMFP/ZAMFP.srcs/system/new/system_tb.vhd" Line 181
run all
Stopped at time : 568050 ns : File "C:/Users/Mateusz Kozlowski/Documents/zampf/ZAMFP/ZAMFP.srcs/system/new/system_tb.vhd" Line 182
run all
STARTXXRESP WRITE PRE = 0xCF
Stopped at time : 568050 ns : File "C:/Users/Mateusz Kozlowski/Documents/zampf/ZAMFP/ZAMFP.srcs/system/new/system_tb.vhd" Line 184
run all
Stopped at time : 732630 ns : File "C:/Users/Mateusz Kozlowski/Documents/zampf/ZAMFP/ZAMFP.srcs/system/new/system_tb.vhd" Line 185
run all
Stopped at time : 732630 ns : File "C:/Users/Mateusz Kozlowski/Documents/zampf/ZAMFP/ZAMFP.srcs/system/new/system_tb.vhd" Line 186
run all
Stopped at time : 732630 ns : File "C:/Users/Mateusz Kozlowski/Documents/zampf/ZAMFP/ZAMFP.srcs/system/new/system_tb.vhd" Line 186
run all
Stopped at time : 732630 ns : File "C:/Users/Mateusz Kozlowski/Documents/zampf/ZAMFP/ZAMFP.srcs/system/new/system_tb.vhd" Line 187
run all
RESP WRITE HDR = 0xFE
Stopped at time : 732630 ns : File "C:/Users/Mateusz Kozlowski/Documents/zampf/ZAMFP/ZAMFP.srcs/system/new/system_tb.vhd" Line 190
run all

Stopped at time : 732630 ns : File "C:/Users/Mateusz Kozlowski/Documents/zampf/ZAMFP/ZAMFP.srcs/system/new/system_tb.vhd" Line 192
run all
run all
add_bp {C:/Users/Mateusz Kozlowski/Documents/zampf/ZAMFP/ZAMFP.srcs/sources_1/new/uart.vhd} 216
relaunch_sim
Command: launch_simulation -step compile -simset sim_1 -mode behavioral
INFO: [Vivado 12-12493] Simulation top is 'system_tb'
INFO: [Vivado 12-5682] Launching behavioral simulation in 'C:/Users/Mateusz Kozlowski/Documents/zampf/ZAMFP/ZAMFP.sim/sim_1/behav/xsim'
INFO: [SIM-utils-51] Simulation object is 'sim_1'
INFO: [USF-XSim-2] XSim::Compile design
INFO: [USF-XSim-61] Executing 'COMPILE and ANALYZE' step in 'C:/Users/Mateusz Kozlowski/Documents/zampf/ZAMFP/ZAMFP.sim/sim_1/behav/xsim'
"xvhdl --incr --relax -prj system_tb_vhdl.prj"
INFO: [VRFC 10-163] Analyzing VHDL file "C:/Users/Mateusz Kozlowski/Documents/zampf/ZAMFP/ZAMFP.srcs/sources_1/new/uart.vhd" into library xil_defaultlib
INFO: [VRFC 10-3107] analyzing entity 'uart'
WARNING: [VRFC 10-9374] signal 'bit_ticks' is used in a subtype-indication or type-definition [C:/Users/Mateusz Kozlowski/Documents/zampf/ZAMFP/ZAMFP.srcs/sources_1/new/uart.vhd:48]
WARNING: [VRFC 10-9374] signal 'bit_ticks' is used in a subtype-indication or type-definition [C:/Users/Mateusz Kozlowski/Documents/zampf/ZAMFP/ZAMFP.srcs/sources_1/new/uart.vhd:57]
INFO: [VRFC 10-163] Analyzing VHDL file "C:/Users/Mateusz Kozlowski/Documents/zampf/ZAMFP/ZAMFP.srcs/sources_1/new/top.vhd" into library xil_defaultlib
INFO: [VRFC 10-3107] analyzing entity 'system_rtl'
INFO: [VRFC 10-163] Analyzing VHDL file "C:/Users/Mateusz Kozlowski/Documents/zampf/ZAMFP/ZAMFP.srcs/system/new/system_tb.vhd" into library xil_defaultlib
INFO: [VRFC 10-3107] analyzing entity 'system_tb'
INFO: [USF-XSim-69] 'compile' step finished in '1' seconds
Command: launch_simulation -step elaborate -simset sim_1 -mode behavioral
INFO: [Vivado 12-12493] Simulation top is 'system_tb'
INFO: [Vivado 12-5682] Launching behavioral simulation in 'C:/Users/Mateusz Kozlowski/Documents/zampf/ZAMFP/ZAMFP.sim/sim_1/behav/xsim'
INFO: [SIM-utils-51] Simulation object is 'sim_1'
INFO: [USF-XSim-3] XSim::Elaborate design
INFO: [USF-XSim-61] Executing 'ELABORATE' step in 'C:/Users/Mateusz Kozlowski/Documents/zampf/ZAMFP/ZAMFP.sim/sim_1/behav/xsim'
"xelab --incr --debug typical --relax --mt 2 -L xil_defaultlib -L secureip --snapshot system_tb_behav xil_defaultlib.system_tb -log elaborate.log"
Vivado Simulator v2025.1.0
Copyright 1986-2022 Xilinx, Inc. All Rights Reserved.
Copyright 2022-2025 Advanced Micro Devices, Inc. All Rights Reserved.
Running: C:/Xilinx/2025.1/Vivado/bin/unwrapped/win64.o/xelab.exe --incr --debug typical --relax --mt 2 -L xil_defaultlib -L secureip --snapshot system_tb_behav xil_defaultlib.system_tb -log elaborate.log 
Using 2 slave threads.
Starting static elaboration
WARNING: [VRFC 10-3813] value in initialization depends on signal 'bit_ticks' [C:/Users/Mateusz Kozlowski/Documents/zampf/ZAMFP/ZAMFP.srcs/sources_1/new/uart.vhd:48]
WARNING: [VRFC 10-3813] value in initialization depends on signal 'bit_ticks' [C:/Users/Mateusz Kozlowski/Documents/zampf/ZAMFP/ZAMFP.srcs/sources_1/new/uart.vhd:57]
Completed static elaboration
Starting simulation data flow analysis
Completed simulation data flow analysis
Time Resolution for simulation is 1ps
Compiling package std.standard
Compiling package std.textio
Compiling package ieee.std_logic_1164
Compiling package ieee.std_logic_textio
Compiling package ieee.numeric_std
Compiling architecture behavioral of entity xil_defaultlib.ram [ram_default]
Compiling architecture rtl of entity xil_defaultlib.uart [uart_default]
Compiling architecture behavioral of entity xil_defaultlib.uart_ram_ctrl [uart_ram_ctrl_default]
Compiling architecture rtl of entity xil_defaultlib.system_rtl [system_rtl_default]
Compiling architecture sim of entity xil_defaultlib.system_tb
Built simulation snapshot system_tb_behav
INFO: [USF-XSim-69] 'elaborate' step finished in '1' seconds
Time resolution is 1 ps
WARNING: [Simulator 45-24] Previous breakpoint at line 216 in file 'C:/Users/Mateusz Kozlowski/Documents/zampf/ZAMFP/ZAMFP.srcs/sources_1/new/uart.vhd' not restored because it is no longer a breakable line.
run all
Stopped at time : 43600 ns : File "C:/Users/Mateusz Kozlowski/Documents/zampf/ZAMFP/ZAMFP.srcs/system/new/system_tb.vhd" Line 163
run all
Stopped at time : 43600 ns : File "C:/Users/Mateusz Kozlowski/Documents/zampf/ZAMFP/ZAMFP.srcs/system/new/system_tb.vhd" Line 163
run all
Stopped at time : 52280 ns : File "C:/Users/Mateusz Kozlowski/Documents/zampf/ZAMFP/ZAMFP.srcs/system/new/system_tb.vhd" Line 163
run all
Stopped at time : 52280 ns : File "C:/Users/Mateusz Kozlowski/Documents/zampf/ZAMFP/ZAMFP.srcs/system/new/system_tb.vhd" Line 163
run all
Stopped at time : 60960 ns : File "C:/Users/Mateusz Kozlowski/Documents/zampf/ZAMFP/ZAMFP.srcs/system/new/system_tb.vhd" Line 167
run all
Stopped at time : 104360 ns : File "C:/Users/Mateusz Kozlowski/Documents/zampf/ZAMFP/ZAMFP.srcs/system/new/system_tb.vhd" Line 171
run all
Stopped at time : 104360 ns : File "C:/Users/Mateusz Kozlowski/Documents/zampf/ZAMFP/ZAMFP.srcs/system/new/system_tb.vhd" Line 171
run all
Stopped at time : 104360 ns : File "C:/Users/Mateusz Kozlowski/Documents/zampf/ZAMFP/ZAMFP.srcs/system/new/system_tb.vhd" Line 173
run all


Stopped at time : 199840 ns : File "C:/Users/Mateusz Kozlowski/Documents/zampf/ZAMFP/ZAMFP.srcs/system/new/system_tb.vhd" Line 175
run all
Stopped at time : 295320 ns : File "C:/Users/Mateusz Kozlowski/Documents/zampf/ZAMFP/ZAMFP.srcs/system/new/system_tb.vhd" Line 176
run all
Stopped at time : 390800 ns : File "C:/Users/Mateusz Kozlowski/Documents/zampf/ZAMFP/ZAMFP.srcs/system/new/system_tb.vhd" Line 179
run all
Stopped at time : 568090 ns : File "C:/Users/Mateusz Kozlowski/Documents/zampf/ZAMFP/ZAMFP.srcs/system/new/system_tb.vhd" Line 180
run all
Stopped at time : 568090 ns : File "C:/Users/Mateusz Kozlowski/Documents/zampf/ZAMFP/ZAMFP.srcs/system/new/system_tb.vhd" Line 181
run all
Stopped at time : 568090 ns : File "C:/Users/Mateusz Kozlowski/Documents/zampf/ZAMFP/ZAMFP.srcs/system/new/system_tb.vhd" Line 181
run all
Stopped at time : 568090 ns : File "C:/Users/Mateusz Kozlowski/Documents/zampf/ZAMFP/ZAMFP.srcs/system/new/system_tb.vhd" Line 182
run all
STARTXXRESP WRITE PRE = 0xE9
Stopped at time : 568090 ns : File "C:/Users/Mateusz Kozlowski/Documents/zampf/ZAMFP/ZAMFP.srcs/system/new/system_tb.vhd" Line 184
run all
Stopped at time : 732470 ns : File "C:/Users/Mateusz Kozlowski/Documents/zampf/ZAMFP/ZAMFP.srcs/system/new/system_tb.vhd" Line 185
run all
Stopped at time : 732470 ns : File "C:/Users/Mateusz Kozlowski/Documents/zampf/ZAMFP/ZAMFP.srcs/system/new/system_tb.vhd" Line 186
run all
Stopped at time : 732470 ns : File "C:/Users/Mateusz Kozlowski/Documents/zampf/ZAMFP/ZAMFP.srcs/system/new/system_tb.vhd" Line 186
run all
Stopped at time : 732470 ns : File "C:/Users/Mateusz Kozlowski/Documents/zampf/ZAMFP/ZAMFP.srcs/system/new/system_tb.vhd" Line 187
run all
RESP WRITE HDR = 0x1F
Stopped at time : 732470 ns : File "C:/Users/Mateusz Kozlowski/Documents/zampf/ZAMFP/ZAMFP.srcs/system/new/system_tb.vhd" Line 190
run all

Stopped at time : 732470 ns : File "C:/Users/Mateusz Kozlowski/Documents/zampf/ZAMFP/ZAMFP.srcs/system/new/system_tb.vhd" Line 192
run all
relaunch_sim
Command: launch_simulation -step compile -simset sim_1 -mode behavioral
INFO: [Vivado 12-12493] Simulation top is 'system_tb'
INFO: [Vivado 12-5682] Launching behavioral simulation in 'C:/Users/Mateusz Kozlowski/Documents/zampf/ZAMFP/ZAMFP.sim/sim_1/behav/xsim'
INFO: [SIM-utils-51] Simulation object is 'sim_1'
INFO: [USF-XSim-2] XSim::Compile design
INFO: [USF-XSim-61] Executing 'COMPILE and ANALYZE' step in 'C:/Users/Mateusz Kozlowski/Documents/zampf/ZAMFP/ZAMFP.sim/sim_1/behav/xsim'
"xvhdl --incr --relax -prj system_tb_vhdl.prj"
INFO: [VRFC 10-163] Analyzing VHDL file "C:/Users/Mateusz Kozlowski/Documents/zampf/ZAMFP/ZAMFP.srcs/system/new/system_tb.vhd" into library xil_defaultlib
INFO: [VRFC 10-3107] analyzing entity 'system_tb'
INFO: [USF-XSim-69] 'compile' step finished in '1' seconds
Command: launch_simulation -step elaborate -simset sim_1 -mode behavioral
INFO: [Vivado 12-12493] Simulation top is 'system_tb'
INFO: [Vivado 12-5682] Launching behavioral simulation in 'C:/Users/Mateusz Kozlowski/Documents/zampf/ZAMFP/ZAMFP.sim/sim_1/behav/xsim'
INFO: [SIM-utils-51] Simulation object is 'sim_1'
INFO: [USF-XSim-3] XSim::Elaborate design
INFO: [USF-XSim-61] Executing 'ELABORATE' step in 'C:/Users/Mateusz Kozlowski/Documents/zampf/ZAMFP/ZAMFP.sim/sim_1/behav/xsim'
"xelab --incr --debug typical --relax --mt 2 -L xil_defaultlib -L secureip --snapshot system_tb_behav xil_defaultlib.system_tb -log elaborate.log"
Vivado Simulator v2025.1.0
Copyright 1986-2022 Xilinx, Inc. All Rights Reserved.
Copyright 2022-2025 Advanced Micro Devices, Inc. All Rights Reserved.
Running: C:/Xilinx/2025.1/Vivado/bin/unwrapped/win64.o/xelab.exe --incr --debug typical --relax --mt 2 -L xil_defaultlib -L secureip --snapshot system_tb_behav xil_defaultlib.system_tb -log elaborate.log 
Using 2 slave threads.
Starting static elaboration
WARNING: [VRFC 10-3813] value in initialization depends on signal 'bit_ticks' [C:/Users/Mateusz Kozlowski/Documents/zampf/ZAMFP/ZAMFP.srcs/sources_1/new/uart.vhd:48]
WARNING: [VRFC 10-3813] value in initialization depends on signal 'bit_ticks' [C:/Users/Mateusz Kozlowski/Documents/zampf/ZAMFP/ZAMFP.srcs/sources_1/new/uart.vhd:57]
Completed static elaboration
Starting simulation data flow analysis
Completed simulation data flow analysis
Time Resolution for simulation is 1ps
Compiling package std.standard
Compiling package std.textio
Compiling package ieee.std_logic_1164
Compiling package ieee.std_logic_textio
Compiling package ieee.numeric_std
Compiling architecture behavioral of entity xil_defaultlib.ram [ram_default]
Compiling architecture rtl of entity xil_defaultlib.uart [uart_default]
Compiling architecture behavioral of entity xil_defaultlib.uart_ram_ctrl [uart_ram_ctrl_default]
Compiling architecture rtl of entity xil_defaultlib.system_rtl [system_rtl_default]
Compiling architecture sim of entity xil_defaultlib.system_tb
Built simulation snapshot system_tb_behav
INFO: [USF-XSim-69] 'elaborate' step finished in '1' seconds
Time resolution is 1 ps
run all
Stopped at time : 43600 ns : File "C:/Users/Mateusz Kozlowski/Documents/zampf/ZAMFP/ZAMFP.srcs/system/new/system_tb.vhd" Line 163
run all
Stopped at time : 43600 ns : File "C:/Users/Mateusz Kozlowski/Documents/zampf/ZAMFP/ZAMFP.srcs/system/new/system_tb.vhd" Line 163
run all
Stopped at time : 52280 ns : File "C:/Users/Mateusz Kozlowski/Documents/zampf/ZAMFP/ZAMFP.srcs/system/new/system_tb.vhd" Line 163
run all
Stopped at time : 52280 ns : File "C:/Users/Mateusz Kozlowski/Documents/zampf/ZAMFP/ZAMFP.srcs/system/new/system_tb.vhd" Line 163
run all
Stopped at time : 60960 ns : File "C:/Users/Mateusz Kozlowski/Documents/zampf/ZAMFP/ZAMFP.srcs/system/new/system_tb.vhd" Line 167
run all
Stopped at time : 104360 ns : File "C:/Users/Mateusz Kozlowski/Documents/zampf/ZAMFP/ZAMFP.srcs/system/new/system_tb.vhd" Line 171
run all
Stopped at time : 104360 ns : File "C:/Users/Mateusz Kozlowski/Documents/zampf/ZAMFP/ZAMFP.srcs/system/new/system_tb.vhd" Line 171
run all
Stopped at time : 104360 ns : File "C:/Users/Mateusz Kozlowski/Documents/zampf/ZAMFP/ZAMFP.srcs/system/new/system_tb.vhd" Line 173
run all


Stopped at time : 199840 ns : File "C:/Users/Mateusz Kozlowski/Documents/zampf/ZAMFP/ZAMFP.srcs/system/new/system_tb.vhd" Line 175
run all
Stopped at time : 295320 ns : File "C:/Users/Mateusz Kozlowski/Documents/zampf/ZAMFP/ZAMFP.srcs/system/new/system_tb.vhd" Line 176
run all
Stopped at time : 390800 ns : File "C:/Users/Mateusz Kozlowski/Documents/zampf/ZAMFP/ZAMFP.srcs/system/new/system_tb.vhd" Line 179
run all
Stopped at time : 568090 ns : File "C:/Users/Mateusz Kozlowski/Documents/zampf/ZAMFP/ZAMFP.srcs/system/new/system_tb.vhd" Line 180
run all
Stopped at time : 568090 ns : File "C:/Users/Mateusz Kozlowski/Documents/zampf/ZAMFP/ZAMFP.srcs/system/new/system_tb.vhd" Line 181
run all
Stopped at time : 568090 ns : File "C:/Users/Mateusz Kozlowski/Documents/zampf/ZAMFP/ZAMFP.srcs/system/new/system_tb.vhd" Line 181
run all
Stopped at time : 568090 ns : File "C:/Users/Mateusz Kozlowski/Documents/zampf/ZAMFP/ZAMFP.srcs/system/new/system_tb.vhd" Line 182
run all
STARTXXRESP WRITE PRE = 0xE9
Stopped at time : 568090 ns : File "C:/Users/Mateusz Kozlowski/Documents/zampf/ZAMFP/ZAMFP.srcs/system/new/system_tb.vhd" Line 184
run all
Stopped at time : 732470 ns : File "C:/Users/Mateusz Kozlowski/Documents/zampf/ZAMFP/ZAMFP.srcs/system/new/system_tb.vhd" Line 185
run all
Stopped at time : 732470 ns : File "C:/Users/Mateusz Kozlowski/Documents/zampf/ZAMFP/ZAMFP.srcs/system/new/system_tb.vhd" Line 186
run all
Stopped at time : 732470 ns : File "C:/Users/Mateusz Kozlowski/Documents/zampf/ZAMFP/ZAMFP.srcs/system/new/system_tb.vhd" Line 186
run all
Stopped at time : 732470 ns : File "C:/Users/Mateusz Kozlowski/Documents/zampf/ZAMFP/ZAMFP.srcs/system/new/system_tb.vhd" Line 187
run all
RESP WRITE HDR = 0x1F
Stopped at time : 732470 ns : File "C:/Users/Mateusz Kozlowski/Documents/zampf/ZAMFP/ZAMFP.srcs/system/new/system_tb.vhd" Line 190
run all

Stopped at time : 732470 ns : File "C:/Users/Mateusz Kozlowski/Documents/zampf/ZAMFP/ZAMFP.srcs/system/new/system_tb.vhd" Line 192
run all
relaunch_sim
Command: launch_simulation -step compile -simset sim_1 -mode behavioral
INFO: [Vivado 12-12493] Simulation top is 'system_tb'
INFO: [Vivado 12-5682] Launching behavioral simulation in 'C:/Users/Mateusz Kozlowski/Documents/zampf/ZAMFP/ZAMFP.sim/sim_1/behav/xsim'
INFO: [SIM-utils-51] Simulation object is 'sim_1'
INFO: [USF-XSim-2] XSim::Compile design
INFO: [USF-XSim-61] Executing 'COMPILE and ANALYZE' step in 'C:/Users/Mateusz Kozlowski/Documents/zampf/ZAMFP/ZAMFP.sim/sim_1/behav/xsim'
"xvhdl --incr --relax -prj system_tb_vhdl.prj"
INFO: [USF-XSim-69] 'compile' step finished in '1' seconds
Command: launch_simulation -step elaborate -simset sim_1 -mode behavioral
INFO: [Vivado 12-12493] Simulation top is 'system_tb'
INFO: [Vivado 12-5682] Launching behavioral simulation in 'C:/Users/Mateusz Kozlowski/Documents/zampf/ZAMFP/ZAMFP.sim/sim_1/behav/xsim'
INFO: [SIM-utils-51] Simulation object is 'sim_1'
INFO: [USF-XSim-3] XSim::Elaborate design
INFO: [USF-XSim-61] Executing 'ELABORATE' step in 'C:/Users/Mateusz Kozlowski/Documents/zampf/ZAMFP/ZAMFP.sim/sim_1/behav/xsim'
"xelab --incr --debug typical --relax --mt 2 -L xil_defaultlib -L secureip --snapshot system_tb_behav xil_defaultlib.system_tb -log elaborate.log"
Vivado Simulator v2025.1.0
Copyright 1986-2022 Xilinx, Inc. All Rights Reserved.
Copyright 2022-2025 Advanced Micro Devices, Inc. All Rights Reserved.
Running: C:/Xilinx/2025.1/Vivado/bin/unwrapped/win64.o/xelab.exe --incr --debug typical --relax --mt 2 -L xil_defaultlib -L secureip --snapshot system_tb_behav xil_defaultlib.system_tb -log elaborate.log 
Using 2 slave threads.
Starting static elaboration
WARNING: [VRFC 10-3813] value in initialization depends on signal 'bit_ticks' [C:/Users/Mateusz Kozlowski/Documents/zampf/ZAMFP/ZAMFP.srcs/sources_1/new/uart.vhd:48]
WARNING: [VRFC 10-3813] value in initialization depends on signal 'bit_ticks' [C:/Users/Mateusz Kozlowski/Documents/zampf/ZAMFP/ZAMFP.srcs/sources_1/new/uart.vhd:57]
Completed static elaboration
INFO: [XSIM 43-4323] No Change in HDL. Linking previously generated obj files to create kernel
INFO: [USF-XSim-69] 'elaborate' step finished in '1' seconds
Time resolution is 1 ps
current_wave_config {system_tb_behav.wcfg}
system_tb_behav.wcfg
add_wave {{/system_tb/dut/uart_i/tx_state}} 
current_wave_config {system_tb_behav.wcfg}
system_tb_behav.wcfg
add_wave {{/system_tb/uart_monitor/tx_state}} 
relaunch_sim
Command: launch_simulation -step compile -simset sim_1 -mode behavioral
INFO: [Vivado 12-12493] Simulation top is 'system_tb'
INFO: [Vivado 12-5682] Launching behavioral simulation in 'C:/Users/Mateusz Kozlowski/Documents/zampf/ZAMFP/ZAMFP.sim/sim_1/behav/xsim'
INFO: [SIM-utils-51] Simulation object is 'sim_1'
INFO: [USF-XSim-2] XSim::Compile design
INFO: [USF-XSim-61] Executing 'COMPILE and ANALYZE' step in 'C:/Users/Mateusz Kozlowski/Documents/zampf/ZAMFP/ZAMFP.sim/sim_1/behav/xsim'
"xvhdl --incr --relax -prj system_tb_vhdl.prj"
INFO: [USF-XSim-69] 'compile' step finished in '1' seconds
Command: launch_simulation -step elaborate -simset sim_1 -mode behavioral
INFO: [Vivado 12-12493] Simulation top is 'system_tb'
INFO: [Vivado 12-5682] Launching behavioral simulation in 'C:/Users/Mateusz Kozlowski/Documents/zampf/ZAMFP/ZAMFP.sim/sim_1/behav/xsim'
INFO: [SIM-utils-51] Simulation object is 'sim_1'
INFO: [USF-XSim-3] XSim::Elaborate design
INFO: [USF-XSim-61] Executing 'ELABORATE' step in 'C:/Users/Mateusz Kozlowski/Documents/zampf/ZAMFP/ZAMFP.sim/sim_1/behav/xsim'
"xelab --incr --debug typical --relax --mt 2 -L xil_defaultlib -L secureip --snapshot system_tb_behav xil_defaultlib.system_tb -log elaborate.log"
Vivado Simulator v2025.1.0
Copyright 1986-2022 Xilinx, Inc. All Rights Reserved.
Copyright 2022-2025 Advanced Micro Devices, Inc. All Rights Reserved.
Running: C:/Xilinx/2025.1/Vivado/bin/unwrapped/win64.o/xelab.exe --incr --debug typical --relax --mt 2 -L xil_defaultlib -L secureip --snapshot system_tb_behav xil_defaultlib.system_tb -log elaborate.log 
Using 2 slave threads.
Starting static elaboration
WARNING: [VRFC 10-3813] value in initialization depends on signal 'bit_ticks' [C:/Users/Mateusz Kozlowski/Documents/zampf/ZAMFP/ZAMFP.srcs/sources_1/new/uart.vhd:48]
WARNING: [VRFC 10-3813] value in initialization depends on signal 'bit_ticks' [C:/Users/Mateusz Kozlowski/Documents/zampf/ZAMFP/ZAMFP.srcs/sources_1/new/uart.vhd:57]
Completed static elaboration
INFO: [XSIM 43-4323] No Change in HDL. Linking previously generated obj files to create kernel
INFO: [USF-XSim-69] 'elaborate' step finished in '1' seconds
Time resolution is 1 ps
run all
Stopped at time : 43600 ns : File "C:/Users/Mateusz Kozlowski/Documents/zampf/ZAMFP/ZAMFP.srcs/system/new/system_tb.vhd" Line 163
run all
Stopped at time : 43600 ns : File "C:/Users/Mateusz Kozlowski/Documents/zampf/ZAMFP/ZAMFP.srcs/system/new/system_tb.vhd" Line 163
run all
Stopped at time : 52280 ns : File "C:/Users/Mateusz Kozlowski/Documents/zampf/ZAMFP/ZAMFP.srcs/system/new/system_tb.vhd" Line 163
run all
Stopped at time : 52280 ns : File "C:/Users/Mateusz Kozlowski/Documents/zampf/ZAMFP/ZAMFP.srcs/system/new/system_tb.vhd" Line 163
run all
Stopped at time : 60960 ns : File "C:/Users/Mateusz Kozlowski/Documents/zampf/ZAMFP/ZAMFP.srcs/system/new/system_tb.vhd" Line 167
run all
Stopped at time : 104360 ns : File "C:/Users/Mateusz Kozlowski/Documents/zampf/ZAMFP/ZAMFP.srcs/system/new/system_tb.vhd" Line 171
run all
Stopped at time : 104360 ns : File "C:/Users/Mateusz Kozlowski/Documents/zampf/ZAMFP/ZAMFP.srcs/system/new/system_tb.vhd" Line 171
run all
Stopped at time : 104360 ns : File "C:/Users/Mateusz Kozlowski/Documents/zampf/ZAMFP/ZAMFP.srcs/system/new/system_tb.vhd" Line 173
run all


Stopped at time : 199840 ns : File "C:/Users/Mateusz Kozlowski/Documents/zampf/ZAMFP/ZAMFP.srcs/system/new/system_tb.vhd" Line 175
run all
Stopped at time : 295320 ns : File "C:/Users/Mateusz Kozlowski/Documents/zampf/ZAMFP/ZAMFP.srcs/system/new/system_tb.vhd" Line 176
run all
Stopped at time : 390800 ns : File "C:/Users/Mateusz Kozlowski/Documents/zampf/ZAMFP/ZAMFP.srcs/system/new/system_tb.vhd" Line 179
run all
Stopped at time : 568090 ns : File "C:/Users/Mateusz Kozlowski/Documents/zampf/ZAMFP/ZAMFP.srcs/system/new/system_tb.vhd" Line 180
run all
Stopped at time : 568090 ns : File "C:/Users/Mateusz Kozlowski/Documents/zampf/ZAMFP/ZAMFP.srcs/system/new/system_tb.vhd" Line 181
run all
Stopped at time : 568090 ns : File "C:/Users/Mateusz Kozlowski/Documents/zampf/ZAMFP/ZAMFP.srcs/system/new/system_tb.vhd" Line 181
run all
Stopped at time : 568090 ns : File "C:/Users/Mateusz Kozlowski/Documents/zampf/ZAMFP/ZAMFP.srcs/system/new/system_tb.vhd" Line 182
run all
STARTXXRESP WRITE PRE = 0xE9
Stopped at time : 568090 ns : File "C:/Users/Mateusz Kozlowski/Documents/zampf/ZAMFP/ZAMFP.srcs/system/new/system_tb.vhd" Line 184
run all
Stopped at time : 732470 ns : File "C:/Users/Mateusz Kozlowski/Documents/zampf/ZAMFP/ZAMFP.srcs/system/new/system_tb.vhd" Line 185
run all
Stopped at time : 732470 ns : File "C:/Users/Mateusz Kozlowski/Documents/zampf/ZAMFP/ZAMFP.srcs/system/new/system_tb.vhd" Line 186
run all
Stopped at time : 732470 ns : File "C:/Users/Mateusz Kozlowski/Documents/zampf/ZAMFP/ZAMFP.srcs/system/new/system_tb.vhd" Line 186
run all
Stopped at time : 732470 ns : File "C:/Users/Mateusz Kozlowski/Documents/zampf/ZAMFP/ZAMFP.srcs/system/new/system_tb.vhd" Line 187
run all
RESP WRITE HDR = 0x1F
Stopped at time : 732470 ns : File "C:/Users/Mateusz Kozlowski/Documents/zampf/ZAMFP/ZAMFP.srcs/system/new/system_tb.vhd" Line 190
run all

Stopped at time : 732470 ns : File "C:/Users/Mateusz Kozlowski/Documents/zampf/ZAMFP/ZAMFP.srcs/system/new/system_tb.vhd" Line 192
run all
relaunch_sim
Command: launch_simulation -step compile -simset sim_1 -mode behavioral
INFO: [Vivado 12-12493] Simulation top is 'system_tb'
INFO: [Vivado 12-5682] Launching behavioral simulation in 'C:/Users/Mateusz Kozlowski/Documents/zampf/ZAMFP/ZAMFP.sim/sim_1/behav/xsim'
INFO: [SIM-utils-51] Simulation object is 'sim_1'
INFO: [USF-XSim-2] XSim::Compile design
INFO: [USF-XSim-61] Executing 'COMPILE and ANALYZE' step in 'C:/Users/Mateusz Kozlowski/Documents/zampf/ZAMFP/ZAMFP.sim/sim_1/behav/xsim'
"xvhdl --incr --relax -prj system_tb_vhdl.prj"
INFO: [VRFC 10-163] Analyzing VHDL file "C:/Users/Mateusz Kozlowski/Documents/zampf/ZAMFP/ZAMFP.srcs/sources_1/new/uart.vhd" into library xil_defaultlib
INFO: [VRFC 10-3107] analyzing entity 'uart'
WARNING: [VRFC 10-9374] signal 'bit_ticks' is used in a subtype-indication or type-definition [C:/Users/Mateusz Kozlowski/Documents/zampf/ZAMFP/ZAMFP.srcs/sources_1/new/uart.vhd:48]
WARNING: [VRFC 10-9374] signal 'bit_ticks' is used in a subtype-indication or type-definition [C:/Users/Mateusz Kozlowski/Documents/zampf/ZAMFP/ZAMFP.srcs/sources_1/new/uart.vhd:57]
INFO: [VRFC 10-163] Analyzing VHDL file "C:/Users/Mateusz Kozlowski/Documents/zampf/ZAMFP/ZAMFP.srcs/sources_1/new/top.vhd" into library xil_defaultlib
INFO: [VRFC 10-3107] analyzing entity 'system_rtl'
INFO: [VRFC 10-163] Analyzing VHDL file "C:/Users/Mateusz Kozlowski/Documents/zampf/ZAMFP/ZAMFP.srcs/system/new/system_tb.vhd" into library xil_defaultlib
INFO: [VRFC 10-3107] analyzing entity 'system_tb'
INFO: [USF-XSim-69] 'compile' step finished in '1' seconds
Command: launch_simulation -step elaborate -simset sim_1 -mode behavioral
INFO: [Vivado 12-12493] Simulation top is 'system_tb'
INFO: [Vivado 12-5682] Launching behavioral simulation in 'C:/Users/Mateusz Kozlowski/Documents/zampf/ZAMFP/ZAMFP.sim/sim_1/behav/xsim'
INFO: [SIM-utils-51] Simulation object is 'sim_1'
INFO: [USF-XSim-3] XSim::Elaborate design
INFO: [USF-XSim-61] Executing 'ELABORATE' step in 'C:/Users/Mateusz Kozlowski/Documents/zampf/ZAMFP/ZAMFP.sim/sim_1/behav/xsim'
"xelab --incr --debug typical --relax --mt 2 -L xil_defaultlib -L secureip --snapshot system_tb_behav xil_defaultlib.system_tb -log elaborate.log"
Vivado Simulator v2025.1.0
Copyright 1986-2022 Xilinx, Inc. All Rights Reserved.
Copyright 2022-2025 Advanced Micro Devices, Inc. All Rights Reserved.
Running: C:/Xilinx/2025.1/Vivado/bin/unwrapped/win64.o/xelab.exe --incr --debug typical --relax --mt 2 -L xil_defaultlib -L secureip --snapshot system_tb_behav xil_defaultlib.system_tb -log elaborate.log 
Using 2 slave threads.
Starting static elaboration
WARNING: [VRFC 10-3813] value in initialization depends on signal 'bit_ticks' [C:/Users/Mateusz Kozlowski/Documents/zampf/ZAMFP/ZAMFP.srcs/sources_1/new/uart.vhd:48]
WARNING: [VRFC 10-3813] value in initialization depends on signal 'bit_ticks' [C:/Users/Mateusz Kozlowski/Documents/zampf/ZAMFP/ZAMFP.srcs/sources_1/new/uart.vhd:57]
Completed static elaboration
Starting simulation data flow analysis
Completed simulation data flow analysis
Time Resolution for simulation is 1ps
Compiling package std.standard
Compiling package std.textio
Compiling package ieee.std_logic_1164
Compiling package ieee.std_logic_textio
Compiling package ieee.numeric_std
Compiling architecture behavioral of entity xil_defaultlib.ram [ram_default]
Compiling architecture rtl of entity xil_defaultlib.uart [uart_default]
Compiling architecture behavioral of entity xil_defaultlib.uart_ram_ctrl [uart_ram_ctrl_default]
Compiling architecture rtl of entity xil_defaultlib.system_rtl [system_rtl_default]
Compiling architecture sim of entity xil_defaultlib.system_tb
Built simulation snapshot system_tb_behav
INFO: [USF-XSim-69] 'elaborate' step finished in '1' seconds
Time resolution is 1 ps
relaunch_sim: Time (s): cpu = 00:00:01 ; elapsed = 00:00:06 . Memory (MB): peak = 3402.277 ; gain = 0.000
run all
Stopped at time : 43600 ns : File "C:/Users/Mateusz Kozlowski/Documents/zampf/ZAMFP/ZAMFP.srcs/system/new/system_tb.vhd" Line 163
run all
Stopped at time : 43600 ns : File "C:/Users/Mateusz Kozlowski/Documents/zampf/ZAMFP/ZAMFP.srcs/system/new/system_tb.vhd" Line 163
run all
Stopped at time : 52280 ns : File "C:/Users/Mateusz Kozlowski/Documents/zampf/ZAMFP/ZAMFP.srcs/system/new/system_tb.vhd" Line 163
run all
Stopped at time : 52280 ns : File "C:/Users/Mateusz Kozlowski/Documents/zampf/ZAMFP/ZAMFP.srcs/system/new/system_tb.vhd" Line 163
run all
Stopped at time : 60960 ns : File "C:/Users/Mateusz Kozlowski/Documents/zampf/ZAMFP/ZAMFP.srcs/system/new/system_tb.vhd" Line 167
run all
Stopped at time : 104360 ns : File "C:/Users/Mateusz Kozlowski/Documents/zampf/ZAMFP/ZAMFP.srcs/system/new/system_tb.vhd" Line 171
run all
Stopped at time : 104360 ns : File "C:/Users/Mateusz Kozlowski/Documents/zampf/ZAMFP/ZAMFP.srcs/system/new/system_tb.vhd" Line 171
run all
Stopped at time : 104360 ns : File "C:/Users/Mateusz Kozlowski/Documents/zampf/ZAMFP/ZAMFP.srcs/system/new/system_tb.vhd" Line 173
run all

Stopped at time : 199840 ns : File "C:/Users/Mateusz Kozlowski/Documents/zampf/ZAMFP/ZAMFP.srcs/system/new/system_tb.vhd" Line 175
run all


Stopped at time : 295320 ns : File "C:/Users/Mateusz Kozlowski/Documents/zampf/ZAMFP/ZAMFP.srcs/system/new/system_tb.vhd" Line 176
run all
Stopped at time : 390800 ns : File "C:/Users/Mateusz Kozlowski/Documents/zampf/ZAMFP/ZAMFP.srcs/system/new/system_tb.vhd" Line 179
run all
run: Time (s): cpu = 00:00:13 ; elapsed = 00:00:14 . Memory (MB): peak = 3402.277 ; gain = 0.000
relaunch_sim
INFO: xsimkernel Simulation Memory Usage: 17596 KB (Peak: 17596 KB), Simulation CPU Usage: 13655 ms
WARNING: [filemgmt 56-199] Attempt to get parsing info during refresh. "On-the-fly" syntax checking information may be incorrect. [C:\Users\Mateusz Kozlowski\Documents\zampf\ZAMFP\ZAMFP.srcs\sources_1\new\ram.vhd:]
WARNING: [filemgmt 56-199] Attempt to get parsing info during refresh. "On-the-fly" syntax checking information may be incorrect. [C:\Users\Mateusz Kozlowski\Documents\zampf\ZAMFP\ZAMFP.srcs\sources_1\new\uart.vhd:]
WARNING: [filemgmt 56-199] Attempt to get parsing info during refresh. "On-the-fly" syntax checking information may be incorrect. [C:\Users\Mateusz Kozlowski\Documents\zampf\ZAMFP\ZAMFP.srcs\sources_1\new\uart_ram_ctrl.vhd:]
WARNING: [filemgmt 56-199] Attempt to get parsing info during refresh. "On-the-fly" syntax checking information may be incorrect. [C:\Users\Mateusz Kozlowski\Documents\zampf\ZAMFP\ZAMFP.srcs\system\new\system_tb.vhd:]
WARNING: [filemgmt 56-199] Attempt to get parsing info during refresh. "On-the-fly" syntax checking information may be incorrect. [C:\Users\Mateusz Kozlowski\Documents\zampf\ZAMFP\ZAMFP.srcs\sources_1\new\uart.vhd:]
WARNING: [filemgmt 56-199] Attempt to get parsing info during refresh. "On-the-fly" syntax checking information may be incorrect. [C:\Users\Mateusz Kozlowski\Documents\zampf\ZAMFP\ZAMFP.srcs\sources_1\new\uart.vhd:]
WARNING: [filemgmt 56-199] Attempt to get parsing info during refresh. "On-the-fly" syntax checking information may be incorrect. [C:\Users\Mateusz Kozlowski\Documents\zampf\ZAMFP\ZAMFP.srcs\sources_1\new\ram.vhd:]
WARNING: [filemgmt 56-199] Attempt to get parsing info during refresh. "On-the-fly" syntax checking information may be incorrect. [C:\Users\Mateusz Kozlowski\Documents\zampf\ZAMFP\ZAMFP.srcs\sources_1\new\uart.vhd:]
WARNING: [filemgmt 56-199] Attempt to get parsing info during refresh. "On-the-fly" syntax checking information may be incorrect. [C:\Users\Mateusz Kozlowski\Documents\zampf\ZAMFP\ZAMFP.srcs\sources_1\new\uart_ram_ctrl.vhd:]
WARNING: [filemgmt 56-199] Attempt to get parsing info during refresh. "On-the-fly" syntax checking information may be incorrect. [C:\Users\Mateusz Kozlowski\Documents\zampf\ZAMFP\ZAMFP.srcs\system\new\system_tb.vhd:]
WARNING: [filemgmt 56-199] Attempt to get parsing info during refresh. "On-the-fly" syntax checking information may be incorrect. [C:\Users\Mateusz Kozlowski\Documents\zampf\ZAMFP\ZAMFP.srcs\sources_1\new\ram.vhd:]
WARNING: [filemgmt 56-199] Attempt to get parsing info during refresh. "On-the-fly" syntax checking information may be incorrect. [C:\Users\Mateusz Kozlowski\Documents\zampf\ZAMFP\ZAMFP.srcs\sources_1\new\ram.vhd:]
WARNING: [filemgmt 56-199] Attempt to get parsing info during refresh. "On-the-fly" syntax checking information may be incorrect. [C:\Users\Mateusz Kozlowski\Documents\zampf\ZAMFP\ZAMFP.srcs\sources_1\new\ram.vhd:]
WARNING: [filemgmt 56-199] Attempt to get parsing info during refresh. "On-the-fly" syntax checking information may be incorrect. [C:\Users\Mateusz Kozlowski\Documents\zampf\ZAMFP\ZAMFP.srcs\sources_1\new\uart.vhd:]
WARNING: [filemgmt 56-199] Attempt to get parsing info during refresh. "On-the-fly" syntax checking information may be incorrect. [C:\Users\Mateusz Kozlowski\Documents\zampf\ZAMFP\ZAMFP.srcs\sources_1\new\uart_ram_ctrl.vhd:]
WARNING: [filemgmt 56-199] Attempt to get parsing info during refresh. "On-the-fly" syntax checking information may be incorrect. [C:\Users\Mateusz Kozlowski\Documents\zampf\ZAMFP\ZAMFP.srcs\system\new\system_tb.vhd:]
WARNING: [filemgmt 56-199] Attempt to get parsing info during refresh. "On-the-fly" syntax checking information may be incorrect. [C:\Users\Mateusz Kozlowski\Documents\zampf\ZAMFP\ZAMFP.srcs\sources_1\new\uart_ram_ctrl.vhd:]
WARNING: [filemgmt 56-199] Attempt to get parsing info during refresh. "On-the-fly" syntax checking information may be incorrect. [C:\Users\Mateusz Kozlowski\Documents\zampf\ZAMFP\ZAMFP.srcs\sources_1\new\uart_ram_ctrl.vhd:]
Command: launch_simulation -step compile -simset sim_1 -mode behavioral
INFO: [Vivado 12-12493] Simulation top is 'system_tb'
ERROR: [Common 17-180] Spawn failed: Operacja ukonczona pomyslnie.

INFO: [Vivado 12-5682] Launching behavioral simulation in 'C:/Users/Mateusz Kozlowski/Documents/zampf/ZAMFP/ZAMFP.sim/sim_1/behav/xsim'
INFO: [SIM-utils-51] Simulation object is 'sim_1'
INFO: [USF-XSim-2] XSim::Compile design
INFO: [USF-XSim-61] Executing 'COMPILE and ANALYZE' step in 'C:/Users/Mateusz Kozlowski/Documents/zampf/ZAMFP/ZAMFP.sim/sim_1/behav/xsim'
"xvhdl --incr --relax -prj system_tb_vhdl.prj"
INFO: [VRFC 10-163] Analyzing VHDL file "C:/Users/Mateusz Kozlowski/Documents/zampf/ZAMFP/ZAMFP.srcs/sources_1/new/uart.vhd" into library xil_defaultlib
INFO: [VRFC 10-3107] analyzing entity 'uart'
WARNING: [VRFC 10-9374] signal 'bit_ticks' is used in a subtype-indication or type-definition [C:/Users/Mateusz Kozlowski/Documents/zampf/ZAMFP/ZAMFP.srcs/sources_1/new/uart.vhd:48]
WARNING: [VRFC 10-9374] signal 'bit_ticks' is used in a subtype-indication or type-definition [C:/Users/Mateusz Kozlowski/Documents/zampf/ZAMFP/ZAMFP.srcs/sources_1/new/uart.vhd:57]
INFO: [VRFC 10-163] Analyzing VHDL file "C:/Users/Mateusz Kozlowski/Documents/zampf/ZAMFP/ZAMFP.srcs/sources_1/new/top.vhd" into library xil_defaultlib
INFO: [VRFC 10-3107] analyzing entity 'system_rtl'
INFO: [VRFC 10-163] Analyzing VHDL file "C:/Users/Mateusz Kozlowski/Documents/zampf/ZAMFP/ZAMFP.srcs/system/new/system_tb.vhd" into library xil_defaultlib
INFO: [VRFC 10-3107] analyzing entity 'system_tb'
INFO: [USF-XSim-69] 'compile' step finished in '1' seconds
ERROR: [Common 17-39] 'launch_simulation' failed due to earlier errors.
ERROR: [Common 17-69] Command failed: ERROR: [Common 17-39] 'launch_simulation' failed due to earlier errors.

relaunch_sim
Command: launch_simulation -step compile -simset sim_1 -mode behavioral
INFO: [Vivado 12-12493] Simulation top is 'system_tb'
INFO: [Vivado 12-5682] Launching behavioral simulation in 'C:/Users/Mateusz Kozlowski/Documents/zampf/ZAMFP/ZAMFP.sim/sim_1/behav/xsim'
INFO: [SIM-utils-51] Simulation object is 'sim_1'
INFO: [USF-XSim-2] XSim::Compile design
INFO: [USF-XSim-61] Executing 'COMPILE and ANALYZE' step in 'C:/Users/Mateusz Kozlowski/Documents/zampf/ZAMFP/ZAMFP.sim/sim_1/behav/xsim'
"xvhdl --incr --relax -prj system_tb_vhdl.prj"
INFO: [USF-XSim-69] 'compile' step finished in '1' seconds
Command: launch_simulation -step elaborate -simset sim_1 -mode behavioral
INFO: [Vivado 12-12493] Simulation top is 'system_tb'
INFO: [Vivado 12-5682] Launching behavioral simulation in 'C:/Users/Mateusz Kozlowski/Documents/zampf/ZAMFP/ZAMFP.sim/sim_1/behav/xsim'
INFO: [SIM-utils-51] Simulation object is 'sim_1'
INFO: [USF-XSim-3] XSim::Elaborate design
INFO: [USF-XSim-61] Executing 'ELABORATE' step in 'C:/Users/Mateusz Kozlowski/Documents/zampf/ZAMFP/ZAMFP.sim/sim_1/behav/xsim'
"xelab --incr --debug typical --relax --mt 2 -L xil_defaultlib -L secureip --snapshot system_tb_behav xil_defaultlib.system_tb -log elaborate.log"
Vivado Simulator v2025.1.0
Copyright 1986-2022 Xilinx, Inc. All Rights Reserved.
Copyright 2022-2025 Advanced Micro Devices, Inc. All Rights Reserved.
Running: C:/Xilinx/2025.1/Vivado/bin/unwrapped/win64.o/xelab.exe --incr --debug typical --relax --mt 2 -L xil_defaultlib -L secureip --snapshot system_tb_behav xil_defaultlib.system_tb -log elaborate.log 
Using 2 slave threads.
Starting static elaboration
WARNING: [VRFC 10-3813] value in initialization depends on signal 'bit_ticks' [C:/Users/Mateusz Kozlowski/Documents/zampf/ZAMFP/ZAMFP.srcs/sources_1/new/uart.vhd:48]
WARNING: [VRFC 10-3813] value in initialization depends on signal 'bit_ticks' [C:/Users/Mateusz Kozlowski/Documents/zampf/ZAMFP/ZAMFP.srcs/sources_1/new/uart.vhd:57]
Completed static elaboration
Starting simulation data flow analysis
Completed simulation data flow analysis
Time Resolution for simulation is 1ps
Compiling package std.standard
Compiling package std.textio
Compiling package ieee.std_logic_1164
Compiling package ieee.std_logic_textio
Compiling package ieee.numeric_std
Compiling architecture behavioral of entity xil_defaultlib.ram [ram_default]
Compiling architecture rtl of entity xil_defaultlib.uart [uart_default]
Compiling architecture behavioral of entity xil_defaultlib.uart_ram_ctrl [uart_ram_ctrl_default]
Compiling architecture rtl of entity xil_defaultlib.system_rtl [system_rtl_default]
Compiling architecture sim of entity xil_defaultlib.system_tb
Built simulation snapshot system_tb_behav
INFO: [USF-XSim-69] 'elaborate' step finished in '1' seconds
Time resolution is 1 ps
run all
Stopped at time : 43600 ns : File "C:/Users/Mateusz Kozlowski/Documents/zampf/ZAMFP/ZAMFP.srcs/system/new/system_tb.vhd" Line 163
run all
Stopped at time : 43600 ns : File "C:/Users/Mateusz Kozlowski/Documents/zampf/ZAMFP/ZAMFP.srcs/system/new/system_tb.vhd" Line 163
run all
Stopped at time : 52280 ns : File "C:/Users/Mateusz Kozlowski/Documents/zampf/ZAMFP/ZAMFP.srcs/system/new/system_tb.vhd" Line 163
run all
Stopped at time : 52280 ns : File "C:/Users/Mateusz Kozlowski/Documents/zampf/ZAMFP/ZAMFP.srcs/system/new/system_tb.vhd" Line 163
run all
Stopped at time : 60960 ns : File "C:/Users/Mateusz Kozlowski/Documents/zampf/ZAMFP/ZAMFP.srcs/system/new/system_tb.vhd" Line 167
run all
Stopped at time : 104360 ns : File "C:/Users/Mateusz Kozlowski/Documents/zampf/ZAMFP/ZAMFP.srcs/system/new/system_tb.vhd" Line 171
run all
Stopped at time : 104360 ns : File "C:/Users/Mateusz Kozlowski/Documents/zampf/ZAMFP/ZAMFP.srcs/system/new/system_tb.vhd" Line 171
run all
Stopped at time : 104360 ns : File "C:/Users/Mateusz Kozlowski/Documents/zampf/ZAMFP/ZAMFP.srcs/system/new/system_tb.vhd" Line 173
run all


Stopped at time : 199840 ns : File "C:/Users/Mateusz Kozlowski/Documents/zampf/ZAMFP/ZAMFP.srcs/system/new/system_tb.vhd" Line 175
run all
Stopped at time : 295320 ns : File "C:/Users/Mateusz Kozlowski/Documents/zampf/ZAMFP/ZAMFP.srcs/system/new/system_tb.vhd" Line 176
run all
Stopped at time : 390800 ns : File "C:/Users/Mateusz Kozlowski/Documents/zampf/ZAMFP/ZAMFP.srcs/system/new/system_tb.vhd" Line 179
run all
Stopped at time : 568090 ns : File "C:/Users/Mateusz Kozlowski/Documents/zampf/ZAMFP/ZAMFP.srcs/system/new/system_tb.vhd" Line 180
run all
Stopped at time : 568090 ns : File "C:/Users/Mateusz Kozlowski/Documents/zampf/ZAMFP/ZAMFP.srcs/system/new/system_tb.vhd" Line 181
run all
Stopped at time : 568090 ns : File "C:/Users/Mateusz Kozlowski/Documents/zampf/ZAMFP/ZAMFP.srcs/system/new/system_tb.vhd" Line 181
run all
Stopped at time : 568090 ns : File "C:/Users/Mateusz Kozlowski/Documents/zampf/ZAMFP/ZAMFP.srcs/system/new/system_tb.vhd" Line 182
run all
STARTXXRESP WRITE PRE = 0xE9
Stopped at time : 568090 ns : File "C:/Users/Mateusz Kozlowski/Documents/zampf/ZAMFP/ZAMFP.srcs/system/new/system_tb.vhd" Line 184
run all
Stopped at time : 732470 ns : File "C:/Users/Mateusz Kozlowski/Documents/zampf/ZAMFP/ZAMFP.srcs/system/new/system_tb.vhd" Line 185
relaunch_sim
Command: launch_simulation -step compile -simset sim_1 -mode behavioral
INFO: [Vivado 12-12493] Simulation top is 'system_tb'
INFO: [Vivado 12-5682] Launching behavioral simulation in 'C:/Users/Mateusz Kozlowski/Documents/zampf/ZAMFP/ZAMFP.sim/sim_1/behav/xsim'
INFO: [SIM-utils-51] Simulation object is 'sim_1'
INFO: [USF-XSim-2] XSim::Compile design
INFO: [USF-XSim-61] Executing 'COMPILE and ANALYZE' step in 'C:/Users/Mateusz Kozlowski/Documents/zampf/ZAMFP/ZAMFP.sim/sim_1/behav/xsim'
"xvhdl --incr --relax -prj system_tb_vhdl.prj"
INFO: [USF-XSim-69] 'compile' step finished in '1' seconds
Command: launch_simulation -step elaborate -simset sim_1 -mode behavioral
INFO: [Vivado 12-12493] Simulation top is 'system_tb'
INFO: [Vivado 12-5682] Launching behavioral simulation in 'C:/Users/Mateusz Kozlowski/Documents/zampf/ZAMFP/ZAMFP.sim/sim_1/behav/xsim'
INFO: [SIM-utils-51] Simulation object is 'sim_1'
INFO: [USF-XSim-3] XSim::Elaborate design
INFO: [USF-XSim-61] Executing 'ELABORATE' step in 'C:/Users/Mateusz Kozlowski/Documents/zampf/ZAMFP/ZAMFP.sim/sim_1/behav/xsim'
"xelab --incr --debug typical --relax --mt 2 -L xil_defaultlib -L secureip --snapshot system_tb_behav xil_defaultlib.system_tb -log elaborate.log"
Vivado Simulator v2025.1.0
Copyright 1986-2022 Xilinx, Inc. All Rights Reserved.
Copyright 2022-2025 Advanced Micro Devices, Inc. All Rights Reserved.
Running: C:/Xilinx/2025.1/Vivado/bin/unwrapped/win64.o/xelab.exe --incr --debug typical --relax --mt 2 -L xil_defaultlib -L secureip --snapshot system_tb_behav xil_defaultlib.system_tb -log elaborate.log 
Using 2 slave threads.
Starting static elaboration
WARNING: [VRFC 10-3813] value in initialization depends on signal 'bit_ticks' [C:/Users/Mateusz Kozlowski/Documents/zampf/ZAMFP/ZAMFP.srcs/sources_1/new/uart.vhd:48]
WARNING: [VRFC 10-3813] value in initialization depends on signal 'bit_ticks' [C:/Users/Mateusz Kozlowski/Documents/zampf/ZAMFP/ZAMFP.srcs/sources_1/new/uart.vhd:57]
Completed static elaboration
INFO: [XSIM 43-4323] No Change in HDL. Linking previously generated obj files to create kernel
INFO: [USF-XSim-69] 'elaborate' step finished in '1' seconds
Time resolution is 1 ps
run all
Stopped at time : 43600 ns : File "C:/Users/Mateusz Kozlowski/Documents/zampf/ZAMFP/ZAMFP.srcs/system/new/system_tb.vhd" Line 163
current_wave_config {system_tb_behav.wcfg}
system_tb_behav.wcfg
add_wave {{/system_tb/dut/uart_i/data_out}} 
current_wave_config {system_tb_behav.wcfg}
system_tb_behav.wcfg
add_wave {{/system_tb/dut/uart_i/data_in}} 
current_wave_config {system_tb_behav.wcfg}
system_tb_behav.wcfg
add_wave {{/system_tb/dut/uart_i/tx_shift}} 
current_wave_config {system_tb_behav.wcfg}
system_tb_behav.wcfg
add_wave {{/system_tb/dut/uart_i/rx_shift}} 
run all
Stopped at time : 43600 ns : File "C:/Users/Mateusz Kozlowski/Documents/zampf/ZAMFP/ZAMFP.srcs/system/new/system_tb.vhd" Line 163
run all
Stopped at time : 52280 ns : File "C:/Users/Mateusz Kozlowski/Documents/zampf/ZAMFP/ZAMFP.srcs/system/new/system_tb.vhd" Line 163
run all
Stopped at time : 52280 ns : File "C:/Users/Mateusz Kozlowski/Documents/zampf/ZAMFP/ZAMFP.srcs/system/new/system_tb.vhd" Line 163
run all
Stopped at time : 60960 ns : File "C:/Users/Mateusz Kozlowski/Documents/zampf/ZAMFP/ZAMFP.srcs/system/new/system_tb.vhd" Line 167
run all
Stopped at time : 104360 ns : File "C:/Users/Mateusz Kozlowski/Documents/zampf/ZAMFP/ZAMFP.srcs/system/new/system_tb.vhd" Line 171
run all
Stopped at time : 104360 ns : File "C:/Users/Mateusz Kozlowski/Documents/zampf/ZAMFP/ZAMFP.srcs/system/new/system_tb.vhd" Line 171
run all
Stopped at time : 104360 ns : File "C:/Users/Mateusz Kozlowski/Documents/zampf/ZAMFP/ZAMFP.srcs/system/new/system_tb.vhd" Line 173
run all


Stopped at time : 199840 ns : File "C:/Users/Mateusz Kozlowski/Documents/zampf/ZAMFP/ZAMFP.srcs/system/new/system_tb.vhd" Line 175
run all
Stopped at time : 295320 ns : File "C:/Users/Mateusz Kozlowski/Documents/zampf/ZAMFP/ZAMFP.srcs/system/new/system_tb.vhd" Line 176
run all
Stopped at time : 390800 ns : File "C:/Users/Mateusz Kozlowski/Documents/zampf/ZAMFP/ZAMFP.srcs/system/new/system_tb.vhd" Line 179
run all
Stopped at time : 568090 ns : File "C:/Users/Mateusz Kozlowski/Documents/zampf/ZAMFP/ZAMFP.srcs/system/new/system_tb.vhd" Line 180
run all
Stopped at time : 568090 ns : File "C:/Users/Mateusz Kozlowski/Documents/zampf/ZAMFP/ZAMFP.srcs/system/new/system_tb.vhd" Line 181
run all
Stopped at time : 568090 ns : File "C:/Users/Mateusz Kozlowski/Documents/zampf/ZAMFP/ZAMFP.srcs/system/new/system_tb.vhd" Line 181
run all
Stopped at time : 568090 ns : File "C:/Users/Mateusz Kozlowski/Documents/zampf/ZAMFP/ZAMFP.srcs/system/new/system_tb.vhd" Line 182
run all
STARTXXRESP WRITE PRE = 0xE9
Stopped at time : 568090 ns : File "C:/Users/Mateusz Kozlowski/Documents/zampf/ZAMFP/ZAMFP.srcs/system/new/system_tb.vhd" Line 184
run all
Stopped at time : 732470 ns : File "C:/Users/Mateusz Kozlowski/Documents/zampf/ZAMFP/ZAMFP.srcs/system/new/system_tb.vhd" Line 185
run all
Stopped at time : 732470 ns : File "C:/Users/Mateusz Kozlowski/Documents/zampf/ZAMFP/ZAMFP.srcs/system/new/system_tb.vhd" Line 186
run all
Stopped at time : 732470 ns : File "C:/Users/Mateusz Kozlowski/Documents/zampf/ZAMFP/ZAMFP.srcs/system/new/system_tb.vhd" Line 186
run all
Stopped at time : 732470 ns : File "C:/Users/Mateusz Kozlowski/Documents/zampf/ZAMFP/ZAMFP.srcs/system/new/system_tb.vhd" Line 187
run all
RESP WRITE HDR = 0x1F
Stopped at time : 732470 ns : File "C:/Users/Mateusz Kozlowski/Documents/zampf/ZAMFP/ZAMFP.srcs/system/new/system_tb.vhd" Line 190
run all

Stopped at time : 732470 ns : File "C:/Users/Mateusz Kozlowski/Documents/zampf/ZAMFP/ZAMFP.srcs/system/new/system_tb.vhd" Line 192
run all
current_wave_config {system_tb_behav.wcfg}
system_tb_behav.wcfg
add_wave {{/system_tb/uart_monitor/data_out_stb}} 
relaunch_sim
Command: launch_simulation -step compile -simset sim_1 -mode behavioral
INFO: [Vivado 12-12493] Simulation top is 'system_tb'
INFO: [Vivado 12-5682] Launching behavioral simulation in 'C:/Users/Mateusz Kozlowski/Documents/zampf/ZAMFP/ZAMFP.sim/sim_1/behav/xsim'
INFO: [SIM-utils-51] Simulation object is 'sim_1'
INFO: [USF-XSim-2] XSim::Compile design
INFO: [USF-XSim-61] Executing 'COMPILE and ANALYZE' step in 'C:/Users/Mateusz Kozlowski/Documents/zampf/ZAMFP/ZAMFP.sim/sim_1/behav/xsim'
"xvhdl --incr --relax -prj system_tb_vhdl.prj"
INFO: [USF-XSim-69] 'compile' step finished in '1' seconds
Command: launch_simulation -step elaborate -simset sim_1 -mode behavioral
INFO: [Vivado 12-12493] Simulation top is 'system_tb'
INFO: [Vivado 12-5682] Launching behavioral simulation in 'C:/Users/Mateusz Kozlowski/Documents/zampf/ZAMFP/ZAMFP.sim/sim_1/behav/xsim'
INFO: [SIM-utils-51] Simulation object is 'sim_1'
INFO: [USF-XSim-3] XSim::Elaborate design
INFO: [USF-XSim-61] Executing 'ELABORATE' step in 'C:/Users/Mateusz Kozlowski/Documents/zampf/ZAMFP/ZAMFP.sim/sim_1/behav/xsim'
"xelab --incr --debug typical --relax --mt 2 -L xil_defaultlib -L secureip --snapshot system_tb_behav xil_defaultlib.system_tb -log elaborate.log"
Vivado Simulator v2025.1.0
Copyright 1986-2022 Xilinx, Inc. All Rights Reserved.
Copyright 2022-2025 Advanced Micro Devices, Inc. All Rights Reserved.
Running: C:/Xilinx/2025.1/Vivado/bin/unwrapped/win64.o/xelab.exe --incr --debug typical --relax --mt 2 -L xil_defaultlib -L secureip --snapshot system_tb_behav xil_defaultlib.system_tb -log elaborate.log 
Using 2 slave threads.
Starting static elaboration
WARNING: [VRFC 10-3813] value in initialization depends on signal 'bit_ticks' [C:/Users/Mateusz Kozlowski/Documents/zampf/ZAMFP/ZAMFP.srcs/sources_1/new/uart.vhd:48]
WARNING: [VRFC 10-3813] value in initialization depends on signal 'bit_ticks' [C:/Users/Mateusz Kozlowski/Documents/zampf/ZAMFP/ZAMFP.srcs/sources_1/new/uart.vhd:57]
Completed static elaboration
INFO: [XSIM 43-4323] No Change in HDL. Linking previously generated obj files to create kernel
INFO: [USF-XSim-69] 'elaborate' step finished in '1' seconds
Time resolution is 1 ps
run all
Stopped at time : 43600 ns : File "C:/Users/Mateusz Kozlowski/Documents/zampf/ZAMFP/ZAMFP.srcs/system/new/system_tb.vhd" Line 163
run all
Stopped at time : 43600 ns : File "C:/Users/Mateusz Kozlowski/Documents/zampf/ZAMFP/ZAMFP.srcs/system/new/system_tb.vhd" Line 163
run all
Stopped at time : 52280 ns : File "C:/Users/Mateusz Kozlowski/Documents/zampf/ZAMFP/ZAMFP.srcs/system/new/system_tb.vhd" Line 163
run all
Stopped at time : 52280 ns : File "C:/Users/Mateusz Kozlowski/Documents/zampf/ZAMFP/ZAMFP.srcs/system/new/system_tb.vhd" Line 163
run all
Stopped at time : 60960 ns : File "C:/Users/Mateusz Kozlowski/Documents/zampf/ZAMFP/ZAMFP.srcs/system/new/system_tb.vhd" Line 167
run all
Stopped at time : 104360 ns : File "C:/Users/Mateusz Kozlowski/Documents/zampf/ZAMFP/ZAMFP.srcs/system/new/system_tb.vhd" Line 171
run all
Stopped at time : 104360 ns : File "C:/Users/Mateusz Kozlowski/Documents/zampf/ZAMFP/ZAMFP.srcs/system/new/system_tb.vhd" Line 171
run all
Stopped at time : 104360 ns : File "C:/Users/Mateusz Kozlowski/Documents/zampf/ZAMFP/ZAMFP.srcs/system/new/system_tb.vhd" Line 173
run all


Stopped at time : 199840 ns : File "C:/Users/Mateusz Kozlowski/Documents/zampf/ZAMFP/ZAMFP.srcs/system/new/system_tb.vhd" Line 175
run all
Stopped at time : 295320 ns : File "C:/Users/Mateusz Kozlowski/Documents/zampf/ZAMFP/ZAMFP.srcs/system/new/system_tb.vhd" Line 176
run all
Stopped at time : 390800 ns : File "C:/Users/Mateusz Kozlowski/Documents/zampf/ZAMFP/ZAMFP.srcs/system/new/system_tb.vhd" Line 179
run all
Stopped at time : 568090 ns : File "C:/Users/Mateusz Kozlowski/Documents/zampf/ZAMFP/ZAMFP.srcs/system/new/system_tb.vhd" Line 180
WARNING: [filemgmt 56-199] Attempt to get parsing info during refresh. "On-the-fly" syntax checking information may be incorrect. [C:\Users\Mateusz Kozlowski\Documents\zampf\ZAMFP\ZAMFP.srcs\sources_1\new\ram.vhd:]
WARNING: [filemgmt 56-199] Attempt to get parsing info during refresh. "On-the-fly" syntax checking information may be incorrect. [C:\Users\Mateusz Kozlowski\Documents\zampf\ZAMFP\ZAMFP.srcs\sources_1\new\uart.vhd:]
WARNING: [filemgmt 56-199] Attempt to get parsing info during refresh. "On-the-fly" syntax checking information may be incorrect. [C:\Users\Mateusz Kozlowski\Documents\zampf\ZAMFP\ZAMFP.srcs\sources_1\new\uart_ram_ctrl.vhd:]
WARNING: [filemgmt 56-199] Attempt to get parsing info during refresh. "On-the-fly" syntax checking information may be incorrect. [C:\Users\Mateusz Kozlowski\Documents\zampf\ZAMFP\ZAMFP.srcs\system\new\system_tb.vhd:]
WARNING: [filemgmt 56-199] Attempt to get parsing info during refresh. "On-the-fly" syntax checking information may be incorrect. [C:\Users\Mateusz Kozlowski\Documents\zampf\ZAMFP\ZAMFP.srcs\sources_1\new\uart.vhd:]
WARNING: [filemgmt 56-199] Attempt to get parsing info during refresh. "On-the-fly" syntax checking information may be incorrect. [C:\Users\Mateusz Kozlowski\Documents\zampf\ZAMFP\ZAMFP.srcs\sources_1\new\uart.vhd:]
WARNING: [filemgmt 56-199] Attempt to get parsing info during refresh. "On-the-fly" syntax checking information may be incorrect. [C:\Users\Mateusz Kozlowski\Documents\zampf\ZAMFP\ZAMFP.srcs\sources_1\new\ram.vhd:]
WARNING: [filemgmt 56-199] Attempt to get parsing info during refresh. "On-the-fly" syntax checking information may be incorrect. [C:\Users\Mateusz Kozlowski\Documents\zampf\ZAMFP\ZAMFP.srcs\sources_1\new\uart.vhd:]
WARNING: [filemgmt 56-199] Attempt to get parsing info during refresh. "On-the-fly" syntax checking information may be incorrect. [C:\Users\Mateusz Kozlowski\Documents\zampf\ZAMFP\ZAMFP.srcs\sources_1\new\uart_ram_ctrl.vhd:]
WARNING: [filemgmt 56-199] Attempt to get parsing info during refresh. "On-the-fly" syntax checking information may be incorrect. [C:\Users\Mateusz Kozlowski\Documents\zampf\ZAMFP\ZAMFP.srcs\system\new\system_tb.vhd:]
WARNING: [filemgmt 56-199] Attempt to get parsing info during refresh. "On-the-fly" syntax checking information may be incorrect. [C:\Users\Mateusz Kozlowski\Documents\zampf\ZAMFP\ZAMFP.srcs\sources_1\new\uart_ram_ctrl.vhd:]
WARNING: [filemgmt 56-199] Attempt to get parsing info during refresh. "On-the-fly" syntax checking information may be incorrect. [C:\Users\Mateusz Kozlowski\Documents\zampf\ZAMFP\ZAMFP.srcs\sources_1\new\uart_ram_ctrl.vhd:]
ERROR: [Common 17-180] Spawn failed: Operacja ukonczona pomyslnie.

WARNING: [filemgmt 56-199] Attempt to get parsing info during refresh. "On-the-fly" syntax checking information may be incorrect. [C:\Users\Mateusz Kozlowski\Documents\zampf\ZAMFP\ZAMFP.srcs\sources_1\new\ram.vhd:]
WARNING: [filemgmt 56-199] Attempt to get parsing info during refresh. "On-the-fly" syntax checking information may be incorrect. [C:\Users\Mateusz Kozlowski\Documents\zampf\ZAMFP\ZAMFP.srcs\sources_1\new\uart.vhd:]
WARNING: [filemgmt 56-199] Attempt to get parsing info during refresh. "On-the-fly" syntax checking information may be incorrect. [C:\Users\Mateusz Kozlowski\Documents\zampf\ZAMFP\ZAMFP.srcs\sources_1\new\uart_ram_ctrl.vhd:]
WARNING: [filemgmt 56-199] Attempt to get parsing info during refresh. "On-the-fly" syntax checking information may be incorrect. [C:\Users\Mateusz Kozlowski\Documents\zampf\ZAMFP\ZAMFP.srcs\system\new\system_tb.vhd:]
WARNING: [filemgmt 56-199] Attempt to get parsing info during refresh. "On-the-fly" syntax checking information may be incorrect. [C:\Users\Mateusz Kozlowski\Documents\zampf\ZAMFP\ZAMFP.srcs\system\new\system_tb.vhd:]
WARNING: [filemgmt 56-199] Attempt to get parsing info during refresh. "On-the-fly" syntax checking information may be incorrect. [C:\Users\Mateusz Kozlowski\Documents\zampf\ZAMFP\ZAMFP.srcs\system\new\system_tb.vhd:]
relaunch_sim
Command: launch_simulation -step compile -simset sim_1 -mode behavioral
INFO: [Vivado 12-12493] Simulation top is 'system_tb'
INFO: [Vivado 12-5682] Launching behavioral simulation in 'C:/Users/Mateusz Kozlowski/Documents/zampf/ZAMFP/ZAMFP.sim/sim_1/behav/xsim'
INFO: [SIM-utils-51] Simulation object is 'sim_1'
INFO: [USF-XSim-2] XSim::Compile design
INFO: [USF-XSim-61] Executing 'COMPILE and ANALYZE' step in 'C:/Users/Mateusz Kozlowski/Documents/zampf/ZAMFP/ZAMFP.sim/sim_1/behav/xsim'
"xvhdl --incr --relax -prj system_tb_vhdl.prj"
INFO: [VRFC 10-163] Analyzing VHDL file "C:/Users/Mateusz Kozlowski/Documents/zampf/ZAMFP/ZAMFP.srcs/sources_1/new/uart.vhd" into library xil_defaultlib
INFO: [VRFC 10-3107] analyzing entity 'uart'
WARNING: [VRFC 10-9374] signal 'bit_ticks' is used in a subtype-indication or type-definition [C:/Users/Mateusz Kozlowski/Documents/zampf/ZAMFP/ZAMFP.srcs/sources_1/new/uart.vhd:48]
WARNING: [VRFC 10-9374] signal 'bit_ticks' is used in a subtype-indication or type-definition [C:/Users/Mateusz Kozlowski/Documents/zampf/ZAMFP/ZAMFP.srcs/sources_1/new/uart.vhd:57]
INFO: [VRFC 10-163] Analyzing VHDL file "C:/Users/Mateusz Kozlowski/Documents/zampf/ZAMFP/ZAMFP.srcs/sources_1/new/top.vhd" into library xil_defaultlib
INFO: [VRFC 10-3107] analyzing entity 'system_rtl'
INFO: [VRFC 10-163] Analyzing VHDL file "C:/Users/Mateusz Kozlowski/Documents/zampf/ZAMFP/ZAMFP.srcs/system/new/system_tb.vhd" into library xil_defaultlib
INFO: [VRFC 10-3107] analyzing entity 'system_tb'
INFO: [USF-XSim-69] 'compile' step finished in '1' seconds
Command: launch_simulation -step elaborate -simset sim_1 -mode behavioral
INFO: [Vivado 12-12493] Simulation top is 'system_tb'
INFO: [Vivado 12-5682] Launching behavioral simulation in 'C:/Users/Mateusz Kozlowski/Documents/zampf/ZAMFP/ZAMFP.sim/sim_1/behav/xsim'
INFO: [SIM-utils-51] Simulation object is 'sim_1'
INFO: [USF-XSim-3] XSim::Elaborate design
INFO: [USF-XSim-61] Executing 'ELABORATE' step in 'C:/Users/Mateusz Kozlowski/Documents/zampf/ZAMFP/ZAMFP.sim/sim_1/behav/xsim'
"xelab --incr --debug typical --relax --mt 2 -L xil_defaultlib -L secureip --snapshot system_tb_behav xil_defaultlib.system_tb -log elaborate.log"
Vivado Simulator v2025.1.0
Copyright 1986-2022 Xilinx, Inc. All Rights Reserved.
Copyright 2022-2025 Advanced Micro Devices, Inc. All Rights Reserved.
Running: C:/Xilinx/2025.1/Vivado/bin/unwrapped/win64.o/xelab.exe --incr --debug typical --relax --mt 2 -L xil_defaultlib -L secureip --snapshot system_tb_behav xil_defaultlib.system_tb -log elaborate.log 
Using 2 slave threads.
Starting static elaboration
WARNING: [VRFC 10-3813] value in initialization depends on signal 'bit_ticks' [C:/Users/Mateusz Kozlowski/Documents/zampf/ZAMFP/ZAMFP.srcs/sources_1/new/uart.vhd:48]
WARNING: [VRFC 10-3813] value in initialization depends on signal 'bit_ticks' [C:/Users/Mateusz Kozlowski/Documents/zampf/ZAMFP/ZAMFP.srcs/sources_1/new/uart.vhd:57]
Completed static elaboration
Starting simulation data flow analysis
Completed simulation data flow analysis
Time Resolution for simulation is 1ps
Compiling package std.standard
Compiling package std.textio
Compiling package ieee.std_logic_1164
Compiling package ieee.std_logic_textio
Compiling package ieee.numeric_std
Compiling architecture behavioral of entity xil_defaultlib.ram [ram_default]
Compiling architecture rtl of entity xil_defaultlib.uart [uart_default]
Compiling architecture behavioral of entity xil_defaultlib.uart_ram_ctrl [uart_ram_ctrl_default]
Compiling architecture rtl of entity xil_defaultlib.system_rtl [system_rtl_default]
Compiling architecture sim of entity xil_defaultlib.system_tb
Built simulation snapshot system_tb_behav
INFO: [USF-XSim-69] 'elaborate' step finished in '1' seconds
Time resolution is 1 ps
run all
Stopped at time : 43600 ns : File "C:/Users/Mateusz Kozlowski/Documents/zampf/ZAMFP/ZAMFP.srcs/system/new/system_tb.vhd" Line 163
run all
Stopped at time : 43600 ns : File "C:/Users/Mateusz Kozlowski/Documents/zampf/ZAMFP/ZAMFP.srcs/system/new/system_tb.vhd" Line 163
run all
Stopped at time : 52280 ns : File "C:/Users/Mateusz Kozlowski/Documents/zampf/ZAMFP/ZAMFP.srcs/system/new/system_tb.vhd" Line 163
run all
Stopped at time : 52280 ns : File "C:/Users/Mateusz Kozlowski/Documents/zampf/ZAMFP/ZAMFP.srcs/system/new/system_tb.vhd" Line 163
run all
Stopped at time : 60960 ns : File "C:/Users/Mateusz Kozlowski/Documents/zampf/ZAMFP/ZAMFP.srcs/system/new/system_tb.vhd" Line 167
run all
Stopped at time : 104360 ns : File "C:/Users/Mateusz Kozlowski/Documents/zampf/ZAMFP/ZAMFP.srcs/system/new/system_tb.vhd" Line 171
run all
Stopped at time : 104360 ns : File "C:/Users/Mateusz Kozlowski/Documents/zampf/ZAMFP/ZAMFP.srcs/system/new/system_tb.vhd" Line 171
run all
Stopped at time : 104360 ns : File "C:/Users/Mateusz Kozlowski/Documents/zampf/ZAMFP/ZAMFP.srcs/system/new/system_tb.vhd" Line 173
run all


Stopped at time : 199840 ns : File "C:/Users/Mateusz Kozlowski/Documents/zampf/ZAMFP/ZAMFP.srcs/system/new/system_tb.vhd" Line 175
run all
Stopped at time : 295320 ns : File "C:/Users/Mateusz Kozlowski/Documents/zampf/ZAMFP/ZAMFP.srcs/system/new/system_tb.vhd" Line 176
run all
Stopped at time : 390800 ns : File "C:/Users/Mateusz Kozlowski/Documents/zampf/ZAMFP/ZAMFP.srcs/system/new/system_tb.vhd" Line 179
run all
Stopped at time : 568050 ns : File "C:/Users/Mateusz Kozlowski/Documents/zampf/ZAMFP/ZAMFP.srcs/system/new/system_tb.vhd" Line 180
run all
Stopped at time : 568050 ns : File "C:/Users/Mateusz Kozlowski/Documents/zampf/ZAMFP/ZAMFP.srcs/system/new/system_tb.vhd" Line 181
run all
Stopped at time : 568050 ns : File "C:/Users/Mateusz Kozlowski/Documents/zampf/ZAMFP/ZAMFP.srcs/system/new/system_tb.vhd" Line 181
run all
Stopped at time : 568050 ns : File "C:/Users/Mateusz Kozlowski/Documents/zampf/ZAMFP/ZAMFP.srcs/system/new/system_tb.vhd" Line 182
run all
STARTXXRESP WRITE PRE = 0xE9
Stopped at time : 568050 ns : File "C:/Users/Mateusz Kozlowski/Documents/zampf/ZAMFP/ZAMFP.srcs/system/new/system_tb.vhd" Line 184
run all
Stopped at time : 732410 ns : File "C:/Users/Mateusz Kozlowski/Documents/zampf/ZAMFP/ZAMFP.srcs/system/new/system_tb.vhd" Line 185
run all
Stopped at time : 732410 ns : File "C:/Users/Mateusz Kozlowski/Documents/zampf/ZAMFP/ZAMFP.srcs/system/new/system_tb.vhd" Line 186
run all
Stopped at time : 732410 ns : File "C:/Users/Mateusz Kozlowski/Documents/zampf/ZAMFP/ZAMFP.srcs/system/new/system_tb.vhd" Line 186
run all
Stopped at time : 732410 ns : File "C:/Users/Mateusz Kozlowski/Documents/zampf/ZAMFP/ZAMFP.srcs/system/new/system_tb.vhd" Line 187
run all
RESP WRITE HDR = 0x1F
Stopped at time : 732410 ns : File "C:/Users/Mateusz Kozlowski/Documents/zampf/ZAMFP/ZAMFP.srcs/system/new/system_tb.vhd" Line 190
run all

Stopped at time : 732410 ns : File "C:/Users/Mateusz Kozlowski/Documents/zampf/ZAMFP/ZAMFP.srcs/system/new/system_tb.vhd" Line 192
run all
remove_bps -file {C:/Users/Mateusz Kozlowski/Documents/zampf/ZAMFP/ZAMFP.srcs/system/new/system_tb.vhd} -line 195
remove_bps -file {C:/Users/Mateusz Kozlowski/Documents/zampf/ZAMFP/ZAMFP.srcs/system/new/system_tb.vhd} -line 194
remove_bps -file {C:/Users/Mateusz Kozlowski/Documents/zampf/ZAMFP/ZAMFP.srcs/system/new/system_tb.vhd} -line 193
remove_bps -file {C:/Users/Mateusz Kozlowski/Documents/zampf/ZAMFP/ZAMFP.srcs/system/new/system_tb.vhd} -line 192
add_bp {C:/Users/Mateusz Kozlowski/Documents/zampf/ZAMFP/ZAMFP.srcs/system/new/system_tb.vhd} 192
remove_bps -BreakPointObjsOrIds bp325 bp326 bp327 bp328 bp329 bp330 bp331 bp332 bp333 bp334 bp335 bp336 bp337 bp338 bp339 bp344 
add_bp {C:/Users/Mateusz Kozlowski/Documents/zampf/ZAMFP/ZAMFP.srcs/system/new/system_tb.vhd} 192
relaunch_sim
Command: launch_simulation -step compile -simset sim_1 -mode behavioral
INFO: [Vivado 12-12493] Simulation top is 'system_tb'
INFO: [Vivado 12-5682] Launching behavioral simulation in 'C:/Users/Mateusz Kozlowski/Documents/zampf/ZAMFP/ZAMFP.sim/sim_1/behav/xsim'
INFO: [SIM-utils-51] Simulation object is 'sim_1'
INFO: [USF-XSim-2] XSim::Compile design
INFO: [USF-XSim-61] Executing 'COMPILE and ANALYZE' step in 'C:/Users/Mateusz Kozlowski/Documents/zampf/ZAMFP/ZAMFP.sim/sim_1/behav/xsim'
"xvhdl --incr --relax -prj system_tb_vhdl.prj"
INFO: [USF-XSim-69] 'compile' step finished in '1' seconds
Command: launch_simulation -step elaborate -simset sim_1 -mode behavioral
INFO: [Vivado 12-12493] Simulation top is 'system_tb'
INFO: [Vivado 12-5682] Launching behavioral simulation in 'C:/Users/Mateusz Kozlowski/Documents/zampf/ZAMFP/ZAMFP.sim/sim_1/behav/xsim'
INFO: [SIM-utils-51] Simulation object is 'sim_1'
INFO: [USF-XSim-3] XSim::Elaborate design
INFO: [USF-XSim-61] Executing 'ELABORATE' step in 'C:/Users/Mateusz Kozlowski/Documents/zampf/ZAMFP/ZAMFP.sim/sim_1/behav/xsim'
"xelab --incr --debug typical --relax --mt 2 -L xil_defaultlib -L secureip --snapshot system_tb_behav xil_defaultlib.system_tb -log elaborate.log"
Vivado Simulator v2025.1.0
Copyright 1986-2022 Xilinx, Inc. All Rights Reserved.
Copyright 2022-2025 Advanced Micro Devices, Inc. All Rights Reserved.
Running: C:/Xilinx/2025.1/Vivado/bin/unwrapped/win64.o/xelab.exe --incr --debug typical --relax --mt 2 -L xil_defaultlib -L secureip --snapshot system_tb_behav xil_defaultlib.system_tb -log elaborate.log 
Using 2 slave threads.
Starting static elaboration
WARNING: [VRFC 10-3813] value in initialization depends on signal 'bit_ticks' [C:/Users/Mateusz Kozlowski/Documents/zampf/ZAMFP/ZAMFP.srcs/sources_1/new/uart.vhd:48]
WARNING: [VRFC 10-3813] value in initialization depends on signal 'bit_ticks' [C:/Users/Mateusz Kozlowski/Documents/zampf/ZAMFP/ZAMFP.srcs/sources_1/new/uart.vhd:57]
Completed static elaboration
INFO: [XSIM 43-4323] No Change in HDL. Linking previously generated obj files to create kernel
INFO: [USF-XSim-69] 'elaborate' step finished in '1' seconds
Time resolution is 1 ps
run all


STARTXXRESP WRITE PRE = 0xE9
RESP WRITE HDR = 0x1F

Stopped at time : 732410 ns : File "C:/Users/Mateusz Kozlowski/Documents/zampf/ZAMFP/ZAMFP.srcs/system/new/system_tb.vhd" Line 192
relaunch_sim
WARNING: [filemgmt 56-199] Attempt to get parsing info during refresh. "On-the-fly" syntax checking information may be incorrect. [C:\Users\Mateusz Kozlowski\Documents\zampf\ZAMFP\ZAMFP.srcs\sources_1\new\ram.vhd:]
WARNING: [filemgmt 56-199] Attempt to get parsing info during refresh. "On-the-fly" syntax checking information may be incorrect. [C:\Users\Mateusz Kozlowski\Documents\zampf\ZAMFP\ZAMFP.srcs\sources_1\new\uart.vhd:]
WARNING: [filemgmt 56-199] Attempt to get parsing info during refresh. "On-the-fly" syntax checking information may be incorrect. [C:\Users\Mateusz Kozlowski\Documents\zampf\ZAMFP\ZAMFP.srcs\sources_1\new\uart_ram_ctrl.vhd:]
WARNING: [filemgmt 56-199] Attempt to get parsing info during refresh. "On-the-fly" syntax checking information may be incorrect. [C:\Users\Mateusz Kozlowski\Documents\zampf\ZAMFP\ZAMFP.srcs\system\new\system_tb.vhd:]
WARNING: [filemgmt 56-199] Attempt to get parsing info during refresh. "On-the-fly" syntax checking information may be incorrect. [C:\Users\Mateusz Kozlowski\Documents\zampf\ZAMFP\ZAMFP.srcs\sources_1\new\uart.vhd:]
WARNING: [filemgmt 56-199] Attempt to get parsing info during refresh. "On-the-fly" syntax checking information may be incorrect. [C:\Users\Mateusz Kozlowski\Documents\zampf\ZAMFP\ZAMFP.srcs\sources_1\new\uart.vhd:]
Command: launch_simulation -step compile -simset sim_1 -mode behavioral
INFO: [Vivado 12-12493] Simulation top is 'system_tb'
WARNING: [filemgmt 56-199] Attempt to get parsing info during refresh. "On-the-fly" syntax checking information may be incorrect. [C:\Users\Mateusz Kozlowski\Documents\zampf\ZAMFP\ZAMFP.srcs\sources_1\new\ram.vhd:]
WARNING: [filemgmt 56-199] Attempt to get parsing info during refresh. "On-the-fly" syntax checking information may be incorrect. [C:\Users\Mateusz Kozlowski\Documents\zampf\ZAMFP\ZAMFP.srcs\sources_1\new\uart.vhd:]
WARNING: [filemgmt 56-199] Attempt to get parsing info during refresh. "On-the-fly" syntax checking information may be incorrect. [C:\Users\Mateusz Kozlowski\Documents\zampf\ZAMFP\ZAMFP.srcs\sources_1\new\uart_ram_ctrl.vhd:]
WARNING: [filemgmt 56-199] Attempt to get parsing info during refresh. "On-the-fly" syntax checking information may be incorrect. [C:\Users\Mateusz Kozlowski\Documents\zampf\ZAMFP\ZAMFP.srcs\system\new\system_tb.vhd:]
WARNING: [filemgmt 56-199] Attempt to get parsing info during refresh. "On-the-fly" syntax checking information may be incorrect. [C:\Users\Mateusz Kozlowski\Documents\zampf\ZAMFP\ZAMFP.srcs\system\new\system_tb.vhd:]
WARNING: [filemgmt 56-199] Attempt to get parsing info during refresh. "On-the-fly" syntax checking information may be incorrect. [C:\Users\Mateusz Kozlowski\Documents\zampf\ZAMFP\ZAMFP.srcs\system\new\system_tb.vhd:]
INFO: [Vivado 12-5682] Launching behavioral simulation in 'C:/Users/Mateusz Kozlowski/Documents/zampf/ZAMFP/ZAMFP.sim/sim_1/behav/xsim'
INFO: [SIM-utils-51] Simulation object is 'sim_1'
INFO: [USF-XSim-2] XSim::Compile design
INFO: [USF-XSim-61] Executing 'COMPILE and ANALYZE' step in 'C:/Users/Mateusz Kozlowski/Documents/zampf/ZAMFP/ZAMFP.sim/sim_1/behav/xsim'
"xvhdl --incr --relax -prj system_tb_vhdl.prj"
INFO: [VRFC 10-163] Analyzing VHDL file "C:/Users/Mateusz Kozlowski/Documents/zampf/ZAMFP/ZAMFP.srcs/sources_1/new/uart.vhd" into library xil_defaultlib
INFO: [VRFC 10-3107] analyzing entity 'uart'
WARNING: [VRFC 10-9374] signal 'bit_ticks' is used in a subtype-indication or type-definition [C:/Users/Mateusz Kozlowski/Documents/zampf/ZAMFP/ZAMFP.srcs/sources_1/new/uart.vhd:48]
WARNING: [VRFC 10-9374] signal 'bit_ticks' is used in a subtype-indication or type-definition [C:/Users/Mateusz Kozlowski/Documents/zampf/ZAMFP/ZAMFP.srcs/sources_1/new/uart.vhd:57]
INFO: [VRFC 10-163] Analyzing VHDL file "C:/Users/Mateusz Kozlowski/Documents/zampf/ZAMFP/ZAMFP.srcs/sources_1/new/top.vhd" into library xil_defaultlib
INFO: [VRFC 10-3107] analyzing entity 'system_rtl'
INFO: [VRFC 10-163] Analyzing VHDL file "C:/Users/Mateusz Kozlowski/Documents/zampf/ZAMFP/ZAMFP.srcs/system/new/system_tb.vhd" into library xil_defaultlib
INFO: [VRFC 10-3107] analyzing entity 'system_tb'
INFO: [USF-XSim-69] 'compile' step finished in '1' seconds
Command: launch_simulation -step elaborate -simset sim_1 -mode behavioral
INFO: [Vivado 12-12493] Simulation top is 'system_tb'
INFO: [Vivado 12-5682] Launching behavioral simulation in 'C:/Users/Mateusz Kozlowski/Documents/zampf/ZAMFP/ZAMFP.sim/sim_1/behav/xsim'
INFO: [SIM-utils-51] Simulation object is 'sim_1'
INFO: [USF-XSim-3] XSim::Elaborate design
INFO: [USF-XSim-61] Executing 'ELABORATE' step in 'C:/Users/Mateusz Kozlowski/Documents/zampf/ZAMFP/ZAMFP.sim/sim_1/behav/xsim'
"xelab --incr --debug typical --relax --mt 2 -L xil_defaultlib -L secureip --snapshot system_tb_behav xil_defaultlib.system_tb -log elaborate.log"
Vivado Simulator v2025.1.0
Copyright 1986-2022 Xilinx, Inc. All Rights Reserved.
Copyright 2022-2025 Advanced Micro Devices, Inc. All Rights Reserved.
Running: C:/Xilinx/2025.1/Vivado/bin/unwrapped/win64.o/xelab.exe --incr --debug typical --relax --mt 2 -L xil_defaultlib -L secureip --snapshot system_tb_behav xil_defaultlib.system_tb -log elaborate.log 
Using 2 slave threads.
Starting static elaboration
WARNING: [VRFC 10-3813] value in initialization depends on signal 'bit_ticks' [C:/Users/Mateusz Kozlowski/Documents/zampf/ZAMFP/ZAMFP.srcs/sources_1/new/uart.vhd:48]
WARNING: [VRFC 10-3813] value in initialization depends on signal 'bit_ticks' [C:/Users/Mateusz Kozlowski/Documents/zampf/ZAMFP/ZAMFP.srcs/sources_1/new/uart.vhd:57]
Completed static elaboration
Starting simulation data flow analysis
Completed simulation data flow analysis
Time Resolution for simulation is 1ps
Compiling package std.standard
Compiling package std.textio
Compiling package ieee.std_logic_1164
Compiling package ieee.std_logic_textio
Compiling package ieee.numeric_std
Compiling architecture behavioral of entity xil_defaultlib.ram [ram_default]
Compiling architecture rtl of entity xil_defaultlib.uart [uart_default]
Compiling architecture behavioral of entity xil_defaultlib.uart_ram_ctrl [uart_ram_ctrl_default]
Compiling architecture rtl of entity xil_defaultlib.system_rtl [system_rtl_default]
Compiling architecture sim of entity xil_defaultlib.system_tb
Built simulation snapshot system_tb_behav
INFO: [USF-XSim-69] 'elaborate' step finished in '1' seconds
Time resolution is 1 ps
relaunch_sim: Time (s): cpu = 00:00:00 ; elapsed = 00:00:06 . Memory (MB): peak = 3421.910 ; gain = 0.000
run all


STARTXXRESP WRITE PRE = 0x13
RESP WRITE HDR = 0x3F

Stopped at time : 733830 ns : File "C:/Users/Mateusz Kozlowski/Documents/zampf/ZAMFP/ZAMFP.srcs/system/new/system_tb.vhd" Line 192
relaunch_sim
WARNING: [filemgmt 56-199] Attempt to get parsing info during refresh. "On-the-fly" syntax checking information may be incorrect. [C:\Users\Mateusz Kozlowski\Documents\zampf\ZAMFP\ZAMFP.srcs\sources_1\new\ram.vhd:]
WARNING: [filemgmt 56-199] Attempt to get parsing info during refresh. "On-the-fly" syntax checking information may be incorrect. [C:\Users\Mateusz Kozlowski\Documents\zampf\ZAMFP\ZAMFP.srcs\sources_1\new\uart.vhd:]
WARNING: [filemgmt 56-199] Attempt to get parsing info during refresh. "On-the-fly" syntax checking information may be incorrect. [C:\Users\Mateusz Kozlowski\Documents\zampf\ZAMFP\ZAMFP.srcs\sources_1\new\uart_ram_ctrl.vhd:]
WARNING: [filemgmt 56-199] Attempt to get parsing info during refresh. "On-the-fly" syntax checking information may be incorrect. [C:\Users\Mateusz Kozlowski\Documents\zampf\ZAMFP\ZAMFP.srcs\system\new\system_tb.vhd:]
WARNING: [filemgmt 56-199] Attempt to get parsing info during refresh. "On-the-fly" syntax checking information may be incorrect. [C:\Users\Mateusz Kozlowski\Documents\zampf\ZAMFP\ZAMFP.srcs\system\new\system_tb.vhd:]
WARNING: [filemgmt 56-199] Attempt to get parsing info during refresh. "On-the-fly" syntax checking information may be incorrect. [C:\Users\Mateusz Kozlowski\Documents\zampf\ZAMFP\ZAMFP.srcs\system\new\system_tb.vhd:]
WARNING: [filemgmt 56-199] Attempt to get parsing info during refresh. "On-the-fly" syntax checking information may be incorrect. [C:\Users\Mateusz Kozlowski\Documents\zampf\ZAMFP\ZAMFP.srcs\sources_1\new\ram.vhd:]
WARNING: [filemgmt 56-199] Attempt to get parsing info during refresh. "On-the-fly" syntax checking information may be incorrect. [C:\Users\Mateusz Kozlowski\Documents\zampf\ZAMFP\ZAMFP.srcs\sources_1\new\uart.vhd:]
WARNING: [filemgmt 56-199] Attempt to get parsing info during refresh. "On-the-fly" syntax checking information may be incorrect. [C:\Users\Mateusz Kozlowski\Documents\zampf\ZAMFP\ZAMFP.srcs\sources_1\new\uart_ram_ctrl.vhd:]
WARNING: [filemgmt 56-199] Attempt to get parsing info during refresh. "On-the-fly" syntax checking information may be incorrect. [C:\Users\Mateusz Kozlowski\Documents\zampf\ZAMFP\ZAMFP.srcs\system\new\system_tb.vhd:]
WARNING: [filemgmt 56-199] Attempt to get parsing info during refresh. "On-the-fly" syntax checking information may be incorrect. [C:\Users\Mateusz Kozlowski\Documents\zampf\ZAMFP\ZAMFP.srcs\sources_1\new\uart_ram_ctrl.vhd:]
WARNING: [filemgmt 56-199] Attempt to get parsing info during refresh. "On-the-fly" syntax checking information may be incorrect. [C:\Users\Mateusz Kozlowski\Documents\zampf\ZAMFP\ZAMFP.srcs\sources_1\new\uart_ram_ctrl.vhd:]
WARNING: [filemgmt 56-199] Attempt to get parsing info during refresh. "On-the-fly" syntax checking information may be incorrect. [C:\Users\Mateusz Kozlowski\Documents\zampf\ZAMFP\ZAMFP.srcs\sources_1\new\ram.vhd:]
WARNING: [filemgmt 56-199] Attempt to get parsing info during refresh. "On-the-fly" syntax checking information may be incorrect. [C:\Users\Mateusz Kozlowski\Documents\zampf\ZAMFP\ZAMFP.srcs\sources_1\new\uart.vhd:]
WARNING: [filemgmt 56-199] Attempt to get parsing info during refresh. "On-the-fly" syntax checking information may be incorrect. [C:\Users\Mateusz Kozlowski\Documents\zampf\ZAMFP\ZAMFP.srcs\sources_1\new\uart_ram_ctrl.vhd:]
WARNING: [filemgmt 56-199] Attempt to get parsing info during refresh. "On-the-fly" syntax checking information may be incorrect. [C:\Users\Mateusz Kozlowski\Documents\zampf\ZAMFP\ZAMFP.srcs\system\new\system_tb.vhd:]
WARNING: [filemgmt 56-199] Attempt to get parsing info during refresh. "On-the-fly" syntax checking information may be incorrect. [C:\Users\Mateusz Kozlowski\Documents\zampf\ZAMFP\ZAMFP.srcs\sources_1\new\ram.vhd:]
WARNING: [filemgmt 56-199] Attempt to get parsing info during refresh. "On-the-fly" syntax checking information may be incorrect. [C:\Users\Mateusz Kozlowski\Documents\zampf\ZAMFP\ZAMFP.srcs\sources_1\new\ram.vhd:]
Command: launch_simulation -step compile -simset sim_1 -mode behavioral
INFO: [Vivado 12-12493] Simulation top is 'system_tb'
ERROR: [Common 17-180] Spawn failed: Operacja ukonczona pomyslnie.

INFO: [Vivado 12-5682] Launching behavioral simulation in 'C:/Users/Mateusz Kozlowski/Documents/zampf/ZAMFP/ZAMFP.sim/sim_1/behav/xsim'
INFO: [SIM-utils-51] Simulation object is 'sim_1'
INFO: [USF-XSim-2] XSim::Compile design
INFO: [USF-XSim-61] Executing 'COMPILE and ANALYZE' step in 'C:/Users/Mateusz Kozlowski/Documents/zampf/ZAMFP/ZAMFP.sim/sim_1/behav/xsim'
"xvhdl --incr --relax -prj system_tb_vhdl.prj"
INFO: [VRFC 10-163] Analyzing VHDL file "C:/Users/Mateusz Kozlowski/Documents/zampf/ZAMFP/ZAMFP.srcs/sources_1/new/uart.vhd" into library xil_defaultlib
INFO: [VRFC 10-3107] analyzing entity 'uart'
WARNING: [VRFC 10-9374] signal 'bit_ticks' is used in a subtype-indication or type-definition [C:/Users/Mateusz Kozlowski/Documents/zampf/ZAMFP/ZAMFP.srcs/sources_1/new/uart.vhd:48]
WARNING: [VRFC 10-9374] signal 'bit_ticks' is used in a subtype-indication or type-definition [C:/Users/Mateusz Kozlowski/Documents/zampf/ZAMFP/ZAMFP.srcs/sources_1/new/uart.vhd:57]
INFO: [VRFC 10-163] Analyzing VHDL file "C:/Users/Mateusz Kozlowski/Documents/zampf/ZAMFP/ZAMFP.srcs/sources_1/new/top.vhd" into library xil_defaultlib
INFO: [VRFC 10-3107] analyzing entity 'system_rtl'
INFO: [VRFC 10-163] Analyzing VHDL file "C:/Users/Mateusz Kozlowski/Documents/zampf/ZAMFP/ZAMFP.srcs/system/new/system_tb.vhd" into library xil_defaultlib
INFO: [VRFC 10-3107] analyzing entity 'system_tb'
INFO: [USF-XSim-69] 'compile' step finished in '1' seconds
ERROR: [Common 17-39] 'launch_simulation' failed due to earlier errors.
ERROR: [Common 17-69] Command failed: ERROR: [Common 17-39] 'launch_simulation' failed due to earlier errors.

relaunch_sim
Command: launch_simulation -step compile -simset sim_1 -mode behavioral
INFO: [Vivado 12-12493] Simulation top is 'system_tb'
INFO: [Vivado 12-5682] Launching behavioral simulation in 'C:/Users/Mateusz Kozlowski/Documents/zampf/ZAMFP/ZAMFP.sim/sim_1/behav/xsim'
INFO: [SIM-utils-51] Simulation object is 'sim_1'
INFO: [USF-XSim-2] XSim::Compile design
INFO: [USF-XSim-61] Executing 'COMPILE and ANALYZE' step in 'C:/Users/Mateusz Kozlowski/Documents/zampf/ZAMFP/ZAMFP.sim/sim_1/behav/xsim'
"xvhdl --incr --relax -prj system_tb_vhdl.prj"
INFO: [USF-XSim-69] 'compile' step finished in '1' seconds
Command: launch_simulation -step elaborate -simset sim_1 -mode behavioral
INFO: [Vivado 12-12493] Simulation top is 'system_tb'
INFO: [Vivado 12-5682] Launching behavioral simulation in 'C:/Users/Mateusz Kozlowski/Documents/zampf/ZAMFP/ZAMFP.sim/sim_1/behav/xsim'
INFO: [SIM-utils-51] Simulation object is 'sim_1'
INFO: [USF-XSim-3] XSim::Elaborate design
INFO: [USF-XSim-61] Executing 'ELABORATE' step in 'C:/Users/Mateusz Kozlowski/Documents/zampf/ZAMFP/ZAMFP.sim/sim_1/behav/xsim'
"xelab --incr --debug typical --relax --mt 2 -L xil_defaultlib -L secureip --snapshot system_tb_behav xil_defaultlib.system_tb -log elaborate.log"
Vivado Simulator v2025.1.0
Copyright 1986-2022 Xilinx, Inc. All Rights Reserved.
Copyright 2022-2025 Advanced Micro Devices, Inc. All Rights Reserved.
Running: C:/Xilinx/2025.1/Vivado/bin/unwrapped/win64.o/xelab.exe --incr --debug typical --relax --mt 2 -L xil_defaultlib -L secureip --snapshot system_tb_behav xil_defaultlib.system_tb -log elaborate.log 
Using 2 slave threads.
Starting static elaboration
WARNING: [VRFC 10-3813] value in initialization depends on signal 'bit_ticks' [C:/Users/Mateusz Kozlowski/Documents/zampf/ZAMFP/ZAMFP.srcs/sources_1/new/uart.vhd:48]
WARNING: [VRFC 10-3813] value in initialization depends on signal 'bit_ticks' [C:/Users/Mateusz Kozlowski/Documents/zampf/ZAMFP/ZAMFP.srcs/sources_1/new/uart.vhd:57]
Completed static elaboration
Starting simulation data flow analysis
Completed simulation data flow analysis
Time Resolution for simulation is 1ps
Compiling package std.standard
Compiling package std.textio
Compiling package ieee.std_logic_1164
Compiling package ieee.std_logic_textio
Compiling package ieee.numeric_std
Compiling architecture behavioral of entity xil_defaultlib.ram [ram_default]
Compiling architecture rtl of entity xil_defaultlib.uart [uart_default]
Compiling architecture behavioral of entity xil_defaultlib.uart_ram_ctrl [uart_ram_ctrl_default]
Compiling architecture rtl of entity xil_defaultlib.system_rtl [system_rtl_default]
Compiling architecture sim of entity xil_defaultlib.system_tb
Built simulation snapshot system_tb_behav
INFO: [USF-XSim-69] 'elaborate' step finished in '1' seconds
Time resolution is 1 ps
run all




run: Time (s): cpu = 00:00:12 ; elapsed = 00:00:12 . Memory (MB): peak = 3424.332 ; gain = 0.000
remove_bps -file {C:/Users/Mateusz Kozlowski/Documents/zampf/ZAMFP/ZAMFP.srcs/system/new/system_tb.vhd} -line 192
add_bp {C:/Users/Mateusz Kozlowski/Documents/zampf/ZAMFP/ZAMFP.srcs/system/new/system_tb.vhd} 163
relaunch_sim
INFO: xsimkernel Simulation Memory Usage: 17620 KB (Peak: 17620 KB), Simulation CPU Usage: 11655 ms
Command: launch_simulation -step compile -simset sim_1 -mode behavioral
INFO: [Vivado 12-12493] Simulation top is 'system_tb'
INFO: [Vivado 12-5682] Launching behavioral simulation in 'C:/Users/Mateusz Kozlowski/Documents/zampf/ZAMFP/ZAMFP.sim/sim_1/behav/xsim'
INFO: [SIM-utils-51] Simulation object is 'sim_1'
INFO: [USF-XSim-2] XSim::Compile design
INFO: [USF-XSim-61] Executing 'COMPILE and ANALYZE' step in 'C:/Users/Mateusz Kozlowski/Documents/zampf/ZAMFP/ZAMFP.sim/sim_1/behav/xsim'
"xvhdl --incr --relax -prj system_tb_vhdl.prj"
INFO: [USF-XSim-69] 'compile' step finished in '1' seconds
Command: launch_simulation -step elaborate -simset sim_1 -mode behavioral
INFO: [Vivado 12-12493] Simulation top is 'system_tb'
INFO: [Vivado 12-5682] Launching behavioral simulation in 'C:/Users/Mateusz Kozlowski/Documents/zampf/ZAMFP/ZAMFP.sim/sim_1/behav/xsim'
INFO: [SIM-utils-51] Simulation object is 'sim_1'
INFO: [USF-XSim-3] XSim::Elaborate design
INFO: [USF-XSim-61] Executing 'ELABORATE' step in 'C:/Users/Mateusz Kozlowski/Documents/zampf/ZAMFP/ZAMFP.sim/sim_1/behav/xsim'
"xelab --incr --debug typical --relax --mt 2 -L xil_defaultlib -L secureip --snapshot system_tb_behav xil_defaultlib.system_tb -log elaborate.log"
Vivado Simulator v2025.1.0
Copyright 1986-2022 Xilinx, Inc. All Rights Reserved.
Copyright 2022-2025 Advanced Micro Devices, Inc. All Rights Reserved.
Running: C:/Xilinx/2025.1/Vivado/bin/unwrapped/win64.o/xelab.exe --incr --debug typical --relax --mt 2 -L xil_defaultlib -L secureip --snapshot system_tb_behav xil_defaultlib.system_tb -log elaborate.log 
Using 2 slave threads.
Starting static elaboration
WARNING: [VRFC 10-3813] value in initialization depends on signal 'bit_ticks' [C:/Users/Mateusz Kozlowski/Documents/zampf/ZAMFP/ZAMFP.srcs/sources_1/new/uart.vhd:48]
WARNING: [VRFC 10-3813] value in initialization depends on signal 'bit_ticks' [C:/Users/Mateusz Kozlowski/Documents/zampf/ZAMFP/ZAMFP.srcs/sources_1/new/uart.vhd:57]
Completed static elaboration
INFO: [XSIM 43-4323] No Change in HDL. Linking previously generated obj files to create kernel
INFO: [USF-XSim-69] 'elaborate' step finished in '1' seconds
Time resolution is 1 ps
run all
Stopped at time : 43600 ns : File "C:/Users/Mateusz Kozlowski/Documents/zampf/ZAMFP/ZAMFP.srcs/system/new/system_tb.vhd" Line 163
add_bp {C:/Users/Mateusz Kozlowski/Documents/zampf/ZAMFP/ZAMFP.srcs/system/new/system_tb.vhd} 167
run all
Stopped at time : 43600 ns : File "C:/Users/Mateusz Kozlowski/Documents/zampf/ZAMFP/ZAMFP.srcs/system/new/system_tb.vhd" Line 163
run all
Stopped at time : 52280 ns : File "C:/Users/Mateusz Kozlowski/Documents/zampf/ZAMFP/ZAMFP.srcs/system/new/system_tb.vhd" Line 163
run all
Stopped at time : 52280 ns : File "C:/Users/Mateusz Kozlowski/Documents/zampf/ZAMFP/ZAMFP.srcs/system/new/system_tb.vhd" Line 163
run all
Stopped at time : 60960 ns : File "C:/Users/Mateusz Kozlowski/Documents/zampf/ZAMFP/ZAMFP.srcs/system/new/system_tb.vhd" Line 167
add_bp {C:/Users/Mateusz Kozlowski/Documents/zampf/ZAMFP/ZAMFP.srcs/system/new/system_tb.vhd} 171
add_bp {C:/Users/Mateusz Kozlowski/Documents/zampf/ZAMFP/ZAMFP.srcs/system/new/system_tb.vhd} 176
run all
Stopped at time : 104360 ns : File "C:/Users/Mateusz Kozlowski/Documents/zampf/ZAMFP/ZAMFP.srcs/system/new/system_tb.vhd" Line 171
run all
Stopped at time : 104360 ns : File "C:/Users/Mateusz Kozlowski/Documents/zampf/ZAMFP/ZAMFP.srcs/system/new/system_tb.vhd" Line 171
run all


Stopped at time : 295320 ns : File "C:/Users/Mateusz Kozlowski/Documents/zampf/ZAMFP/ZAMFP.srcs/system/new/system_tb.vhd" Line 176
add_bp {C:/Users/Mateusz Kozlowski/Documents/zampf/ZAMFP/ZAMFP.srcs/system/new/system_tb.vhd} 182
run all


relaunch_sim
Command: launch_simulation -step compile -simset sim_1 -mode behavioral
INFO: [Vivado 12-12493] Simulation top is 'system_tb'
INFO: [Vivado 12-5682] Launching behavioral simulation in 'C:/Users/Mateusz Kozlowski/Documents/zampf/ZAMFP/ZAMFP.sim/sim_1/behav/xsim'
INFO: [SIM-utils-51] Simulation object is 'sim_1'
INFO: [USF-XSim-2] XSim::Compile design
INFO: [USF-XSim-61] Executing 'COMPILE and ANALYZE' step in 'C:/Users/Mateusz Kozlowski/Documents/zampf/ZAMFP/ZAMFP.sim/sim_1/behav/xsim'
"xvhdl --incr --relax -prj system_tb_vhdl.prj"
INFO: [VRFC 10-163] Analyzing VHDL file "C:/Users/Mateusz Kozlowski/Documents/zampf/ZAMFP/ZAMFP.srcs/sources_1/new/uart.vhd" into library xil_defaultlib
INFO: [VRFC 10-3107] analyzing entity 'uart'
WARNING: [VRFC 10-9374] signal 'bit_ticks' is used in a subtype-indication or type-definition [C:/Users/Mateusz Kozlowski/Documents/zampf/ZAMFP/ZAMFP.srcs/sources_1/new/uart.vhd:48]
WARNING: [VRFC 10-9374] signal 'bit_ticks' is used in a subtype-indication or type-definition [C:/Users/Mateusz Kozlowski/Documents/zampf/ZAMFP/ZAMFP.srcs/sources_1/new/uart.vhd:57]
INFO: [VRFC 10-163] Analyzing VHDL file "C:/Users/Mateusz Kozlowski/Documents/zampf/ZAMFP/ZAMFP.srcs/sources_1/new/top.vhd" into library xil_defaultlib
INFO: [VRFC 10-3107] analyzing entity 'system_rtl'
INFO: [VRFC 10-163] Analyzing VHDL file "C:/Users/Mateusz Kozlowski/Documents/zampf/ZAMFP/ZAMFP.srcs/system/new/system_tb.vhd" into library xil_defaultlib
INFO: [VRFC 10-3107] analyzing entity 'system_tb'
INFO: [USF-XSim-69] 'compile' step finished in '1' seconds
Command: launch_simulation -step elaborate -simset sim_1 -mode behavioral
INFO: [Vivado 12-12493] Simulation top is 'system_tb'
INFO: [Vivado 12-5682] Launching behavioral simulation in 'C:/Users/Mateusz Kozlowski/Documents/zampf/ZAMFP/ZAMFP.sim/sim_1/behav/xsim'
INFO: [SIM-utils-51] Simulation object is 'sim_1'
INFO: [USF-XSim-3] XSim::Elaborate design
INFO: [USF-XSim-61] Executing 'ELABORATE' step in 'C:/Users/Mateusz Kozlowski/Documents/zampf/ZAMFP/ZAMFP.sim/sim_1/behav/xsim'
"xelab --incr --debug typical --relax --mt 2 -L xil_defaultlib -L secureip --snapshot system_tb_behav xil_defaultlib.system_tb -log elaborate.log"
Vivado Simulator v2025.1.0
Copyright 1986-2022 Xilinx, Inc. All Rights Reserved.
Copyright 2022-2025 Advanced Micro Devices, Inc. All Rights Reserved.
Running: C:/Xilinx/2025.1/Vivado/bin/unwrapped/win64.o/xelab.exe --incr --debug typical --relax --mt 2 -L xil_defaultlib -L secureip --snapshot system_tb_behav xil_defaultlib.system_tb -log elaborate.log 
Using 2 slave threads.
Starting static elaboration
WARNING: [VRFC 10-3813] value in initialization depends on signal 'bit_ticks' [C:/Users/Mateusz Kozlowski/Documents/zampf/ZAMFP/ZAMFP.srcs/sources_1/new/uart.vhd:48]
WARNING: [VRFC 10-3813] value in initialization depends on signal 'bit_ticks' [C:/Users/Mateusz Kozlowski/Documents/zampf/ZAMFP/ZAMFP.srcs/sources_1/new/uart.vhd:57]
Completed static elaboration
Starting simulation data flow analysis
Completed simulation data flow analysis
Time Resolution for simulation is 1ps
Compiling package std.standard
Compiling package std.textio
Compiling package ieee.std_logic_1164
Compiling package ieee.std_logic_textio
Compiling package ieee.numeric_std
Compiling architecture behavioral of entity xil_defaultlib.ram [ram_default]
Compiling architecture rtl of entity xil_defaultlib.uart [uart_default]
Compiling architecture behavioral of entity xil_defaultlib.uart_ram_ctrl [uart_ram_ctrl_default]
Compiling architecture rtl of entity xil_defaultlib.system_rtl [system_rtl_default]
Compiling architecture sim of entity xil_defaultlib.system_tb
Built simulation snapshot system_tb_behav
INFO: [USF-XSim-69] 'elaborate' step finished in '1' seconds
Time resolution is 1 ps
relaunch_sim: Time (s): cpu = 00:00:01 ; elapsed = 00:00:06 . Memory (MB): peak = 3425.727 ; gain = 0.000
run all
Stopped at time : 43600 ns : File "C:/Users/Mateusz Kozlowski/Documents/zampf/ZAMFP/ZAMFP.srcs/system/new/system_tb.vhd" Line 163
run all
Stopped at time : 43600 ns : File "C:/Users/Mateusz Kozlowski/Documents/zampf/ZAMFP/ZAMFP.srcs/system/new/system_tb.vhd" Line 163
run all
Stopped at time : 52280 ns : File "C:/Users/Mateusz Kozlowski/Documents/zampf/ZAMFP/ZAMFP.srcs/system/new/system_tb.vhd" Line 163
run all
Stopped at time : 52280 ns : File "C:/Users/Mateusz Kozlowski/Documents/zampf/ZAMFP/ZAMFP.srcs/system/new/system_tb.vhd" Line 163
run all
Stopped at time : 60960 ns : File "C:/Users/Mateusz Kozlowski/Documents/zampf/ZAMFP/ZAMFP.srcs/system/new/system_tb.vhd" Line 167
run all
Stopped at time : 104360 ns : File "C:/Users/Mateusz Kozlowski/Documents/zampf/ZAMFP/ZAMFP.srcs/system/new/system_tb.vhd" Line 171
run all
Stopped at time : 104360 ns : File "C:/Users/Mateusz Kozlowski/Documents/zampf/ZAMFP/ZAMFP.srcs/system/new/system_tb.vhd" Line 171
run all



Stopped at time : 295320 ns : File "C:/Users/Mateusz Kozlowski/Documents/zampf/ZAMFP/ZAMFP.srcs/system/new/system_tb.vhd" Line 176
relaunch_sim
Command: launch_simulation -step compile -simset sim_1 -mode behavioral
INFO: [Vivado 12-12493] Simulation top is 'system_tb'
INFO: [Vivado 12-5682] Launching behavioral simulation in 'C:/Users/Mateusz Kozlowski/Documents/zampf/ZAMFP/ZAMFP.sim/sim_1/behav/xsim'
INFO: [SIM-utils-51] Simulation object is 'sim_1'
INFO: [USF-XSim-2] XSim::Compile design
INFO: [USF-XSim-61] Executing 'COMPILE and ANALYZE' step in 'C:/Users/Mateusz Kozlowski/Documents/zampf/ZAMFP/ZAMFP.sim/sim_1/behav/xsim'
"xvhdl --incr --relax -prj system_tb_vhdl.prj"
INFO: [VRFC 10-163] Analyzing VHDL file "C:/Users/Mateusz Kozlowski/Documents/zampf/ZAMFP/ZAMFP.srcs/sources_1/new/uart.vhd" into library xil_defaultlib
INFO: [VRFC 10-3107] analyzing entity 'uart'
WARNING: [VRFC 10-9374] signal 'bit_ticks' is used in a subtype-indication or type-definition [C:/Users/Mateusz Kozlowski/Documents/zampf/ZAMFP/ZAMFP.srcs/sources_1/new/uart.vhd:48]
WARNING: [VRFC 10-9374] signal 'bit_ticks' is used in a subtype-indication or type-definition [C:/Users/Mateusz Kozlowski/Documents/zampf/ZAMFP/ZAMFP.srcs/sources_1/new/uart.vhd:57]
INFO: [VRFC 10-163] Analyzing VHDL file "C:/Users/Mateusz Kozlowski/Documents/zampf/ZAMFP/ZAMFP.srcs/sources_1/new/top.vhd" into library xil_defaultlib
INFO: [VRFC 10-3107] analyzing entity 'system_rtl'
INFO: [VRFC 10-163] Analyzing VHDL file "C:/Users/Mateusz Kozlowski/Documents/zampf/ZAMFP/ZAMFP.srcs/system/new/system_tb.vhd" into library xil_defaultlib
INFO: [VRFC 10-3107] analyzing entity 'system_tb'
INFO: [USF-XSim-69] 'compile' step finished in '1' seconds
Command: launch_simulation -step elaborate -simset sim_1 -mode behavioral
INFO: [Vivado 12-12493] Simulation top is 'system_tb'
INFO: [Vivado 12-5682] Launching behavioral simulation in 'C:/Users/Mateusz Kozlowski/Documents/zampf/ZAMFP/ZAMFP.sim/sim_1/behav/xsim'
INFO: [SIM-utils-51] Simulation object is 'sim_1'
INFO: [USF-XSim-3] XSim::Elaborate design
INFO: [USF-XSim-61] Executing 'ELABORATE' step in 'C:/Users/Mateusz Kozlowski/Documents/zampf/ZAMFP/ZAMFP.sim/sim_1/behav/xsim'
"xelab --incr --debug typical --relax --mt 2 -L xil_defaultlib -L secureip --snapshot system_tb_behav xil_defaultlib.system_tb -log elaborate.log"
Vivado Simulator v2025.1.0
Copyright 1986-2022 Xilinx, Inc. All Rights Reserved.
Copyright 2022-2025 Advanced Micro Devices, Inc. All Rights Reserved.
Running: C:/Xilinx/2025.1/Vivado/bin/unwrapped/win64.o/xelab.exe --incr --debug typical --relax --mt 2 -L xil_defaultlib -L secureip --snapshot system_tb_behav xil_defaultlib.system_tb -log elaborate.log 
Using 2 slave threads.
Starting static elaboration
WARNING: [VRFC 10-3813] value in initialization depends on signal 'bit_ticks' [C:/Users/Mateusz Kozlowski/Documents/zampf/ZAMFP/ZAMFP.srcs/sources_1/new/uart.vhd:48]
WARNING: [VRFC 10-3813] value in initialization depends on signal 'bit_ticks' [C:/Users/Mateusz Kozlowski/Documents/zampf/ZAMFP/ZAMFP.srcs/sources_1/new/uart.vhd:57]
Completed static elaboration
Starting simulation data flow analysis
Completed simulation data flow analysis
Time Resolution for simulation is 1ps
Compiling package std.standard
Compiling package std.textio
Compiling package ieee.std_logic_1164
Compiling package ieee.std_logic_textio
Compiling package ieee.numeric_std
Compiling architecture behavioral of entity xil_defaultlib.ram [ram_default]
Compiling architecture rtl of entity xil_defaultlib.uart [uart_default]
Compiling architecture behavioral of entity xil_defaultlib.uart_ram_ctrl [uart_ram_ctrl_default]
Compiling architecture rtl of entity xil_defaultlib.system_rtl [system_rtl_default]
Compiling architecture sim of entity xil_defaultlib.system_tb
Built simulation snapshot system_tb_behav
INFO: [USF-XSim-69] 'elaborate' step finished in '1' seconds
Time resolution is 1 ps
relaunch_sim: Time (s): cpu = 00:00:02 ; elapsed = 00:00:06 . Memory (MB): peak = 3425.727 ; gain = 0.000
run all
Stopped at time : 43600 ns : File "C:/Users/Mateusz Kozlowski/Documents/zampf/ZAMFP/ZAMFP.srcs/system/new/system_tb.vhd" Line 163
run all
Stopped at time : 43600 ns : File "C:/Users/Mateusz Kozlowski/Documents/zampf/ZAMFP/ZAMFP.srcs/system/new/system_tb.vhd" Line 163
run all
Stopped at time : 52280 ns : File "C:/Users/Mateusz Kozlowski/Documents/zampf/ZAMFP/ZAMFP.srcs/system/new/system_tb.vhd" Line 163
run all
Stopped at time : 52280 ns : File "C:/Users/Mateusz Kozlowski/Documents/zampf/ZAMFP/ZAMFP.srcs/system/new/system_tb.vhd" Line 163
run all
Stopped at time : 60960 ns : File "C:/Users/Mateusz Kozlowski/Documents/zampf/ZAMFP/ZAMFP.srcs/system/new/system_tb.vhd" Line 167
run all
Stopped at time : 104360 ns : File "C:/Users/Mateusz Kozlowski/Documents/zampf/ZAMFP/ZAMFP.srcs/system/new/system_tb.vhd" Line 171
run all
Stopped at time : 104360 ns : File "C:/Users/Mateusz Kozlowski/Documents/zampf/ZAMFP/ZAMFP.srcs/system/new/system_tb.vhd" Line 171
run all



Stopped at time : 295320 ns : File "C:/Users/Mateusz Kozlowski/Documents/zampf/ZAMFP/ZAMFP.srcs/system/new/system_tb.vhd" Line 176
run all

run: Time (s): cpu = 00:00:22 ; elapsed = 00:00:19 . Memory (MB): peak = 3425.727 ; gain = 0.000
relaunch_sim
INFO: xsimkernel Simulation Memory Usage: 17588 KB (Peak: 17588 KB), Simulation CPU Usage: 19311 ms
Command: launch_simulation -step compile -simset sim_1 -mode behavioral
INFO: [Vivado 12-12493] Simulation top is 'system_tb'
INFO: [Vivado 12-5682] Launching behavioral simulation in 'C:/Users/Mateusz Kozlowski/Documents/zampf/ZAMFP/ZAMFP.sim/sim_1/behav/xsim'
INFO: [SIM-utils-51] Simulation object is 'sim_1'
INFO: [USF-XSim-2] XSim::Compile design
INFO: [USF-XSim-61] Executing 'COMPILE and ANALYZE' step in 'C:/Users/Mateusz Kozlowski/Documents/zampf/ZAMFP/ZAMFP.sim/sim_1/behav/xsim'
"xvhdl --incr --relax -prj system_tb_vhdl.prj"
INFO: [VRFC 10-163] Analyzing VHDL file "C:/Users/Mateusz Kozlowski/Documents/zampf/ZAMFP/ZAMFP.srcs/sources_1/new/uart.vhd" into library xil_defaultlib
INFO: [VRFC 10-3107] analyzing entity 'uart'
WARNING: [VRFC 10-9374] signal 'bit_ticks' is used in a subtype-indication or type-definition [C:/Users/Mateusz Kozlowski/Documents/zampf/ZAMFP/ZAMFP.srcs/sources_1/new/uart.vhd:48]
WARNING: [VRFC 10-9374] signal 'bit_ticks' is used in a subtype-indication or type-definition [C:/Users/Mateusz Kozlowski/Documents/zampf/ZAMFP/ZAMFP.srcs/sources_1/new/uart.vhd:57]
INFO: [VRFC 10-163] Analyzing VHDL file "C:/Users/Mateusz Kozlowski/Documents/zampf/ZAMFP/ZAMFP.srcs/sources_1/new/top.vhd" into library xil_defaultlib
INFO: [VRFC 10-3107] analyzing entity 'system_rtl'
INFO: [VRFC 10-163] Analyzing VHDL file "C:/Users/Mateusz Kozlowski/Documents/zampf/ZAMFP/ZAMFP.srcs/system/new/system_tb.vhd" into library xil_defaultlib
INFO: [VRFC 10-3107] analyzing entity 'system_tb'
INFO: [USF-XSim-69] 'compile' step finished in '1' seconds
Command: launch_simulation -step elaborate -simset sim_1 -mode behavioral
INFO: [Vivado 12-12493] Simulation top is 'system_tb'
INFO: [Vivado 12-5682] Launching behavioral simulation in 'C:/Users/Mateusz Kozlowski/Documents/zampf/ZAMFP/ZAMFP.sim/sim_1/behav/xsim'
INFO: [SIM-utils-51] Simulation object is 'sim_1'
INFO: [USF-XSim-3] XSim::Elaborate design
INFO: [USF-XSim-61] Executing 'ELABORATE' step in 'C:/Users/Mateusz Kozlowski/Documents/zampf/ZAMFP/ZAMFP.sim/sim_1/behav/xsim'
"xelab --incr --debug typical --relax --mt 2 -L xil_defaultlib -L secureip --snapshot system_tb_behav xil_defaultlib.system_tb -log elaborate.log"
Vivado Simulator v2025.1.0
Copyright 1986-2022 Xilinx, Inc. All Rights Reserved.
Copyright 2022-2025 Advanced Micro Devices, Inc. All Rights Reserved.
Running: C:/Xilinx/2025.1/Vivado/bin/unwrapped/win64.o/xelab.exe --incr --debug typical --relax --mt 2 -L xil_defaultlib -L secureip --snapshot system_tb_behav xil_defaultlib.system_tb -log elaborate.log 
Using 2 slave threads.
Starting static elaboration
WARNING: [VRFC 10-3813] value in initialization depends on signal 'bit_ticks' [C:/Users/Mateusz Kozlowski/Documents/zampf/ZAMFP/ZAMFP.srcs/sources_1/new/uart.vhd:48]
WARNING: [VRFC 10-3813] value in initialization depends on signal 'bit_ticks' [C:/Users/Mateusz Kozlowski/Documents/zampf/ZAMFP/ZAMFP.srcs/sources_1/new/uart.vhd:57]
Completed static elaboration
Starting simulation data flow analysis
Completed simulation data flow analysis
Time Resolution for simulation is 1ps
Compiling package std.standard
Compiling package std.textio
Compiling package ieee.std_logic_1164
Compiling package ieee.std_logic_textio
Compiling package ieee.numeric_std
Compiling architecture behavioral of entity xil_defaultlib.ram [ram_default]
Compiling architecture rtl of entity xil_defaultlib.uart [uart_default]
Compiling architecture behavioral of entity xil_defaultlib.uart_ram_ctrl [uart_ram_ctrl_default]
Compiling architecture rtl of entity xil_defaultlib.system_rtl [system_rtl_default]
Compiling architecture sim of entity xil_defaultlib.system_tb
Built simulation snapshot system_tb_behav
INFO: [USF-XSim-69] 'elaborate' step finished in '1' seconds
Time resolution is 1 ps
relaunch_sim: Time (s): cpu = 00:00:00 ; elapsed = 00:00:06 . Memory (MB): peak = 3425.727 ; gain = 0.000
run all
Stopped at time : 43600 ns : File "C:/Users/Mateusz Kozlowski/Documents/zampf/ZAMFP/ZAMFP.srcs/system/new/system_tb.vhd" Line 163
run all
Stopped at time : 43600 ns : File "C:/Users/Mateusz Kozlowski/Documents/zampf/ZAMFP/ZAMFP.srcs/system/new/system_tb.vhd" Line 163
run all
Stopped at time : 52280 ns : File "C:/Users/Mateusz Kozlowski/Documents/zampf/ZAMFP/ZAMFP.srcs/system/new/system_tb.vhd" Line 163
run all
Stopped at time : 52280 ns : File "C:/Users/Mateusz Kozlowski/Documents/zampf/ZAMFP/ZAMFP.srcs/system/new/system_tb.vhd" Line 163
run all
Stopped at time : 60960 ns : File "C:/Users/Mateusz Kozlowski/Documents/zampf/ZAMFP/ZAMFP.srcs/system/new/system_tb.vhd" Line 167
run all
Stopped at time : 104360 ns : File "C:/Users/Mateusz Kozlowski/Documents/zampf/ZAMFP/ZAMFP.srcs/system/new/system_tb.vhd" Line 171
run all
Stopped at time : 104360 ns : File "C:/Users/Mateusz Kozlowski/Documents/zampf/ZAMFP/ZAMFP.srcs/system/new/system_tb.vhd" Line 171
run all


Stopped at time : 295320 ns : File "C:/Users/Mateusz Kozlowski/Documents/zampf/ZAMFP/ZAMFP.srcs/system/new/system_tb.vhd" Line 176
run all


run: Time (s): cpu = 00:00:22 ; elapsed = 00:00:22 . Memory (MB): peak = 3425.727 ; gain = 0.000
save_wave_config {C:/Users/Mateusz Kozlowski/Documents/zampf/ZAMFP/Docs/system_tb_behav.wcfg}
WARNING: [filemgmt 56-199] Attempt to get parsing info during refresh. "On-the-fly" syntax checking information may be incorrect. [C:\Users\Mateusz Kozlowski\Documents\zampf\ZAMFP\ZAMFP.srcs\sources_1\new\ram.vhd:]
WARNING: [filemgmt 56-199] Attempt to get parsing info during refresh. "On-the-fly" syntax checking information may be incorrect. [C:\Users\Mateusz Kozlowski\Documents\zampf\ZAMFP\ZAMFP.srcs\sources_1\new\uart.vhd:]
WARNING: [filemgmt 56-199] Attempt to get parsing info during refresh. "On-the-fly" syntax checking information may be incorrect. [C:\Users\Mateusz Kozlowski\Documents\zampf\ZAMFP\ZAMFP.srcs\sources_1\new\uart_ram_ctrl.vhd:]
WARNING: [filemgmt 56-199] Attempt to get parsing info during refresh. "On-the-fly" syntax checking information may be incorrect. [C:\Users\Mateusz Kozlowski\Documents\zampf\ZAMFP\ZAMFP.srcs\system\new\system_tb.vhd:]
WARNING: [filemgmt 56-199] Attempt to get parsing info during refresh. "On-the-fly" syntax checking information may be incorrect. [C:\Users\Mateusz Kozlowski\Documents\zampf\ZAMFP\ZAMFP.srcs\sources_1\new\uart.vhd:]
WARNING: [filemgmt 56-199] Attempt to get parsing info during refresh. "On-the-fly" syntax checking information may be incorrect. [C:\Users\Mateusz Kozlowski\Documents\zampf\ZAMFP\ZAMFP.srcs\sources_1\new\uart.vhd:]
WARNING: [filemgmt 56-199] Attempt to get parsing info during refresh. "On-the-fly" syntax checking information may be incorrect. [C:\Users\Mateusz Kozlowski\Documents\zampf\ZAMFP\ZAMFP.srcs\sources_1\new\ram.vhd:]
WARNING: [filemgmt 56-199] Attempt to get parsing info during refresh. "On-the-fly" syntax checking information may be incorrect. [C:\Users\Mateusz Kozlowski\Documents\zampf\ZAMFP\ZAMFP.srcs\sources_1\new\uart.vhd:]
WARNING: [filemgmt 56-199] Attempt to get parsing info during refresh. "On-the-fly" syntax checking information may be incorrect. [C:\Users\Mateusz Kozlowski\Documents\zampf\ZAMFP\ZAMFP.srcs\sources_1\new\uart_ram_ctrl.vhd:]
WARNING: [filemgmt 56-199] Attempt to get parsing info during refresh. "On-the-fly" syntax checking information may be incorrect. [C:\Users\Mateusz Kozlowski\Documents\zampf\ZAMFP\ZAMFP.srcs\system\new\system_tb.vhd:]
WARNING: [filemgmt 56-199] Attempt to get parsing info during refresh. "On-the-fly" syntax checking information may be incorrect. [C:\Users\Mateusz Kozlowski\Documents\zampf\ZAMFP\ZAMFP.srcs\sources_1\new\uart_ram_ctrl.vhd:]
WARNING: [filemgmt 56-199] Attempt to get parsing info during refresh. "On-the-fly" syntax checking information may be incorrect. [C:\Users\Mateusz Kozlowski\Documents\zampf\ZAMFP\ZAMFP.srcs\sources_1\new\uart_ram_ctrl.vhd:]
WARNING: [filemgmt 56-199] Attempt to get parsing info during refresh. "On-the-fly" syntax checking information may be incorrect. [C:\Users\Mateusz Kozlowski\Documents\zampf\ZAMFP\ZAMFP.srcs\sources_1\new\ram.vhd:]
WARNING: [filemgmt 56-199] Attempt to get parsing info during refresh. "On-the-fly" syntax checking information may be incorrect. [C:\Users\Mateusz Kozlowski\Documents\zampf\ZAMFP\ZAMFP.srcs\sources_1\new\uart.vhd:]
WARNING: [filemgmt 56-199] Attempt to get parsing info during refresh. "On-the-fly" syntax checking information may be incorrect. [C:\Users\Mateusz Kozlowski\Documents\zampf\ZAMFP\ZAMFP.srcs\sources_1\new\uart_ram_ctrl.vhd:]
WARNING: [filemgmt 56-199] Attempt to get parsing info during refresh. "On-the-fly" syntax checking information may be incorrect. [C:\Users\Mateusz Kozlowski\Documents\zampf\ZAMFP\ZAMFP.srcs\system\new\system_tb.vhd:]
WARNING: [filemgmt 56-199] Attempt to get parsing info during refresh. "On-the-fly" syntax checking information may be incorrect. [C:\Users\Mateusz Kozlowski\Documents\zampf\ZAMFP\ZAMFP.srcs\sources_1\new\ram.vhd:]
WARNING: [filemgmt 56-199] Attempt to get parsing info during refresh. "On-the-fly" syntax checking information may be incorrect. [C:\Users\Mateusz Kozlowski\Documents\zampf\ZAMFP\ZAMFP.srcs\sources_1\new\ram.vhd:]
ERROR: [Common 17-180] Spawn failed: Operacja ukonczona pomyslnie.

relaunch_sim
INFO: xsimkernel Simulation Memory Usage: 17612 KB (Peak: 17612 KB), Simulation CPU Usage: 21655 ms
Command: launch_simulation -step compile -simset sim_1 -mode behavioral
INFO: [Vivado 12-12493] Simulation top is 'system_tb'
INFO: [Vivado 12-5682] Launching behavioral simulation in 'C:/Users/Mateusz Kozlowski/Documents/zampf/ZAMFP/ZAMFP.sim/sim_1/behav/xsim'
INFO: [SIM-utils-51] Simulation object is 'sim_1'
INFO: [USF-XSim-2] XSim::Compile design
INFO: [USF-XSim-61] Executing 'COMPILE and ANALYZE' step in 'C:/Users/Mateusz Kozlowski/Documents/zampf/ZAMFP/ZAMFP.sim/sim_1/behav/xsim'
"xvhdl --incr --relax -prj system_tb_vhdl.prj"
INFO: [VRFC 10-163] Analyzing VHDL file "C:/Users/Mateusz Kozlowski/Documents/zampf/ZAMFP/ZAMFP.srcs/sources_1/new/uart.vhd" into library xil_defaultlib
INFO: [VRFC 10-3107] analyzing entity 'uart'
INFO: [VRFC 10-163] Analyzing VHDL file "C:/Users/Mateusz Kozlowski/Documents/zampf/ZAMFP/ZAMFP.srcs/sources_1/new/top.vhd" into library xil_defaultlib
INFO: [VRFC 10-3107] analyzing entity 'system_rtl'
INFO: [VRFC 10-163] Analyzing VHDL file "C:/Users/Mateusz Kozlowski/Documents/zampf/ZAMFP/ZAMFP.srcs/system/new/system_tb.vhd" into library xil_defaultlib
INFO: [VRFC 10-3107] analyzing entity 'system_tb'
ERROR: [VRFC 10-719] formal port/generic <autobaud_done> is not declared in <uart> [C:/Users/Mateusz Kozlowski/Documents/zampf/ZAMFP/ZAMFP.srcs/system/new/system_tb.vhd:102]
ERROR: [VRFC 10-9458] unit 'sim' is ignored due to previous errors [C:/Users/Mateusz Kozlowski/Documents/zampf/ZAMFP/ZAMFP.srcs/system/new/system_tb.vhd:41]
INFO: [VRFC 10-8704] VHDL file 'C:/Users/Mateusz Kozlowski/Documents/zampf/ZAMFP/ZAMFP.srcs/system/new/system_tb.vhd' is ignored due to errors
INFO: [USF-XSim-69] 'compile' step finished in '1' seconds
INFO: [USF-XSim-99] Step results log file:'C:/Users/Mateusz Kozlowski/Documents/zampf/ZAMFP/ZAMFP.sim/sim_1/behav/xsim/xvhdl.log'
ERROR: [USF-XSim-62] 'compile' step failed with error(s). Please check the Tcl console output or 'C:/Users/Mateusz Kozlowski/Documents/zampf/ZAMFP/ZAMFP.sim/sim_1/behav/xsim/xvhdl.log' file for more information.
ERROR: [Vivado 12-4473] Detected error while running simulation. Please correct the issue and retry this operation.
ERROR: [Common 17-39] 'launch_simulation' failed due to earlier errors.
ERROR: [Common 17-69] Command failed: ERROR: [Common 17-39] 'launch_simulation' failed due to earlier errors.

WARNING: [filemgmt 56-199] Attempt to get parsing info during refresh. "On-the-fly" syntax checking information may be incorrect. [C:\Users\Mateusz Kozlowski\Documents\zampf\ZAMFP\ZAMFP.srcs\sources_1\new\ram.vhd:]
WARNING: [filemgmt 56-199] Attempt to get parsing info during refresh. "On-the-fly" syntax checking information may be incorrect. [C:\Users\Mateusz Kozlowski\Documents\zampf\ZAMFP\ZAMFP.srcs\sources_1\new\uart.vhd:]
WARNING: [filemgmt 56-199] Attempt to get parsing info during refresh. "On-the-fly" syntax checking information may be incorrect. [C:\Users\Mateusz Kozlowski\Documents\zampf\ZAMFP\ZAMFP.srcs\sources_1\new\uart_ram_ctrl.vhd:]
WARNING: [filemgmt 56-199] Attempt to get parsing info during refresh. "On-the-fly" syntax checking information may be incorrect. [C:\Users\Mateusz Kozlowski\Documents\zampf\ZAMFP\ZAMFP.srcs\system\new\system_tb.vhd:]
WARNING: [filemgmt 56-199] Attempt to get parsing info during refresh. "On-the-fly" syntax checking information may be incorrect. [C:\Users\Mateusz Kozlowski\Documents\zampf\ZAMFP\ZAMFP.srcs\sources_1\new\uart_ram_ctrl.vhd:]
WARNING: [filemgmt 56-199] Attempt to get parsing info during refresh. "On-the-fly" syntax checking information may be incorrect. [C:\Users\Mateusz Kozlowski\Documents\zampf\ZAMFP\ZAMFP.srcs\sources_1\new\uart_ram_ctrl.vhd:]
relaunch_sim
Command: launch_simulation -step compile -simset sim_1 -mode behavioral
INFO: [Vivado 12-12493] Simulation top is 'system_tb'
WARNING: [filemgmt 56-199] Attempt to get parsing info during refresh. "On-the-fly" syntax checking information may be incorrect. [C:\Users\Mateusz Kozlowski\Documents\zampf\ZAMFP\ZAMFP.srcs\sources_1\new\ram.vhd:]
WARNING: [filemgmt 56-199] Attempt to get parsing info during refresh. "On-the-fly" syntax checking information may be incorrect. [C:\Users\Mateusz Kozlowski\Documents\zampf\ZAMFP\ZAMFP.srcs\sources_1\new\uart.vhd:]
WARNING: [filemgmt 56-199] Attempt to get parsing info during refresh. "On-the-fly" syntax checking information may be incorrect. [C:\Users\Mateusz Kozlowski\Documents\zampf\ZAMFP\ZAMFP.srcs\sources_1\new\uart_ram_ctrl.vhd:]
WARNING: [filemgmt 56-199] Attempt to get parsing info during refresh. "On-the-fly" syntax checking information may be incorrect. [C:\Users\Mateusz Kozlowski\Documents\zampf\ZAMFP\ZAMFP.srcs\system\new\system_tb.vhd:]
WARNING: [filemgmt 56-199] Attempt to get parsing info during refresh. "On-the-fly" syntax checking information may be incorrect. [C:\Users\Mateusz Kozlowski\Documents\zampf\ZAMFP\ZAMFP.srcs\sources_1\new\uart.vhd:]
WARNING: [filemgmt 56-199] Attempt to get parsing info during refresh. "On-the-fly" syntax checking information may be incorrect. [C:\Users\Mateusz Kozlowski\Documents\zampf\ZAMFP\ZAMFP.srcs\sources_1\new\uart.vhd:]
WARNING: [filemgmt 56-199] Attempt to get parsing info during refresh. "On-the-fly" syntax checking information may be incorrect. [C:\Users\Mateusz Kozlowski\Documents\zampf\ZAMFP\ZAMFP.srcs\sources_1\new\ram.vhd:]
WARNING: [filemgmt 56-199] Attempt to get parsing info during refresh. "On-the-fly" syntax checking information may be incorrect. [C:\Users\Mateusz Kozlowski\Documents\zampf\ZAMFP\ZAMFP.srcs\sources_1\new\uart.vhd:]
WARNING: [filemgmt 56-199] Attempt to get parsing info during refresh. "On-the-fly" syntax checking information may be incorrect. [C:\Users\Mateusz Kozlowski\Documents\zampf\ZAMFP\ZAMFP.srcs\sources_1\new\uart_ram_ctrl.vhd:]
WARNING: [filemgmt 56-199] Attempt to get parsing info during refresh. "On-the-fly" syntax checking information may be incorrect. [C:\Users\Mateusz Kozlowski\Documents\zampf\ZAMFP\ZAMFP.srcs\system\new\system_tb.vhd:]
WARNING: [filemgmt 56-199] Attempt to get parsing info during refresh. "On-the-fly" syntax checking information may be incorrect. [C:\Users\Mateusz Kozlowski\Documents\zampf\ZAMFP\ZAMFP.srcs\sources_1\new\ram.vhd:]
WARNING: [filemgmt 56-199] Attempt to get parsing info during refresh. "On-the-fly" syntax checking information may be incorrect. [C:\Users\Mateusz Kozlowski\Documents\zampf\ZAMFP\ZAMFP.srcs\sources_1\new\ram.vhd:]
INFO: [Vivado 12-5682] Launching behavioral simulation in 'C:/Users/Mateusz Kozlowski/Documents/zampf/ZAMFP/ZAMFP.sim/sim_1/behav/xsim'
INFO: [SIM-utils-51] Simulation object is 'sim_1'
INFO: [USF-XSim-2] XSim::Compile design
INFO: [USF-XSim-61] Executing 'COMPILE and ANALYZE' step in 'C:/Users/Mateusz Kozlowski/Documents/zampf/ZAMFP/ZAMFP.sim/sim_1/behav/xsim'
ERROR: [Common 17-180] Spawn failed: Operacja ukonczona pomyslnie.

WARNING: [filemgmt 56-199] Attempt to get parsing info during refresh. "On-the-fly" syntax checking information may be incorrect. [C:\Users\Mateusz Kozlowski\Documents\zampf\ZAMFP\ZAMFP.srcs\sources_1\new\ram.vhd:]
WARNING: [filemgmt 56-199] Attempt to get parsing info during refresh. "On-the-fly" syntax checking information may be incorrect. [C:\Users\Mateusz Kozlowski\Documents\zampf\ZAMFP\ZAMFP.srcs\sources_1\new\uart.vhd:]
WARNING: [filemgmt 56-199] Attempt to get parsing info during refresh. "On-the-fly" syntax checking information may be incorrect. [C:\Users\Mateusz Kozlowski\Documents\zampf\ZAMFP\ZAMFP.srcs\sources_1\new\uart_ram_ctrl.vhd:]
WARNING: [filemgmt 56-199] Attempt to get parsing info during refresh. "On-the-fly" syntax checking information may be incorrect. [C:\Users\Mateusz Kozlowski\Documents\zampf\ZAMFP\ZAMFP.srcs\system\new\system_tb.vhd:]
WARNING: [filemgmt 56-199] Attempt to get parsing info during refresh. "On-the-fly" syntax checking information may be incorrect. [C:\Users\Mateusz Kozlowski\Documents\zampf\ZAMFP\ZAMFP.srcs\system\new\system_tb.vhd:]
WARNING: [filemgmt 56-199] Attempt to get parsing info during refresh. "On-the-fly" syntax checking information may be incorrect. [C:\Users\Mateusz Kozlowski\Documents\zampf\ZAMFP\ZAMFP.srcs\system\new\system_tb.vhd:]
"xvhdl --incr --relax -prj system_tb_vhdl.prj"
INFO: [VRFC 10-163] Analyzing VHDL file "C:/Users/Mateusz Kozlowski/Documents/zampf/ZAMFP/ZAMFP.srcs/sources_1/new/uart.vhd" into library xil_defaultlib
INFO: [VRFC 10-3107] analyzing entity 'uart'
INFO: [VRFC 10-163] Analyzing VHDL file "C:/Users/Mateusz Kozlowski/Documents/zampf/ZAMFP/ZAMFP.srcs/sources_1/new/top.vhd" into library xil_defaultlib
INFO: [VRFC 10-3107] analyzing entity 'system_rtl'
INFO: [VRFC 10-163] Analyzing VHDL file "C:/Users/Mateusz Kozlowski/Documents/zampf/ZAMFP/ZAMFP.srcs/system/new/system_tb.vhd" into library xil_defaultlib
INFO: [VRFC 10-3107] analyzing entity 'system_tb'
INFO: [USF-XSim-69] 'compile' step finished in '1' seconds
ERROR: [USF-XSim-62] 'compile' step failed with error(s) while executing 'C:/Users/Mateusz Kozlowski/Documents/zampf/ZAMFP/ZAMFP.sim/sim_1/behav/xsim/compile.bat' script. Please check that the file has the correct 'read/write/execute' permissions and the Tcl console output for any other possible errors or warnings.
ERROR: [Vivado 12-4473] Detected error while running simulation. Please correct the issue and retry this operation.
ERROR: [Common 17-39] 'launch_simulation' failed due to earlier errors.
ERROR: [Common 17-69] Command failed: ERROR: [Common 17-39] 'launch_simulation' failed due to earlier errors.

relaunch_sim
Command: launch_simulation -step compile -simset sim_1 -mode behavioral
INFO: [Vivado 12-12493] Simulation top is 'system_tb'
INFO: [Vivado 12-5682] Launching behavioral simulation in 'C:/Users/Mateusz Kozlowski/Documents/zampf/ZAMFP/ZAMFP.sim/sim_1/behav/xsim'
INFO: [SIM-utils-51] Simulation object is 'sim_1'
INFO: [USF-XSim-2] XSim::Compile design
INFO: [USF-XSim-61] Executing 'COMPILE and ANALYZE' step in 'C:/Users/Mateusz Kozlowski/Documents/zampf/ZAMFP/ZAMFP.sim/sim_1/behav/xsim'
"xvhdl --incr --relax -prj system_tb_vhdl.prj"
INFO: [VRFC 10-163] Analyzing VHDL file "C:/Users/Mateusz Kozlowski/Documents/zampf/ZAMFP/ZAMFP.srcs/system/new/system_tb.vhd" into library xil_defaultlib
INFO: [VRFC 10-3107] analyzing entity 'system_tb'
INFO: [USF-XSim-69] 'compile' step finished in '1' seconds
Command: launch_simulation -step elaborate -simset sim_1 -mode behavioral
INFO: [Vivado 12-12493] Simulation top is 'system_tb'
INFO: [Vivado 12-5682] Launching behavioral simulation in 'C:/Users/Mateusz Kozlowski/Documents/zampf/ZAMFP/ZAMFP.sim/sim_1/behav/xsim'
INFO: [SIM-utils-51] Simulation object is 'sim_1'
INFO: [USF-XSim-3] XSim::Elaborate design
INFO: [USF-XSim-61] Executing 'ELABORATE' step in 'C:/Users/Mateusz Kozlowski/Documents/zampf/ZAMFP/ZAMFP.sim/sim_1/behav/xsim'
"xelab --incr --debug typical --relax --mt 2 -L xil_defaultlib -L secureip --snapshot system_tb_behav xil_defaultlib.system_tb -log elaborate.log"
Vivado Simulator v2025.1.0
Copyright 1986-2022 Xilinx, Inc. All Rights Reserved.
Copyright 2022-2025 Advanced Micro Devices, Inc. All Rights Reserved.
Running: C:/Xilinx/2025.1/Vivado/bin/unwrapped/win64.o/xelab.exe --incr --debug typical --relax --mt 2 -L xil_defaultlib -L secureip --snapshot system_tb_behav xil_defaultlib.system_tb -log elaborate.log 
Using 2 slave threads.
Starting static elaboration
Completed static elaboration
Starting simulation data flow analysis
Completed simulation data flow analysis
Time Resolution for simulation is 1ps
Compiling package std.standard
Compiling package std.textio
Compiling package ieee.std_logic_1164
Compiling package ieee.std_logic_textio
Compiling package ieee.numeric_std
Compiling architecture behavioral of entity xil_defaultlib.ram [ram_default]
Compiling architecture rtl of entity xil_defaultlib.uart [uart_default]
Compiling architecture behavioral of entity xil_defaultlib.uart_ram_ctrl [uart_ram_ctrl_default]
Compiling architecture rtl of entity xil_defaultlib.system_rtl [system_rtl_default]
Compiling architecture sim of entity xil_defaultlib.system_tb
Built simulation snapshot system_tb_behav
INFO: [USF-XSim-69] 'elaborate' step finished in '1' seconds
Time resolution is 1 ps
WARNING: [Simulator 45-24] Previous breakpoint at line 103 in file 'C:/Users/Mateusz Kozlowski/Documents/zampf/ZAMFP/ZAMFP.srcs/sources_1/new/uart.vhd' not restored because it is no longer a breakable line.
WARNING: [Simulator 45-24] Previous breakpoint at line 102 in file 'C:/Users/Mateusz Kozlowski/Documents/zampf/ZAMFP/ZAMFP.srcs/sources_1/new/uart.vhd' not restored because it is no longer a breakable line.
WARNING: [Simulator 45-24] Previous breakpoint at line 167 in file 'C:/Users/Mateusz Kozlowski/Documents/zampf/ZAMFP/ZAMFP.srcs/system/new/system_tb.vhd' not restored because it is no longer a breakable line.
run all


Stopped at time : 330040 ns : File "C:/Users/Mateusz Kozlowski/Documents/zampf/ZAMFP/ZAMFP.srcs/system/new/system_tb.vhd" Line 163
relaunch_sim
Command: launch_simulation -step compile -simset sim_1 -mode behavioral
INFO: [Vivado 12-12493] Simulation top is 'system_tb'
INFO: [Vivado 12-5682] Launching behavioral simulation in 'C:/Users/Mateusz Kozlowski/Documents/zampf/ZAMFP/ZAMFP.sim/sim_1/behav/xsim'
INFO: [SIM-utils-51] Simulation object is 'sim_1'
INFO: [USF-XSim-2] XSim::Compile design
INFO: [USF-XSim-61] Executing 'COMPILE and ANALYZE' step in 'C:/Users/Mateusz Kozlowski/Documents/zampf/ZAMFP/ZAMFP.sim/sim_1/behav/xsim'
"xvhdl --incr --relax -prj system_tb_vhdl.prj"
INFO: [VRFC 10-163] Analyzing VHDL file "C:/Users/Mateusz Kozlowski/Documents/zampf/ZAMFP/ZAMFP.srcs/sources_1/new/uart.vhd" into library xil_defaultlib
INFO: [VRFC 10-3107] analyzing entity 'uart'
WARNING: [VRFC 10-9374] signal 'bit_ticks' is used in a subtype-indication or type-definition [C:/Users/Mateusz Kozlowski/Documents/zampf/ZAMFP/ZAMFP.srcs/sources_1/new/uart.vhd:48]
WARNING: [VRFC 10-9374] signal 'bit_ticks' is used in a subtype-indication or type-definition [C:/Users/Mateusz Kozlowski/Documents/zampf/ZAMFP/ZAMFP.srcs/sources_1/new/uart.vhd:57]
INFO: [VRFC 10-163] Analyzing VHDL file "C:/Users/Mateusz Kozlowski/Documents/zampf/ZAMFP/ZAMFP.srcs/sources_1/new/top.vhd" into library xil_defaultlib
INFO: [VRFC 10-3107] analyzing entity 'system_rtl'
INFO: [VRFC 10-163] Analyzing VHDL file "C:/Users/Mateusz Kozlowski/Documents/zampf/ZAMFP/ZAMFP.srcs/system/new/system_tb.vhd" into library xil_defaultlib
INFO: [VRFC 10-3107] analyzing entity 'system_tb'
INFO: [USF-XSim-69] 'compile' step finished in '1' seconds
Command: launch_simulation -step elaborate -simset sim_1 -mode behavioral
INFO: [Vivado 12-12493] Simulation top is 'system_tb'
INFO: [Vivado 12-5682] Launching behavioral simulation in 'C:/Users/Mateusz Kozlowski/Documents/zampf/ZAMFP/ZAMFP.sim/sim_1/behav/xsim'
INFO: [SIM-utils-51] Simulation object is 'sim_1'
INFO: [USF-XSim-3] XSim::Elaborate design
INFO: [USF-XSim-61] Executing 'ELABORATE' step in 'C:/Users/Mateusz Kozlowski/Documents/zampf/ZAMFP/ZAMFP.sim/sim_1/behav/xsim'
"xelab --incr --debug typical --relax --mt 2 -L xil_defaultlib -L secureip --snapshot system_tb_behav xil_defaultlib.system_tb -log elaborate.log"
Vivado Simulator v2025.1.0
Copyright 1986-2022 Xilinx, Inc. All Rights Reserved.
Copyright 2022-2025 Advanced Micro Devices, Inc. All Rights Reserved.
Running: C:/Xilinx/2025.1/Vivado/bin/unwrapped/win64.o/xelab.exe --incr --debug typical --relax --mt 2 -L xil_defaultlib -L secureip --snapshot system_tb_behav xil_defaultlib.system_tb -log elaborate.log 
Using 2 slave threads.
Starting static elaboration
WARNING: [VRFC 10-3813] value in initialization depends on signal 'bit_ticks' [C:/Users/Mateusz Kozlowski/Documents/zampf/ZAMFP/ZAMFP.srcs/sources_1/new/uart.vhd:48]
WARNING: [VRFC 10-3813] value in initialization depends on signal 'bit_ticks' [C:/Users/Mateusz Kozlowski/Documents/zampf/ZAMFP/ZAMFP.srcs/sources_1/new/uart.vhd:57]
Completed static elaboration
Starting simulation data flow analysis
Completed simulation data flow analysis
Time Resolution for simulation is 1ps
Compiling package std.standard
Compiling package std.textio
Compiling package ieee.std_logic_1164
Compiling package ieee.std_logic_textio
Compiling package ieee.numeric_std
Compiling architecture behavioral of entity xil_defaultlib.ram [ram_default]
Compiling architecture rtl of entity xil_defaultlib.uart [uart_default]
Compiling architecture behavioral of entity xil_defaultlib.uart_ram_ctrl [uart_ram_ctrl_default]
Compiling architecture rtl of entity xil_defaultlib.system_rtl [system_rtl_default]
Compiling architecture sim of entity xil_defaultlib.system_tb
Built simulation snapshot system_tb_behav
INFO: [USF-XSim-69] 'elaborate' step finished in '1' seconds
Time resolution is 1 ps
relaunch_sim: Time (s): cpu = 00:00:00 ; elapsed = 00:00:06 . Memory (MB): peak = 3425.727 ; gain = 0.000
run all
Stopped at time : 43600 ns : File "C:/Users/Mateusz Kozlowski/Documents/zampf/ZAMFP/ZAMFP.srcs/system/new/system_tb.vhd" Line 163
run all
Stopped at time : 43600 ns : File "C:/Users/Mateusz Kozlowski/Documents/zampf/ZAMFP/ZAMFP.srcs/system/new/system_tb.vhd" Line 163
run all
Stopped at time : 52280 ns : File "C:/Users/Mateusz Kozlowski/Documents/zampf/ZAMFP/ZAMFP.srcs/system/new/system_tb.vhd" Line 163
run all
Stopped at time : 52280 ns : File "C:/Users/Mateusz Kozlowski/Documents/zampf/ZAMFP/ZAMFP.srcs/system/new/system_tb.vhd" Line 163
run all
Stopped at time : 104360 ns : File "C:/Users/Mateusz Kozlowski/Documents/zampf/ZAMFP/ZAMFP.srcs/system/new/system_tb.vhd" Line 171
run all
Stopped at time : 104360 ns : File "C:/Users/Mateusz Kozlowski/Documents/zampf/ZAMFP/ZAMFP.srcs/system/new/system_tb.vhd" Line 171
run all


Stopped at time : 295320 ns : File "C:/Users/Mateusz Kozlowski/Documents/zampf/ZAMFP/ZAMFP.srcs/system/new/system_tb.vhd" Line 176
run all


relaunch_sim
WARNING: [filemgmt 56-199] Attempt to get parsing info during refresh. "On-the-fly" syntax checking information may be incorrect. [C:\Users\Mateusz Kozlowski\Documents\zampf\ZAMFP\ZAMFP.srcs\sources_1\new\ram.vhd:]
WARNING: [filemgmt 56-199] Attempt to get parsing info during refresh. "On-the-fly" syntax checking information may be incorrect. [C:\Users\Mateusz Kozlowski\Documents\zampf\ZAMFP\ZAMFP.srcs\sources_1\new\uart.vhd:]
WARNING: [filemgmt 56-199] Attempt to get parsing info during refresh. "On-the-fly" syntax checking information may be incorrect. [C:\Users\Mateusz Kozlowski\Documents\zampf\ZAMFP\ZAMFP.srcs\sources_1\new\uart_ram_ctrl.vhd:]
WARNING: [filemgmt 56-199] Attempt to get parsing info during refresh. "On-the-fly" syntax checking information may be incorrect. [C:\Users\Mateusz Kozlowski\Documents\zampf\ZAMFP\ZAMFP.srcs\system\new\system_tb.vhd:]
WARNING: [filemgmt 56-199] Attempt to get parsing info during refresh. "On-the-fly" syntax checking information may be incorrect. [C:\Users\Mateusz Kozlowski\Documents\zampf\ZAMFP\ZAMFP.srcs\system\new\system_tb.vhd:]
WARNING: [filemgmt 56-199] Attempt to get parsing info during refresh. "On-the-fly" syntax checking information may be incorrect. [C:\Users\Mateusz Kozlowski\Documents\zampf\ZAMFP\ZAMFP.srcs\system\new\system_tb.vhd:]
WARNING: [filemgmt 56-199] Attempt to get parsing info during refresh. "On-the-fly" syntax checking information may be incorrect. [C:\Users\Mateusz Kozlowski\Documents\zampf\ZAMFP\ZAMFP.srcs\sources_1\new\ram.vhd:]
WARNING: [filemgmt 56-199] Attempt to get parsing info during refresh. "On-the-fly" syntax checking information may be incorrect. [C:\Users\Mateusz Kozlowski\Documents\zampf\ZAMFP\ZAMFP.srcs\sources_1\new\uart.vhd:]
WARNING: [filemgmt 56-199] Attempt to get parsing info during refresh. "On-the-fly" syntax checking information may be incorrect. [C:\Users\Mateusz Kozlowski\Documents\zampf\ZAMFP\ZAMFP.srcs\sources_1\new\uart_ram_ctrl.vhd:]
WARNING: [filemgmt 56-199] Attempt to get parsing info during refresh. "On-the-fly" syntax checking information may be incorrect. [C:\Users\Mateusz Kozlowski\Documents\zampf\ZAMFP\ZAMFP.srcs\system\new\system_tb.vhd:]
WARNING: [filemgmt 56-199] Attempt to get parsing info during refresh. "On-the-fly" syntax checking information may be incorrect. [C:\Users\Mateusz Kozlowski\Documents\zampf\ZAMFP\ZAMFP.srcs\sources_1\new\ram.vhd:]
WARNING: [filemgmt 56-199] Attempt to get parsing info during refresh. "On-the-fly" syntax checking information may be incorrect. [C:\Users\Mateusz Kozlowski\Documents\zampf\ZAMFP\ZAMFP.srcs\sources_1\new\ram.vhd:]
Command: launch_simulation -step compile -simset sim_1 -mode behavioral
INFO: [Vivado 12-12493] Simulation top is 'system_tb'
ERROR: [Common 17-180] Spawn failed: Operacja ukonczona pomyslnie.

WARNING: [filemgmt 56-199] Attempt to get parsing info during refresh. "On-the-fly" syntax checking information may be incorrect. [C:\Users\Mateusz Kozlowski\Documents\zampf\ZAMFP\ZAMFP.srcs\sources_1\new\ram.vhd:]
WARNING: [filemgmt 56-199] Attempt to get parsing info during refresh. "On-the-fly" syntax checking information may be incorrect. [C:\Users\Mateusz Kozlowski\Documents\zampf\ZAMFP\ZAMFP.srcs\sources_1\new\uart.vhd:]
WARNING: [filemgmt 56-199] Attempt to get parsing info during refresh. "On-the-fly" syntax checking information may be incorrect. [C:\Users\Mateusz Kozlowski\Documents\zampf\ZAMFP\ZAMFP.srcs\sources_1\new\uart_ram_ctrl.vhd:]
WARNING: [filemgmt 56-199] Attempt to get parsing info during refresh. "On-the-fly" syntax checking information may be incorrect. [C:\Users\Mateusz Kozlowski\Documents\zampf\ZAMFP\ZAMFP.srcs\system\new\system_tb.vhd:]
WARNING: [filemgmt 56-199] Attempt to get parsing info during refresh. "On-the-fly" syntax checking information may be incorrect. [C:\Users\Mateusz Kozlowski\Documents\zampf\ZAMFP\ZAMFP.srcs\sources_1\new\uart.vhd:]
WARNING: [filemgmt 56-199] Attempt to get parsing info during refresh. "On-the-fly" syntax checking information may be incorrect. [C:\Users\Mateusz Kozlowski\Documents\zampf\ZAMFP\ZAMFP.srcs\sources_1\new\uart.vhd:]
INFO: [Vivado 12-5682] Launching behavioral simulation in 'C:/Users/Mateusz Kozlowski/Documents/zampf/ZAMFP/ZAMFP.sim/sim_1/behav/xsim'
INFO: [SIM-utils-51] Simulation object is 'sim_1'
INFO: [USF-XSim-2] XSim::Compile design
INFO: [USF-XSim-61] Executing 'COMPILE and ANALYZE' step in 'C:/Users/Mateusz Kozlowski/Documents/zampf/ZAMFP/ZAMFP.sim/sim_1/behav/xsim'
"xvhdl --incr --relax -prj system_tb_vhdl.prj"
INFO: [VRFC 10-163] Analyzing VHDL file "C:/Users/Mateusz Kozlowski/Documents/zampf/ZAMFP/ZAMFP.srcs/sources_1/new/uart.vhd" into library xil_defaultlib
INFO: [VRFC 10-3107] analyzing entity 'uart'
INFO: [VRFC 10-163] Analyzing VHDL file "C:/Users/Mateusz Kozlowski/Documents/zampf/ZAMFP/ZAMFP.srcs/sources_1/new/top.vhd" into library xil_defaultlib
INFO: [VRFC 10-3107] analyzing entity 'system_rtl'
INFO: [VRFC 10-163] Analyzing VHDL file "C:/Users/Mateusz Kozlowski/Documents/zampf/ZAMFP/ZAMFP.srcs/system/new/system_tb.vhd" into library xil_defaultlib
INFO: [VRFC 10-3107] analyzing entity 'system_tb'
INFO: [USF-XSim-69] 'compile' step finished in '1' seconds
ERROR: [Common 17-39] 'launch_simulation' failed due to earlier errors.
ERROR: [Common 17-69] Command failed: ERROR: [Common 17-39] 'launch_simulation' failed due to earlier errors.

relaunch_sim
Command: launch_simulation -step compile -simset sim_1 -mode behavioral
INFO: [Vivado 12-12493] Simulation top is 'system_tb'
INFO: [Vivado 12-5682] Launching behavioral simulation in 'C:/Users/Mateusz Kozlowski/Documents/zampf/ZAMFP/ZAMFP.sim/sim_1/behav/xsim'
INFO: [SIM-utils-51] Simulation object is 'sim_1'
INFO: [USF-XSim-2] XSim::Compile design
INFO: [USF-XSim-61] Executing 'COMPILE and ANALYZE' step in 'C:/Users/Mateusz Kozlowski/Documents/zampf/ZAMFP/ZAMFP.sim/sim_1/behav/xsim'
"xvhdl --incr --relax -prj system_tb_vhdl.prj"
INFO: [VRFC 10-163] Analyzing VHDL file "C:/Users/Mateusz Kozlowski/Documents/zampf/ZAMFP/ZAMFP.srcs/system/new/system_tb.vhd" into library xil_defaultlib
INFO: [VRFC 10-3107] analyzing entity 'system_tb'
INFO: [USF-XSim-69] 'compile' step finished in '1' seconds
Command: launch_simulation -step elaborate -simset sim_1 -mode behavioral
INFO: [Vivado 12-12493] Simulation top is 'system_tb'
INFO: [Vivado 12-5682] Launching behavioral simulation in 'C:/Users/Mateusz Kozlowski/Documents/zampf/ZAMFP/ZAMFP.sim/sim_1/behav/xsim'
INFO: [SIM-utils-51] Simulation object is 'sim_1'
INFO: [USF-XSim-3] XSim::Elaborate design
INFO: [USF-XSim-61] Executing 'ELABORATE' step in 'C:/Users/Mateusz Kozlowski/Documents/zampf/ZAMFP/ZAMFP.sim/sim_1/behav/xsim'
"xelab --incr --debug typical --relax --mt 2 -L xil_defaultlib -L secureip --snapshot system_tb_behav xil_defaultlib.system_tb -log elaborate.log"
Vivado Simulator v2025.1.0
Copyright 1986-2022 Xilinx, Inc. All Rights Reserved.
Copyright 2022-2025 Advanced Micro Devices, Inc. All Rights Reserved.
Running: C:/Xilinx/2025.1/Vivado/bin/unwrapped/win64.o/xelab.exe --incr --debug typical --relax --mt 2 -L xil_defaultlib -L secureip --snapshot system_tb_behav xil_defaultlib.system_tb -log elaborate.log 
Using 2 slave threads.
Starting static elaboration
Completed static elaboration
Starting simulation data flow analysis
Completed simulation data flow analysis
Time Resolution for simulation is 1ps
Compiling package std.standard
Compiling package std.textio
Compiling package ieee.std_logic_1164
Compiling package ieee.std_logic_textio
Compiling package ieee.numeric_std
Compiling architecture behavioral of entity xil_defaultlib.ram [ram_default]
Compiling architecture rtl of entity xil_defaultlib.uart [uart_default]
Compiling architecture behavioral of entity xil_defaultlib.uart_ram_ctrl [uart_ram_ctrl_default]
Compiling architecture rtl of entity xil_defaultlib.system_rtl [system_rtl_default]
Compiling architecture sim of entity xil_defaultlib.system_tb
Built simulation snapshot system_tb_behav
INFO: [USF-XSim-69] 'elaborate' step finished in '1' seconds
Time resolution is 1 ps
run all


Stopped at time : 330040 ns : File "C:/Users/Mateusz Kozlowski/Documents/zampf/ZAMFP/ZAMFP.srcs/system/new/system_tb.vhd" Line 163
run all
RESP WRITE PRE = 0x5A
Stopped at time : 486410 ns : File "C:/Users/Mateusz Kozlowski/Documents/zampf/ZAMFP/ZAMFP.srcs/system/new/system_tb.vhd" Line 171
run all
RESP WRITE HDR = 0x61

Stopped at time : 486410 ns : File "C:/Users/Mateusz Kozlowski/Documents/zampf/ZAMFP/ZAMFP.srcs/system/new/system_tb.vhd" Line 176
run all
RESP WRITE DATA = 0xA1
Stopped at time : 573230 ns : File "C:/Users/Mateusz Kozlowski/Documents/zampf/ZAMFP/ZAMFP.srcs/system/new/system_tb.vhd" Line 182
run all


RESP READ PRE = 0x5A
RESP READ HDR = 0xE1
RESP READ DATA = 0xA1
0


RESP WRITE PRE = 0x5A
RESP WRITE HDR = 0x00
RESP WRITE DATA = 0x00


RESP READ PRE = 0x5A
RESP READ HDR = 0x80
RESP READ DATA = 0x00
1


RESP WRITE PRE = 0x5A
RESP WRITE HDR = 0x03
RESP WRITE DATA = 0x02


RESP READ PRE = 0x5A
RESP READ HDR = 0x83
RESP READ DATA = 0x02
2


RESP WRITE PRE = 0x5A
RESP WRITE HDR = 0x06
RESP WRITE DATA = 0x04


RESP READ PRE = 0x5A
RESP READ HDR = 0x86
RESP READ DATA = 0x04
3


RESP WRITE PRE = 0x5A
RESP WRITE HDR = 0x09
RESP WRITE DATA = 0x06


RESP READ PRE = 0x5A
RESP READ HDR = 0x89
RESP READ DATA = 0x06
4


RESP WRITE PRE = 0x5A
RESP WRITE HDR = 0x0C
RESP WRITE DATA = 0x08


RESP READ PRE = 0x5A
RESP READ HDR = 0x8C
RESP READ DATA = 0x08
5


RESP WRITE PRE = 0x5A
RESP WRITE HDR = 0x0F
RESP WRITE DATA = 0x0A


RESP READ PRE = 0x5A
RESP READ HDR = 0x8F
RESP READ DATA = 0x0A
6


RESP WRITE PRE = 0x5A
RESP WRITE HDR = 0x12
RESP WRITE DATA = 0x0C


RESP READ PRE = 0x5A
RESP READ HDR = 0x92
RESP READ DATA = 0x0C
7


RESP WRITE PRE = 0x5A
RESP WRITE HDR = 0x15
RESP WRITE DATA = 0x0E


RESP READ PRE = 0x5A
RESP READ HDR = 0x95
RESP READ DATA = 0x0E
current_wave_config {Untitled 3}
Untitled 3
add_wave {{/system_tb/dut/uart_i/tx_shift}} 
current_wave_config {Untitled 3}
Untitled 3
add_wave {{/system_tb/dut/uart_i/rx_shift}} 
relaunch_sim
Command: launch_simulation -step compile -simset sim_1 -mode behavioral
INFO: [Vivado 12-12493] Simulation top is 'system_tb'
INFO: [Vivado 12-5682] Launching behavioral simulation in 'C:/Users/Mateusz Kozlowski/Documents/zampf/ZAMFP/ZAMFP.sim/sim_1/behav/xsim'
INFO: [SIM-utils-51] Simulation object is 'sim_1'
INFO: [USF-XSim-2] XSim::Compile design
INFO: [USF-XSim-61] Executing 'COMPILE and ANALYZE' step in 'C:/Users/Mateusz Kozlowski/Documents/zampf/ZAMFP/ZAMFP.sim/sim_1/behav/xsim'
"xvhdl --incr --relax -prj system_tb_vhdl.prj"
INFO: [USF-XSim-69] 'compile' step finished in '1' seconds
Command: launch_simulation -step elaborate -simset sim_1 -mode behavioral
INFO: [Vivado 12-12493] Simulation top is 'system_tb'
INFO: [Vivado 12-5682] Launching behavioral simulation in 'C:/Users/Mateusz Kozlowski/Documents/zampf/ZAMFP/ZAMFP.sim/sim_1/behav/xsim'
INFO: [SIM-utils-51] Simulation object is 'sim_1'
INFO: [USF-XSim-3] XSim::Elaborate design
INFO: [USF-XSim-61] Executing 'ELABORATE' step in 'C:/Users/Mateusz Kozlowski/Documents/zampf/ZAMFP/ZAMFP.sim/sim_1/behav/xsim'
"xelab --incr --debug typical --relax --mt 2 -L xil_defaultlib -L secureip --snapshot system_tb_behav xil_defaultlib.system_tb -log elaborate.log"
Vivado Simulator v2025.1.0
Copyright 1986-2022 Xilinx, Inc. All Rights Reserved.
Copyright 2022-2025 Advanced Micro Devices, Inc. All Rights Reserved.
Running: C:/Xilinx/2025.1/Vivado/bin/unwrapped/win64.o/xelab.exe --incr --debug typical --relax --mt 2 -L xil_defaultlib -L secureip --snapshot system_tb_behav xil_defaultlib.system_tb -log elaborate.log 
Using 2 slave threads.
Starting static elaboration
Completed static elaboration
INFO: [XSIM 43-4323] No Change in HDL. Linking previously generated obj files to create kernel
INFO: [USF-XSim-69] 'elaborate' step finished in '1' seconds
Time resolution is 1 ps
remove_bps -BreakPointObjsOrIds bp396 bp397 bp398 bp399 
add_bp {C:/Users/Mateusz Kozlowski/Documents/zampf/ZAMFP/ZAMFP.srcs/system/new/system_tb.vhd} 263
run all


RESP WRITE PRE = 0x5A
RESP WRITE HDR = 0x61

RESP WRITE DATA = 0xA1


RESP READ PRE = 0x5A
RESP READ HDR = 0xE1
RESP READ DATA = 0xA1
0


RESP WRITE PRE = 0x5A
RESP WRITE HDR = 0x00
RESP WRITE DATA = 0x00


RESP READ PRE = 0x5A
RESP READ HDR = 0x80
RESP READ DATA = 0x00
1


RESP WRITE PRE = 0x5A
RESP WRITE HDR = 0x03
RESP WRITE DATA = 0x02


RESP READ PRE = 0x5A
RESP READ HDR = 0x83
RESP READ DATA = 0x02
2


RESP WRITE PRE = 0x5A
RESP WRITE HDR = 0x06
RESP WRITE DATA = 0x04


RESP READ PRE = 0x5A
RESP READ HDR = 0x86
RESP READ DATA = 0x04
3


RESP WRITE PRE = 0x5A
RESP WRITE HDR = 0x09
RESP WRITE DATA = 0x06


RESP READ PRE = 0x5A
RESP READ HDR = 0x89
RESP READ DATA = 0x06
4


RESP WRITE PRE = 0x5A
RESP WRITE HDR = 0x0C
RESP WRITE DATA = 0x08


RESP READ PRE = 0x5A
RESP READ HDR = 0x8C
RESP READ DATA = 0x08
5


RESP WRITE PRE = 0x5A
RESP WRITE HDR = 0x0F
RESP WRITE DATA = 0x0A


RESP READ PRE = 0x5A
RESP READ HDR = 0x8F
RESP READ DATA = 0x0A
6


RESP WRITE PRE = 0x5A
RESP WRITE HDR = 0x12
RESP WRITE DATA = 0x0C


RESP READ PRE = 0x5A
RESP READ HDR = 0x92
RESP READ DATA = 0x0C
7


RESP WRITE PRE = 0x5A
RESP WRITE HDR = 0x15
RESP WRITE DATA = 0x0E


RESP READ PRE = 0x5A
RESP READ HDR = 0x95
RESP READ DATA = 0x0E
Stopped at time : 10966270 ns : File "C:/Users/Mateusz Kozlowski/Documents/zampf/ZAMFP/ZAMFP.srcs/system/new/system_tb.vhd" Line 263
current_wave_config {Untitled 3}
Untitled 3
add_wave {{/system_tb/dut/uart_i/tx_state}} 
current_wave_config {Untitled 3}
Untitled 3
add_wave {{/system_tb/dut/uart_i/rx_state}} 
relaunch_sim
Command: launch_simulation -step compile -simset sim_1 -mode behavioral
INFO: [Vivado 12-12493] Simulation top is 'system_tb'
INFO: [Vivado 12-5682] Launching behavioral simulation in 'C:/Users/Mateusz Kozlowski/Documents/zampf/ZAMFP/ZAMFP.sim/sim_1/behav/xsim'
INFO: [SIM-utils-51] Simulation object is 'sim_1'
INFO: [USF-XSim-2] XSim::Compile design
INFO: [USF-XSim-61] Executing 'COMPILE and ANALYZE' step in 'C:/Users/Mateusz Kozlowski/Documents/zampf/ZAMFP/ZAMFP.sim/sim_1/behav/xsim'
"xvhdl --incr --relax -prj system_tb_vhdl.prj"
INFO: [USF-XSim-69] 'compile' step finished in '1' seconds
Command: launch_simulation -step elaborate -simset sim_1 -mode behavioral
INFO: [Vivado 12-12493] Simulation top is 'system_tb'
INFO: [Vivado 12-5682] Launching behavioral simulation in 'C:/Users/Mateusz Kozlowski/Documents/zampf/ZAMFP/ZAMFP.sim/sim_1/behav/xsim'
INFO: [SIM-utils-51] Simulation object is 'sim_1'
INFO: [USF-XSim-3] XSim::Elaborate design
INFO: [USF-XSim-61] Executing 'ELABORATE' step in 'C:/Users/Mateusz Kozlowski/Documents/zampf/ZAMFP/ZAMFP.sim/sim_1/behav/xsim'
"xelab --incr --debug typical --relax --mt 2 -L xil_defaultlib -L secureip --snapshot system_tb_behav xil_defaultlib.system_tb -log elaborate.log"
Vivado Simulator v2025.1.0
Copyright 1986-2022 Xilinx, Inc. All Rights Reserved.
Copyright 2022-2025 Advanced Micro Devices, Inc. All Rights Reserved.
Running: C:/Xilinx/2025.1/Vivado/bin/unwrapped/win64.o/xelab.exe --incr --debug typical --relax --mt 2 -L xil_defaultlib -L secureip --snapshot system_tb_behav xil_defaultlib.system_tb -log elaborate.log 
Using 2 slave threads.
Starting static elaboration
Completed static elaboration
INFO: [XSIM 43-4323] No Change in HDL. Linking previously generated obj files to create kernel
INFO: [USF-XSim-69] 'elaborate' step finished in '1' seconds
Time resolution is 1 ps
run all


RESP WRITE PRE = 0x5A
RESP WRITE HDR = 0x61

RESP WRITE DATA = 0xA1


RESP READ PRE = 0x5A
RESP READ HDR = 0xE1
RESP READ DATA = 0xA1
0


RESP WRITE PRE = 0x5A
RESP WRITE HDR = 0x00
RESP WRITE DATA = 0x00


RESP READ PRE = 0x5A
RESP READ HDR = 0x80
RESP READ DATA = 0x00
1


RESP WRITE PRE = 0x5A
RESP WRITE HDR = 0x03
RESP WRITE DATA = 0x02


RESP READ PRE = 0x5A
RESP READ HDR = 0x83
RESP READ DATA = 0x02
2


RESP WRITE PRE = 0x5A
RESP WRITE HDR = 0x06
RESP WRITE DATA = 0x04


RESP READ PRE = 0x5A
RESP READ HDR = 0x86
RESP READ DATA = 0x04
3


RESP WRITE PRE = 0x5A
RESP WRITE HDR = 0x09
RESP WRITE DATA = 0x06


RESP READ PRE = 0x5A
RESP READ HDR = 0x89
RESP READ DATA = 0x06
4


RESP WRITE PRE = 0x5A
RESP WRITE HDR = 0x0C
RESP WRITE DATA = 0x08


RESP READ PRE = 0x5A
RESP READ HDR = 0x8C
RESP READ DATA = 0x08
5


RESP WRITE PRE = 0x5A
RESP WRITE HDR = 0x0F
RESP WRITE DATA = 0x0A


RESP READ PRE = 0x5A
RESP READ HDR = 0x8F
RESP READ DATA = 0x0A
6


RESP WRITE PRE = 0x5A
RESP WRITE HDR = 0x12
RESP WRITE DATA = 0x0C


RESP READ PRE = 0x5A
RESP READ HDR = 0x92
RESP READ DATA = 0x0C
7


RESP WRITE PRE = 0x5A
RESP WRITE HDR = 0x15
RESP WRITE DATA = 0x0E


RESP READ PRE = 0x5A
RESP READ HDR = 0x95
RESP READ DATA = 0x0E
Stopped at time : 10966270 ns : File "C:/Users/Mateusz Kozlowski/Documents/zampf/ZAMFP/ZAMFP.srcs/system/new/system_tb.vhd" Line 263
WARNING: [filemgmt 56-199] Attempt to get parsing info during refresh. "On-the-fly" syntax checking information may be incorrect. [C:\Users\Mateusz Kozlowski\Documents\zampf\ZAMFP\ZAMFP.srcs\sources_1\new\ram.vhd:]
WARNING: [filemgmt 56-199] Attempt to get parsing info during refresh. "On-the-fly" syntax checking information may be incorrect. [C:\Users\Mateusz Kozlowski\Documents\zampf\ZAMFP\ZAMFP.srcs\sources_1\new\uart.vhd:]
WARNING: [filemgmt 56-199] Attempt to get parsing info during refresh. "On-the-fly" syntax checking information may be incorrect. [C:\Users\Mateusz Kozlowski\Documents\zampf\ZAMFP\ZAMFP.srcs\sources_1\new\uart_ram_ctrl.vhd:]
WARNING: [filemgmt 56-199] Attempt to get parsing info during refresh. "On-the-fly" syntax checking information may be incorrect. [C:\Users\Mateusz Kozlowski\Documents\zampf\ZAMFP\ZAMFP.srcs\system\new\system_tb.vhd:]
WARNING: [filemgmt 56-199] Attempt to get parsing info during refresh. "On-the-fly" syntax checking information may be incorrect. [C:\Users\Mateusz Kozlowski\Documents\zampf\ZAMFP\ZAMFP.srcs\sources_1\new\uart_ram_ctrl.vhd:]
WARNING: [filemgmt 56-199] Attempt to get parsing info during refresh. "On-the-fly" syntax checking information may be incorrect. [C:\Users\Mateusz Kozlowski\Documents\zampf\ZAMFP\ZAMFP.srcs\sources_1\new\uart_ram_ctrl.vhd:]
relaunch_sim
Command: launch_simulation -step compile -simset sim_1 -mode behavioral
INFO: [Vivado 12-12493] Simulation top is 'system_tb'
INFO: [Vivado 12-5682] Launching behavioral simulation in 'C:/Users/Mateusz Kozlowski/Documents/zampf/ZAMFP/ZAMFP.sim/sim_1/behav/xsim'
INFO: [SIM-utils-51] Simulation object is 'sim_1'
INFO: [USF-XSim-2] XSim::Compile design
INFO: [USF-XSim-61] Executing 'COMPILE and ANALYZE' step in 'C:/Users/Mateusz Kozlowski/Documents/zampf/ZAMFP/ZAMFP.sim/sim_1/behav/xsim'
ERROR: [Common 17-180] Spawn failed: Operacja ukonczona pomyslnie.

WARNING: [filemgmt 56-199] Attempt to get parsing info during refresh. "On-the-fly" syntax checking information may be incorrect. [C:\Users\Mateusz Kozlowski\Documents\zampf\ZAMFP\ZAMFP.srcs\sources_1\new\ram.vhd:]
WARNING: [filemgmt 56-199] Attempt to get parsing info during refresh. "On-the-fly" syntax checking information may be incorrect. [C:\Users\Mateusz Kozlowski\Documents\zampf\ZAMFP\ZAMFP.srcs\sources_1\new\uart.vhd:]
WARNING: [filemgmt 56-199] Attempt to get parsing info during refresh. "On-the-fly" syntax checking information may be incorrect. [C:\Users\Mateusz Kozlowski\Documents\zampf\ZAMFP\ZAMFP.srcs\sources_1\new\uart_ram_ctrl.vhd:]
WARNING: [filemgmt 56-199] Attempt to get parsing info during refresh. "On-the-fly" syntax checking information may be incorrect. [C:\Users\Mateusz Kozlowski\Documents\zampf\ZAMFP\ZAMFP.srcs\system\new\system_tb.vhd:]
WARNING: [filemgmt 56-199] Attempt to get parsing info during refresh. "On-the-fly" syntax checking information may be incorrect. [C:\Users\Mateusz Kozlowski\Documents\zampf\ZAMFP\ZAMFP.srcs\sources_1\new\uart.vhd:]
WARNING: [filemgmt 56-199] Attempt to get parsing info during refresh. "On-the-fly" syntax checking information may be incorrect. [C:\Users\Mateusz Kozlowski\Documents\zampf\ZAMFP\ZAMFP.srcs\sources_1\new\uart.vhd:]
"xvhdl --incr --relax -prj system_tb_vhdl.prj"
INFO: [VRFC 10-163] Analyzing VHDL file "C:/Users/Mateusz Kozlowski/Documents/zampf/ZAMFP/ZAMFP.srcs/sources_1/new/uart.vhd" into library xil_defaultlib
INFO: [VRFC 10-3107] analyzing entity 'uart'
INFO: [VRFC 10-163] Analyzing VHDL file "C:/Users/Mateusz Kozlowski/Documents/zampf/ZAMFP/ZAMFP.srcs/sources_1/new/top.vhd" into library xil_defaultlib
INFO: [VRFC 10-3107] analyzing entity 'system_rtl'
INFO: [VRFC 10-163] Analyzing VHDL file "C:/Users/Mateusz Kozlowski/Documents/zampf/ZAMFP/ZAMFP.srcs/system/new/system_tb.vhd" into library xil_defaultlib
INFO: [VRFC 10-3107] analyzing entity 'system_tb'
INFO: [USF-XSim-69] 'compile' step finished in '1' seconds
ERROR: [USF-XSim-62] 'compile' step failed with error(s) while executing 'C:/Users/Mateusz Kozlowski/Documents/zampf/ZAMFP/ZAMFP.sim/sim_1/behav/xsim/compile.bat' script. Please check that the file has the correct 'read/write/execute' permissions and the Tcl console output for any other possible errors or warnings.
ERROR: [Vivado 12-4473] Detected error while running simulation. Please correct the issue and retry this operation.
ERROR: [Common 17-39] 'launch_simulation' failed due to earlier errors.
ERROR: [Common 17-69] Command failed: ERROR: [Common 17-39] 'launch_simulation' failed due to earlier errors.

relaunch_sim
Command: launch_simulation -step compile -simset sim_1 -mode behavioral
INFO: [Vivado 12-12493] Simulation top is 'system_tb'
INFO: [Vivado 12-5682] Launching behavioral simulation in 'C:/Users/Mateusz Kozlowski/Documents/zampf/ZAMFP/ZAMFP.sim/sim_1/behav/xsim'
INFO: [SIM-utils-51] Simulation object is 'sim_1'
INFO: [USF-XSim-2] XSim::Compile design
INFO: [USF-XSim-61] Executing 'COMPILE and ANALYZE' step in 'C:/Users/Mateusz Kozlowski/Documents/zampf/ZAMFP/ZAMFP.sim/sim_1/behav/xsim'
"xvhdl --incr --relax -prj system_tb_vhdl.prj"
INFO: [USF-XSim-69] 'compile' step finished in '1' seconds
Command: launch_simulation -step elaborate -simset sim_1 -mode behavioral
INFO: [Vivado 12-12493] Simulation top is 'system_tb'
INFO: [Vivado 12-5682] Launching behavioral simulation in 'C:/Users/Mateusz Kozlowski/Documents/zampf/ZAMFP/ZAMFP.sim/sim_1/behav/xsim'
INFO: [SIM-utils-51] Simulation object is 'sim_1'
INFO: [USF-XSim-3] XSim::Elaborate design
INFO: [USF-XSim-61] Executing 'ELABORATE' step in 'C:/Users/Mateusz Kozlowski/Documents/zampf/ZAMFP/ZAMFP.sim/sim_1/behav/xsim'
"xelab --incr --debug typical --relax --mt 2 -L xil_defaultlib -L secureip --snapshot system_tb_behav xil_defaultlib.system_tb -log elaborate.log"
Vivado Simulator v2025.1.0
Copyright 1986-2022 Xilinx, Inc. All Rights Reserved.
Copyright 2022-2025 Advanced Micro Devices, Inc. All Rights Reserved.
Running: C:/Xilinx/2025.1/Vivado/bin/unwrapped/win64.o/xelab.exe --incr --debug typical --relax --mt 2 -L xil_defaultlib -L secureip --snapshot system_tb_behav xil_defaultlib.system_tb -log elaborate.log 
Using 2 slave threads.
Starting static elaboration
Completed static elaboration
Starting simulation data flow analysis
Completed simulation data flow analysis
Time Resolution for simulation is 1ps
Compiling package std.standard
Compiling package std.textio
Compiling package ieee.std_logic_1164
Compiling package ieee.std_logic_textio
Compiling package ieee.numeric_std
Compiling architecture behavioral of entity xil_defaultlib.ram [ram_default]
Compiling architecture rtl of entity xil_defaultlib.uart [uart_default]
Compiling architecture behavioral of entity xil_defaultlib.uart_ram_ctrl [uart_ram_ctrl_default]
Compiling architecture rtl of entity xil_defaultlib.system_rtl [system_rtl_default]
Compiling architecture sim of entity xil_defaultlib.system_tb
Built simulation snapshot system_tb_behav
INFO: [USF-XSim-69] 'elaborate' step finished in '1' seconds
Time resolution is 1 ps
run all


RESP WRITE PRE = 0x5A
RESP WRITE HDR = 0x61

RESP WRITE DATA = 0xA1


RESP READ PRE = 0x5A
RESP READ HDR = 0xE1
RESP READ DATA = 0xA1
0


RESP WRITE PRE = 0x5A
RESP WRITE HDR = 0x00
RESP WRITE DATA = 0x00


RESP READ PRE = 0x5A
RESP READ HDR = 0x80
RESP READ DATA = 0x00
1


RESP WRITE PRE = 0x5A
RESP WRITE HDR = 0x03
RESP WRITE DATA = 0x02


RESP READ PRE = 0x5A
RESP READ HDR = 0x83
RESP READ DATA = 0x02
2


RESP WRITE PRE = 0x5A
RESP WRITE HDR = 0x06
RESP WRITE DATA = 0x04


RESP READ PRE = 0x5A
RESP READ HDR = 0x86
RESP READ DATA = 0x04
3


RESP WRITE PRE = 0x5A
RESP WRITE HDR = 0x09
RESP WRITE DATA = 0x06


RESP READ PRE = 0x5A
RESP READ HDR = 0x89
RESP READ DATA = 0x06
4


RESP WRITE PRE = 0x5A
RESP WRITE HDR = 0x0C
RESP WRITE DATA = 0x08


RESP READ PRE = 0x5A
RESP READ HDR = 0x8C
RESP READ DATA = 0x08
5


RESP WRITE PRE = 0x5A
RESP WRITE HDR = 0x0F
RESP WRITE DATA = 0x0A


RESP READ PRE = 0x5A
RESP READ HDR = 0x8F
RESP READ DATA = 0x0A
6


RESP WRITE PRE = 0x5A
RESP WRITE HDR = 0x12
RESP WRITE DATA = 0x0C


RESP READ PRE = 0x5A
RESP READ HDR = 0x92
RESP READ DATA = 0x0C
7


RESP WRITE PRE = 0x5A
RESP WRITE HDR = 0x15
RESP WRITE DATA = 0x0E


RESP READ PRE = 0x5A
RESP READ HDR = 0x95
RESP READ DATA = 0x0E
Stopped at time : 10952590 ns : File "C:/Users/Mateusz Kozlowski/Documents/zampf/ZAMFP/ZAMFP.srcs/system/new/system_tb.vhd" Line 263
relaunch_sim
WARNING: [filemgmt 56-199] Attempt to get parsing info during refresh. "On-the-fly" syntax checking information may be incorrect. [C:\Users\Mateusz Kozlowski\Documents\zampf\ZAMFP\ZAMFP.srcs\sources_1\new\ram.vhd:]
WARNING: [filemgmt 56-199] Attempt to get parsing info during refresh. "On-the-fly" syntax checking information may be incorrect. [C:\Users\Mateusz Kozlowski\Documents\zampf\ZAMFP\ZAMFP.srcs\sources_1\new\uart.vhd:]
WARNING: [filemgmt 56-199] Attempt to get parsing info during refresh. "On-the-fly" syntax checking information may be incorrect. [C:\Users\Mateusz Kozlowski\Documents\zampf\ZAMFP\ZAMFP.srcs\sources_1\new\uart_ram_ctrl.vhd:]
WARNING: [filemgmt 56-199] Attempt to get parsing info during refresh. "On-the-fly" syntax checking information may be incorrect. [C:\Users\Mateusz Kozlowski\Documents\zampf\ZAMFP\ZAMFP.srcs\system\new\system_tb.vhd:]
WARNING: [filemgmt 56-199] Attempt to get parsing info during refresh. "On-the-fly" syntax checking information may be incorrect. [C:\Users\Mateusz Kozlowski\Documents\zampf\ZAMFP\ZAMFP.srcs\sources_1\new\uart.vhd:]
WARNING: [filemgmt 56-199] Attempt to get parsing info during refresh. "On-the-fly" syntax checking information may be incorrect. [C:\Users\Mateusz Kozlowski\Documents\zampf\ZAMFP\ZAMFP.srcs\sources_1\new\uart.vhd:]
Command: launch_simulation -step compile -simset sim_1 -mode behavioral
INFO: [Vivado 12-12493] Simulation top is 'system_tb'
WARNING: [filemgmt 56-199] Attempt to get parsing info during refresh. "On-the-fly" syntax checking information may be incorrect. [C:\Users\Mateusz Kozlowski\Documents\zampf\ZAMFP\ZAMFP.srcs\sources_1\new\ram.vhd:]
INFO: [Vivado 12-5682] Launching behavioral simulation in 'C:/Users/Mateusz Kozlowski/Documents/zampf/ZAMFP/ZAMFP.sim/sim_1/behav/xsim'
INFO: [SIM-utils-51] Simulation object is 'sim_1'
INFO: [USF-XSim-2] XSim::Compile design
INFO: [USF-XSim-61] Executing 'COMPILE and ANALYZE' step in 'C:/Users/Mateusz Kozlowski/Documents/zampf/ZAMFP/ZAMFP.sim/sim_1/behav/xsim'
"xvhdl --incr --relax -prj system_tb_vhdl.prj"
INFO: [VRFC 10-163] Analyzing VHDL file "C:/Users/Mateusz Kozlowski/Documents/zampf/ZAMFP/ZAMFP.srcs/sources_1/new/uart.vhd" into library xil_defaultlib
INFO: [VRFC 10-3107] analyzing entity 'uart'
WARNING: [VRFC 10-9374] signal 'bit_ticks' is used in a subtype-indication or type-definition [C:/Users/Mateusz Kozlowski/Documents/zampf/ZAMFP/ZAMFP.srcs/sources_1/new/uart.vhd:37]
WARNING: [VRFC 10-9374] signal 'bit_ticks' is used in a subtype-indication or type-definition [C:/Users/Mateusz Kozlowski/Documents/zampf/ZAMFP/ZAMFP.srcs/sources_1/new/uart.vhd:46]
INFO: [VRFC 10-163] Analyzing VHDL file "C:/Users/Mateusz Kozlowski/Documents/zampf/ZAMFP/ZAMFP.srcs/sources_1/new/top.vhd" into library xil_defaultlib
INFO: [VRFC 10-3107] analyzing entity 'system_rtl'
INFO: [VRFC 10-163] Analyzing VHDL file "C:/Users/Mateusz Kozlowski/Documents/zampf/ZAMFP/ZAMFP.srcs/system/new/system_tb.vhd" into library xil_defaultlib
INFO: [VRFC 10-3107] analyzing entity 'system_tb'
INFO: [USF-XSim-69] 'compile' step finished in '1' seconds
Command: launch_simulation -step elaborate -simset sim_1 -mode behavioral
INFO: [Vivado 12-12493] Simulation top is 'system_tb'
INFO: [Vivado 12-5682] Launching behavioral simulation in 'C:/Users/Mateusz Kozlowski/Documents/zampf/ZAMFP/ZAMFP.sim/sim_1/behav/xsim'
INFO: [SIM-utils-51] Simulation object is 'sim_1'
INFO: [USF-XSim-3] XSim::Elaborate design
INFO: [USF-XSim-61] Executing 'ELABORATE' step in 'C:/Users/Mateusz Kozlowski/Documents/zampf/ZAMFP/ZAMFP.sim/sim_1/behav/xsim'
"xelab --incr --debug typical --relax --mt 2 -L xil_defaultlib -L secureip --snapshot system_tb_behav xil_defaultlib.system_tb -log elaborate.log"
Vivado Simulator v2025.1.0
Copyright 1986-2022 Xilinx, Inc. All Rights Reserved.
Copyright 2022-2025 Advanced Micro Devices, Inc. All Rights Reserved.
Running: C:/Xilinx/2025.1/Vivado/bin/unwrapped/win64.o/xelab.exe --incr --debug typical --relax --mt 2 -L xil_defaultlib -L secureip --snapshot system_tb_behav xil_defaultlib.system_tb -log elaborate.log 
Using 2 slave threads.
Starting static elaboration
WARNING: [VRFC 10-3813] value in initialization depends on signal 'bit_ticks' [C:/Users/Mateusz Kozlowski/Documents/zampf/ZAMFP/ZAMFP.srcs/sources_1/new/uart.vhd:37]
WARNING: [VRFC 10-3813] value in initialization depends on signal 'bit_ticks' [C:/Users/Mateusz Kozlowski/Documents/zampf/ZAMFP/ZAMFP.srcs/sources_1/new/uart.vhd:46]
Completed static elaboration
Starting simulation data flow analysis
Completed simulation data flow analysis
Time Resolution for simulation is 1ps
Compiling package std.standard
Compiling package std.textio
Compiling package ieee.std_logic_1164
Compiling package ieee.std_logic_textio
Compiling package ieee.numeric_std
Compiling architecture behavioral of entity xil_defaultlib.ram [ram_default]
Compiling architecture rtl of entity xil_defaultlib.uart [uart_default]
Compiling architecture behavioral of entity xil_defaultlib.uart_ram_ctrl [uart_ram_ctrl_default]
Compiling architecture rtl of entity xil_defaultlib.system_rtl [system_rtl_default]
Compiling architecture sim of entity xil_defaultlib.system_tb
Built simulation snapshot system_tb_behav
INFO: [USF-XSim-69] 'elaborate' step finished in '1' seconds
Time resolution is 1 ps
relaunch_sim: Time (s): cpu = 00:00:00 ; elapsed = 00:00:06 . Memory (MB): peak = 3426.023 ; gain = 0.000
run all


RESP WRITE PRE = 0x5A
RESP WRITE HDR = 0x61

RESP WRITE DATA = 0xA1


RESP READ PRE = 0x5A
RESP READ HDR = 0xE1
RESP READ DATA = 0xA1
0


RESP WRITE PRE = 0x5A
RESP WRITE HDR = 0x00
RESP WRITE DATA = 0x00


RESP READ PRE = 0x5A
RESP READ HDR = 0x80
RESP READ DATA = 0x00
1


RESP WRITE PRE = 0x5A
RESP WRITE HDR = 0x03
RESP WRITE DATA = 0x02


RESP READ PRE = 0x5A
RESP READ HDR = 0x83
RESP READ DATA = 0x02
2


RESP WRITE PRE = 0x5A
RESP WRITE HDR = 0x06
RESP WRITE DATA = 0x04


RESP READ PRE = 0x5A
RESP READ HDR = 0x86
RESP READ DATA = 0x04
3


RESP WRITE PRE = 0x5A
RESP WRITE HDR = 0x09
RESP WRITE DATA = 0x06


RESP READ PRE = 0x5A
RESP READ HDR = 0x89
RESP READ DATA = 0x06
4


RESP WRITE PRE = 0x5A
RESP WRITE HDR = 0x0C
RESP WRITE DATA = 0x08


RESP READ PRE = 0x5A
RESP READ HDR = 0x8C
RESP READ DATA = 0x08
5


RESP WRITE PRE = 0x5A
RESP WRITE HDR = 0x0F
RESP WRITE DATA = 0x0A


RESP READ PRE = 0x5A
RESP READ HDR = 0x8F
RESP READ DATA = 0x0A
6


RESP WRITE PRE = 0x5A
RESP WRITE HDR = 0x12
RESP WRITE DATA = 0x0C


RESP READ PRE = 0x5A
RESP READ HDR = 0x92
RESP READ DATA = 0x0C
7


RESP WRITE PRE = 0x5A
RESP WRITE HDR = 0x15
RESP WRITE DATA = 0x0E


RESP READ PRE = 0x5A
RESP READ HDR = 0x95
RESP READ DATA = 0x0E
Stopped at time : 10966270 ns : File "C:/Users/Mateusz Kozlowski/Documents/zampf/ZAMFP/ZAMFP.srcs/system/new/system_tb.vhd" Line 263
relaunch_sim
Command: launch_simulation -step compile -simset sim_1 -mode behavioral
INFO: [Vivado 12-12493] Simulation top is 'system_tb'
INFO: [Vivado 12-5682] Launching behavioral simulation in 'C:/Users/Mateusz Kozlowski/Documents/zampf/ZAMFP/ZAMFP.sim/sim_1/behav/xsim'
INFO: [SIM-utils-51] Simulation object is 'sim_1'
INFO: [USF-XSim-2] XSim::Compile design
INFO: [USF-XSim-61] Executing 'COMPILE and ANALYZE' step in 'C:/Users/Mateusz Kozlowski/Documents/zampf/ZAMFP/ZAMFP.sim/sim_1/behav/xsim'
"xvhdl --incr --relax -prj system_tb_vhdl.prj"
INFO: [VRFC 10-163] Analyzing VHDL file "C:/Users/Mateusz Kozlowski/Documents/zampf/ZAMFP/ZAMFP.srcs/sources_1/new/uart.vhd" into library xil_defaultlib
INFO: [VRFC 10-3107] analyzing entity 'uart'
ERROR: [VRFC 10-9608] semicolon after last interface declaration is only supported in VHDL 1076-2019 [C:/Users/Mateusz Kozlowski/Documents/zampf/ZAMFP/ZAMFP.srcs/sources_1/new/uart.vhd:11]
ERROR: [VRFC 10-9458] unit 'uart' is ignored due to previous errors [C:/Users/Mateusz Kozlowski/Documents/zampf/ZAMFP/ZAMFP.srcs/sources_1/new/uart.vhd:5]
INFO: [VRFC 10-8704] VHDL file 'C:/Users/Mateusz Kozlowski/Documents/zampf/ZAMFP/ZAMFP.srcs/sources_1/new/uart.vhd' is ignored due to errors
INFO: [USF-XSim-69] 'compile' step finished in '1' seconds
INFO: [USF-XSim-99] Step results log file:'C:/Users/Mateusz Kozlowski/Documents/zampf/ZAMFP/ZAMFP.sim/sim_1/behav/xsim/xvhdl.log'
ERROR: [USF-XSim-62] 'compile' step failed with error(s). Please check the Tcl console output or 'C:/Users/Mateusz Kozlowski/Documents/zampf/ZAMFP/ZAMFP.sim/sim_1/behav/xsim/xvhdl.log' file for more information.
ERROR: [Vivado 12-4473] Detected error while running simulation. Please correct the issue and retry this operation.
ERROR: [Common 17-39] 'launch_simulation' failed due to earlier errors.
ERROR: [Common 17-69] Command failed: ERROR: [Common 17-39] 'launch_simulation' failed due to earlier errors.

relaunch_sim
Command: launch_simulation -step compile -simset sim_1 -mode behavioral
INFO: [Vivado 12-12493] Simulation top is 'system_tb'
INFO: [Vivado 12-5682] Launching behavioral simulation in 'C:/Users/Mateusz Kozlowski/Documents/zampf/ZAMFP/ZAMFP.sim/sim_1/behav/xsim'
INFO: [SIM-utils-51] Simulation object is 'sim_1'
INFO: [USF-XSim-2] XSim::Compile design
INFO: [USF-XSim-61] Executing 'COMPILE and ANALYZE' step in 'C:/Users/Mateusz Kozlowski/Documents/zampf/ZAMFP/ZAMFP.sim/sim_1/behav/xsim'
"xvhdl --incr --relax -prj system_tb_vhdl.prj"
INFO: [VRFC 10-163] Analyzing VHDL file "C:/Users/Mateusz Kozlowski/Documents/zampf/ZAMFP/ZAMFP.srcs/sources_1/new/uart.vhd" into library xil_defaultlib
INFO: [VRFC 10-3107] analyzing entity 'uart'
ERROR: [VRFC 10-9608] semicolon after last interface declaration is only supported in VHDL 1076-2019 [C:/Users/Mateusz Kozlowski/Documents/zampf/ZAMFP/ZAMFP.srcs/sources_1/new/uart.vhd:11]
ERROR: [VRFC 10-9458] unit 'uart' is ignored due to previous errors [C:/Users/Mateusz Kozlowski/Documents/zampf/ZAMFP/ZAMFP.srcs/sources_1/new/uart.vhd:5]
INFO: [VRFC 10-8704] VHDL file 'C:/Users/Mateusz Kozlowski/Documents/zampf/ZAMFP/ZAMFP.srcs/sources_1/new/uart.vhd' is ignored due to errors
INFO: [USF-XSim-69] 'compile' step finished in '1' seconds
INFO: [USF-XSim-99] Step results log file:'C:/Users/Mateusz Kozlowski/Documents/zampf/ZAMFP/ZAMFP.sim/sim_1/behav/xsim/xvhdl.log'
ERROR: [USF-XSim-62] 'compile' step failed with error(s). Please check the Tcl console output or 'C:/Users/Mateusz Kozlowski/Documents/zampf/ZAMFP/ZAMFP.sim/sim_1/behav/xsim/xvhdl.log' file for more information.
ERROR: [Vivado 12-4473] Detected error while running simulation. Please correct the issue and retry this operation.
ERROR: [Common 17-39] 'launch_simulation' failed due to earlier errors.
ERROR: [Common 17-69] Command failed: ERROR: [Common 17-39] 'launch_simulation' failed due to earlier errors.

relaunch_sim
Command: launch_simulation -step compile -simset sim_1 -mode behavioral
INFO: [Vivado 12-12493] Simulation top is 'system_tb'
WARNING: [filemgmt 56-199] Attempt to get parsing info during refresh. "On-the-fly" syntax checking information may be incorrect. [C:\Users\Mateusz Kozlowski\Documents\zampf\ZAMFP\ZAMFP.srcs\sources_1\new\ram.vhd:]
WARNING: [filemgmt 56-199] Attempt to get parsing info during refresh. "On-the-fly" syntax checking information may be incorrect. [C:\Users\Mateusz Kozlowski\Documents\zampf\ZAMFP\ZAMFP.srcs\sources_1\new\uart.vhd:]
WARNING: [filemgmt 56-199] Attempt to get parsing info during refresh. "On-the-fly" syntax checking information may be incorrect. [C:\Users\Mateusz Kozlowski\Documents\zampf\ZAMFP\ZAMFP.srcs\sources_1\new\uart_ram_ctrl.vhd:]
WARNING: [filemgmt 56-199] Attempt to get parsing info during refresh. "On-the-fly" syntax checking information may be incorrect. [C:\Users\Mateusz Kozlowski\Documents\zampf\ZAMFP\ZAMFP.srcs\system\new\system_tb.vhd:]
WARNING: [filemgmt 56-199] Attempt to get parsing info during refresh. "On-the-fly" syntax checking information may be incorrect. [C:\Users\Mateusz Kozlowski\Documents\zampf\ZAMFP\ZAMFP.srcs\system\new\system_tb.vhd:]
WARNING: [filemgmt 56-199] Attempt to get parsing info during refresh. "On-the-fly" syntax checking information may be incorrect. [C:\Users\Mateusz Kozlowski\Documents\zampf\ZAMFP\ZAMFP.srcs\system\new\system_tb.vhd:]
WARNING: [filemgmt 56-199] Attempt to get parsing info during refresh. "On-the-fly" syntax checking information may be incorrect. [C:\Users\Mateusz Kozlowski\Documents\zampf\ZAMFP\ZAMFP.srcs\sources_1\new\ram.vhd:]
WARNING: [filemgmt 56-199] Attempt to get parsing info during refresh. "On-the-fly" syntax checking information may be incorrect. [C:\Users\Mateusz Kozlowski\Documents\zampf\ZAMFP\ZAMFP.srcs\sources_1\new\uart.vhd:]
WARNING: [filemgmt 56-199] Attempt to get parsing info during refresh. "On-the-fly" syntax checking information may be incorrect. [C:\Users\Mateusz Kozlowski\Documents\zampf\ZAMFP\ZAMFP.srcs\sources_1\new\uart_ram_ctrl.vhd:]
WARNING: [filemgmt 56-199] Attempt to get parsing info during refresh. "On-the-fly" syntax checking information may be incorrect. [C:\Users\Mateusz Kozlowski\Documents\zampf\ZAMFP\ZAMFP.srcs\system\new\system_tb.vhd:]
WARNING: [filemgmt 56-199] Attempt to get parsing info during refresh. "On-the-fly" syntax checking information may be incorrect. [C:\Users\Mateusz Kozlowski\Documents\zampf\ZAMFP\ZAMFP.srcs\sources_1\new\uart.vhd:]
WARNING: [filemgmt 56-199] Attempt to get parsing info during refresh. "On-the-fly" syntax checking information may be incorrect. [C:\Users\Mateusz Kozlowski\Documents\zampf\ZAMFP\ZAMFP.srcs\sources_1\new\uart.vhd:]
WARNING: [filemgmt 56-199] Attempt to get parsing info during refresh. "On-the-fly" syntax checking information may be incorrect. [C:\Users\Mateusz Kozlowski\Documents\zampf\ZAMFP\ZAMFP.srcs\sources_1\new\ram.vhd:]
WARNING: [filemgmt 56-199] Attempt to get parsing info during refresh. "On-the-fly" syntax checking information may be incorrect. [C:\Users\Mateusz Kozlowski\Documents\zampf\ZAMFP\ZAMFP.srcs\sources_1\new\uart.vhd:]
WARNING: [filemgmt 56-199] Attempt to get parsing info during refresh. "On-the-fly" syntax checking information may be incorrect. [C:\Users\Mateusz Kozlowski\Documents\zampf\ZAMFP\ZAMFP.srcs\sources_1\new\uart_ram_ctrl.vhd:]
WARNING: [filemgmt 56-199] Attempt to get parsing info during refresh. "On-the-fly" syntax checking information may be incorrect. [C:\Users\Mateusz Kozlowski\Documents\zampf\ZAMFP\ZAMFP.srcs\system\new\system_tb.vhd:]
WARNING: [filemgmt 56-199] Attempt to get parsing info during refresh. "On-the-fly" syntax checking information may be incorrect. [C:\Users\Mateusz Kozlowski\Documents\zampf\ZAMFP\ZAMFP.srcs\sources_1\new\ram.vhd:]
WARNING: [filemgmt 56-199] Attempt to get parsing info during refresh. "On-the-fly" syntax checking information may be incorrect. [C:\Users\Mateusz Kozlowski\Documents\zampf\ZAMFP\ZAMFP.srcs\sources_1\new\ram.vhd:]
INFO: [Vivado 12-5682] Launching behavioral simulation in 'C:/Users/Mateusz Kozlowski/Documents/zampf/ZAMFP/ZAMFP.sim/sim_1/behav/xsim'
INFO: [SIM-utils-51] Simulation object is 'sim_1'
INFO: [USF-XSim-2] XSim::Compile design
INFO: [USF-XSim-61] Executing 'COMPILE and ANALYZE' step in 'C:/Users/Mateusz Kozlowski/Documents/zampf/ZAMFP/ZAMFP.sim/sim_1/behav/xsim'
"xvhdl --incr --relax -prj system_tb_vhdl.prj"
INFO: [VRFC 10-163] Analyzing VHDL file "C:/Users/Mateusz Kozlowski/Documents/zampf/ZAMFP/ZAMFP.srcs/sources_1/new/uart.vhd" into library xil_defaultlib
INFO: [VRFC 10-3107] analyzing entity 'uart'
WARNING: [VRFC 10-9374] signal 'bit_ticks' is used in a subtype-indication or type-definition [C:/Users/Mateusz Kozlowski/Documents/zampf/ZAMFP/ZAMFP.srcs/sources_1/new/uart.vhd:38]
WARNING: [VRFC 10-9374] signal 'bit_ticks' is used in a subtype-indication or type-definition [C:/Users/Mateusz Kozlowski/Documents/zampf/ZAMFP/ZAMFP.srcs/sources_1/new/uart.vhd:47]
ERROR: [VRFC 10-1491] unexpected EOF [C:/Users/Mateusz Kozlowski/Documents/zampf/ZAMFP/ZAMFP.srcs/sources_1/new/uart.vhd:217]
INFO: [VRFC 10-8704] VHDL file 'C:/Users/Mateusz Kozlowski/Documents/zampf/ZAMFP/ZAMFP.srcs/sources_1/new/uart.vhd' is ignored due to errors
INFO: [USF-XSim-69] 'compile' step finished in '1' seconds
INFO: [USF-XSim-99] Step results log file:'C:/Users/Mateusz Kozlowski/Documents/zampf/ZAMFP/ZAMFP.sim/sim_1/behav/xsim/xvhdl.log'
ERROR: [USF-XSim-62] 'compile' step failed with error(s). Please check the Tcl console output or 'C:/Users/Mateusz Kozlowski/Documents/zampf/ZAMFP/ZAMFP.sim/sim_1/behav/xsim/xvhdl.log' file for more information.
ERROR: [Vivado 12-4473] Detected error while running simulation. Please correct the issue and retry this operation.
ERROR: [Common 17-39] 'launch_simulation' failed due to earlier errors.
ERROR: [Common 17-69] Command failed: ERROR: [Common 17-39] 'launch_simulation' failed due to earlier errors.

relaunch_sim
Command: launch_simulation -step compile -simset sim_1 -mode behavioral
INFO: [Vivado 12-12493] Simulation top is 'system_tb'
INFO: [Vivado 12-5682] Launching behavioral simulation in 'C:/Users/Mateusz Kozlowski/Documents/zampf/ZAMFP/ZAMFP.sim/sim_1/behav/xsim'
INFO: [SIM-utils-51] Simulation object is 'sim_1'
INFO: [USF-XSim-2] XSim::Compile design
INFO: [USF-XSim-61] Executing 'COMPILE and ANALYZE' step in 'C:/Users/Mateusz Kozlowski/Documents/zampf/ZAMFP/ZAMFP.sim/sim_1/behav/xsim'
"xvhdl --incr --relax -prj system_tb_vhdl.prj"
INFO: [VRFC 10-163] Analyzing VHDL file "C:/Users/Mateusz Kozlowski/Documents/zampf/ZAMFP/ZAMFP.srcs/sources_1/new/uart.vhd" into library xil_defaultlib
INFO: [VRFC 10-3107] analyzing entity 'uart'
WARNING: [VRFC 10-9374] signal 'bit_ticks' is used in a subtype-indication or type-definition [C:/Users/Mateusz Kozlowski/Documents/zampf/ZAMFP/ZAMFP.srcs/sources_1/new/uart.vhd:38]
WARNING: [VRFC 10-9374] signal 'bit_ticks' is used in a subtype-indication or type-definition [C:/Users/Mateusz Kozlowski/Documents/zampf/ZAMFP/ZAMFP.srcs/sources_1/new/uart.vhd:47]
ERROR: [VRFC 10-1491] unexpected EOF [C:/Users/Mateusz Kozlowski/Documents/zampf/ZAMFP/ZAMFP.srcs/sources_1/new/uart.vhd:217]
INFO: [VRFC 10-8704] VHDL file 'C:/Users/Mateusz Kozlowski/Documents/zampf/ZAMFP/ZAMFP.srcs/sources_1/new/uart.vhd' is ignored due to errors
INFO: [USF-XSim-69] 'compile' step finished in '1' seconds
INFO: [USF-XSim-99] Step results log file:'C:/Users/Mateusz Kozlowski/Documents/zampf/ZAMFP/ZAMFP.sim/sim_1/behav/xsim/xvhdl.log'
ERROR: [USF-XSim-62] 'compile' step failed with error(s). Please check the Tcl console output or 'C:/Users/Mateusz Kozlowski/Documents/zampf/ZAMFP/ZAMFP.sim/sim_1/behav/xsim/xvhdl.log' file for more information.
ERROR: [Vivado 12-4473] Detected error while running simulation. Please correct the issue and retry this operation.
ERROR: [Common 17-39] 'launch_simulation' failed due to earlier errors.
ERROR: [Common 17-69] Command failed: ERROR: [Common 17-39] 'launch_simulation' failed due to earlier errors.

relaunch_sim
Command: launch_simulation -step compile -simset sim_1 -mode behavioral
INFO: [Vivado 12-12493] Simulation top is 'system_tb'
INFO: [Vivado 12-5682] Launching behavioral simulation in 'C:/Users/Mateusz Kozlowski/Documents/zampf/ZAMFP/ZAMFP.sim/sim_1/behav/xsim'
INFO: [SIM-utils-51] Simulation object is 'sim_1'
INFO: [USF-XSim-2] XSim::Compile design
INFO: [USF-XSim-61] Executing 'COMPILE and ANALYZE' step in 'C:/Users/Mateusz Kozlowski/Documents/zampf/ZAMFP/ZAMFP.sim/sim_1/behav/xsim'
"xvhdl --incr --relax -prj system_tb_vhdl.prj"
INFO: [VRFC 10-163] Analyzing VHDL file "C:/Users/Mateusz Kozlowski/Documents/zampf/ZAMFP/ZAMFP.srcs/sources_1/new/uart.vhd" into library xil_defaultlib
INFO: [VRFC 10-3107] analyzing entity 'uart'
WARNING: [VRFC 10-9374] signal 'bit_ticks' is used in a subtype-indication or type-definition [C:/Users/Mateusz Kozlowski/Documents/zampf/ZAMFP/ZAMFP.srcs/sources_1/new/uart.vhd:38]
WARNING: [VRFC 10-9374] signal 'bit_ticks' is used in a subtype-indication or type-definition [C:/Users/Mateusz Kozlowski/Documents/zampf/ZAMFP/ZAMFP.srcs/sources_1/new/uart.vhd:47]
ERROR: [VRFC 10-1491] unexpected EOF [C:/Users/Mateusz Kozlowski/Documents/zampf/ZAMFP/ZAMFP.srcs/sources_1/new/uart.vhd:217]
INFO: [VRFC 10-8704] VHDL file 'C:/Users/Mateusz Kozlowski/Documents/zampf/ZAMFP/ZAMFP.srcs/sources_1/new/uart.vhd' is ignored due to errors
INFO: [USF-XSim-69] 'compile' step finished in '1' seconds
INFO: [USF-XSim-99] Step results log file:'C:/Users/Mateusz Kozlowski/Documents/zampf/ZAMFP/ZAMFP.sim/sim_1/behav/xsim/xvhdl.log'
ERROR: [USF-XSim-62] 'compile' step failed with error(s). Please check the Tcl console output or 'C:/Users/Mateusz Kozlowski/Documents/zampf/ZAMFP/ZAMFP.sim/sim_1/behav/xsim/xvhdl.log' file for more information.
ERROR: [Vivado 12-4473] Detected error while running simulation. Please correct the issue and retry this operation.
ERROR: [Common 17-39] 'launch_simulation' failed due to earlier errors.
ERROR: [Common 17-69] Command failed: ERROR: [Common 17-39] 'launch_simulation' failed due to earlier errors.

relaunch_sim
Command: launch_simulation -step compile -simset sim_1 -mode behavioral
INFO: [Vivado 12-12493] Simulation top is 'system_tb'
INFO: [Vivado 12-5682] Launching behavioral simulation in 'C:/Users/Mateusz Kozlowski/Documents/zampf/ZAMFP/ZAMFP.sim/sim_1/behav/xsim'
INFO: [SIM-utils-51] Simulation object is 'sim_1'
INFO: [USF-XSim-2] XSim::Compile design
INFO: [USF-XSim-61] Executing 'COMPILE and ANALYZE' step in 'C:/Users/Mateusz Kozlowski/Documents/zampf/ZAMFP/ZAMFP.sim/sim_1/behav/xsim'
"xvhdl --incr --relax -prj system_tb_vhdl.prj"
INFO: [VRFC 10-163] Analyzing VHDL file "C:/Users/Mateusz Kozlowski/Documents/zampf/ZAMFP/ZAMFP.srcs/sources_1/new/uart.vhd" into library xil_defaultlib
INFO: [VRFC 10-3107] analyzing entity 'uart'
INFO: [VRFC 10-163] Analyzing VHDL file "C:/Users/Mateusz Kozlowski/Documents/zampf/ZAMFP/ZAMFP.srcs/sources_1/new/top.vhd" into library xil_defaultlib
INFO: [VRFC 10-3107] analyzing entity 'system_rtl'
INFO: [VRFC 10-163] Analyzing VHDL file "C:/Users/Mateusz Kozlowski/Documents/zampf/ZAMFP/ZAMFP.srcs/system/new/system_tb.vhd" into library xil_defaultlib
INFO: [VRFC 10-3107] analyzing entity 'system_tb'
INFO: [USF-XSim-69] 'compile' step finished in '1' seconds
Command: launch_simulation -step elaborate -simset sim_1 -mode behavioral
INFO: [Vivado 12-12493] Simulation top is 'system_tb'
INFO: [Vivado 12-5682] Launching behavioral simulation in 'C:/Users/Mateusz Kozlowski/Documents/zampf/ZAMFP/ZAMFP.sim/sim_1/behav/xsim'
INFO: [SIM-utils-51] Simulation object is 'sim_1'
INFO: [USF-XSim-3] XSim::Elaborate design
INFO: [USF-XSim-61] Executing 'ELABORATE' step in 'C:/Users/Mateusz Kozlowski/Documents/zampf/ZAMFP/ZAMFP.sim/sim_1/behav/xsim'
"xelab --incr --debug typical --relax --mt 2 -L xil_defaultlib -L secureip --snapshot system_tb_behav xil_defaultlib.system_tb -log elaborate.log"
Vivado Simulator v2025.1.0
Copyright 1986-2022 Xilinx, Inc. All Rights Reserved.
Copyright 2022-2025 Advanced Micro Devices, Inc. All Rights Reserved.
Running: C:/Xilinx/2025.1/Vivado/bin/unwrapped/win64.o/xelab.exe --incr --debug typical --relax --mt 2 -L xil_defaultlib -L secureip --snapshot system_tb_behav xil_defaultlib.system_tb -log elaborate.log 
Using 2 slave threads.
Starting static elaboration
Completed static elaboration
Starting simulation data flow analysis
Completed simulation data flow analysis
Time Resolution for simulation is 1ps
Compiling package std.standard
Compiling package std.textio
Compiling package ieee.std_logic_1164
Compiling package ieee.std_logic_textio
Compiling package ieee.numeric_std
Compiling architecture behavioral of entity xil_defaultlib.ram [ram_default]
Compiling architecture rtl of entity xil_defaultlib.uart [uart_default]
Compiling architecture behavioral of entity xil_defaultlib.uart_ram_ctrl [uart_ram_ctrl_default]
Compiling architecture rtl of entity xil_defaultlib.system_rtl [system_rtl_default]
Compiling architecture sim of entity xil_defaultlib.system_tb
Built simulation snapshot system_tb_behav
INFO: [USF-XSim-69] 'elaborate' step finished in '1' seconds
Time resolution is 1 ps
relaunch_sim: Time (s): cpu = 00:00:01 ; elapsed = 00:00:05 . Memory (MB): peak = 3426.121 ; gain = 0.000
run all


RESP WRITE PRE = 0x5A
RESP WRITE HDR = 0x61

RESP WRITE DATA = 0xA1


RESP READ PRE = 0x5A
RESP READ HDR = 0xE1
RESP READ DATA = 0xA1
0


RESP WRITE PRE = 0x5A
RESP WRITE HDR = 0x00
RESP WRITE DATA = 0x00


RESP READ PRE = 0x5A
RESP READ HDR = 0x80
RESP READ DATA = 0x00
1


RESP WRITE PRE = 0x5A
RESP WRITE HDR = 0x03
RESP WRITE DATA = 0x02


RESP READ PRE = 0x5A
RESP READ HDR = 0x83
RESP READ DATA = 0x02
2


RESP WRITE PRE = 0x5A
RESP WRITE HDR = 0x06
RESP WRITE DATA = 0x04


RESP READ PRE = 0x5A
RESP READ HDR = 0x86
RESP READ DATA = 0x04
3


RESP WRITE PRE = 0x5A
RESP WRITE HDR = 0x09
RESP WRITE DATA = 0x06


RESP READ PRE = 0x5A
RESP READ HDR = 0x89
RESP READ DATA = 0x06
4


RESP WRITE PRE = 0x5A
RESP WRITE HDR = 0x0C
RESP WRITE DATA = 0x08


RESP READ PRE = 0x5A
RESP READ HDR = 0x8C
RESP READ DATA = 0x08
5


RESP WRITE PRE = 0x5A
RESP WRITE HDR = 0x0F
RESP WRITE DATA = 0x0A


RESP READ PRE = 0x5A
RESP READ HDR = 0x8F
RESP READ DATA = 0x0A
6


RESP WRITE PRE = 0x5A
RESP WRITE HDR = 0x12
RESP WRITE DATA = 0x0C


RESP READ PRE = 0x5A
RESP READ HDR = 0x92
RESP READ DATA = 0x0C
7


RESP WRITE PRE = 0x5A
RESP WRITE HDR = 0x15
RESP WRITE DATA = 0x0E


RESP READ PRE = 0x5A
RESP READ HDR = 0x95
RESP READ DATA = 0x0E
Stopped at time : 10966270 ns : File "C:/Users/Mateusz Kozlowski/Documents/zampf/ZAMFP/ZAMFP.srcs/system/new/system_tb.vhd" Line 263
add_bp {C:/Users/Mateusz Kozlowski/Documents/zampf/ZAMFP/ZAMFP.srcs/sources_1/new/uart.vhd} 53
remove_bps -file {C:/Users/Mateusz Kozlowski/Documents/zampf/ZAMFP/ZAMFP.srcs/sources_1/new/uart.vhd} -line 53
relaunch_sim
WARNING: [filemgmt 56-199] Attempt to get parsing info during refresh. "On-the-fly" syntax checking information may be incorrect. [C:\Users\Mateusz Kozlowski\Documents\zampf\ZAMFP\ZAMFP.srcs\sources_1\new\ram.vhd:]
WARNING: [filemgmt 56-199] Attempt to get parsing info during refresh. "On-the-fly" syntax checking information may be incorrect. [C:\Users\Mateusz Kozlowski\Documents\zampf\ZAMFP\ZAMFP.srcs\sources_1\new\uart.vhd:]
WARNING: [filemgmt 56-199] Attempt to get parsing info during refresh. "On-the-fly" syntax checking information may be incorrect. [C:\Users\Mateusz Kozlowski\Documents\zampf\ZAMFP\ZAMFP.srcs\sources_1\new\uart_ram_ctrl.vhd:]
WARNING: [filemgmt 56-199] Attempt to get parsing info during refresh. "On-the-fly" syntax checking information may be incorrect. [C:\Users\Mateusz Kozlowski\Documents\zampf\ZAMFP\ZAMFP.srcs\system\new\system_tb.vhd:]
WARNING: [filemgmt 56-199] Attempt to get parsing info during refresh. "On-the-fly" syntax checking information may be incorrect. [C:\Users\Mateusz Kozlowski\Documents\zampf\ZAMFP\ZAMFP.srcs\system\new\system_tb.vhd:]
WARNING: [filemgmt 56-199] Attempt to get parsing info during refresh. "On-the-fly" syntax checking information may be incorrect. [C:\Users\Mateusz Kozlowski\Documents\zampf\ZAMFP\ZAMFP.srcs\system\new\system_tb.vhd:]
WARNING: [filemgmt 56-199] Attempt to get parsing info during refresh. "On-the-fly" syntax checking information may be incorrect. [C:\Users\Mateusz Kozlowski\Documents\zampf\ZAMFP\ZAMFP.srcs\sources_1\new\ram.vhd:]
WARNING: [filemgmt 56-199] Attempt to get parsing info during refresh. "On-the-fly" syntax checking information may be incorrect. [C:\Users\Mateusz Kozlowski\Documents\zampf\ZAMFP\ZAMFP.srcs\sources_1\new\uart.vhd:]
WARNING: [filemgmt 56-199] Attempt to get parsing info during refresh. "On-the-fly" syntax checking information may be incorrect. [C:\Users\Mateusz Kozlowski\Documents\zampf\ZAMFP\ZAMFP.srcs\sources_1\new\uart_ram_ctrl.vhd:]
WARNING: [filemgmt 56-199] Attempt to get parsing info during refresh. "On-the-fly" syntax checking information may be incorrect. [C:\Users\Mateusz Kozlowski\Documents\zampf\ZAMFP\ZAMFP.srcs\system\new\system_tb.vhd:]
WARNING: [filemgmt 56-199] Attempt to get parsing info during refresh. "On-the-fly" syntax checking information may be incorrect. [C:\Users\Mateusz Kozlowski\Documents\zampf\ZAMFP\ZAMFP.srcs\sources_1\new\uart_ram_ctrl.vhd:]
WARNING: [filemgmt 56-199] Attempt to get parsing info during refresh. "On-the-fly" syntax checking information may be incorrect. [C:\Users\Mateusz Kozlowski\Documents\zampf\ZAMFP\ZAMFP.srcs\sources_1\new\uart_ram_ctrl.vhd:]
WARNING: [filemgmt 56-199] Attempt to get parsing info during refresh. "On-the-fly" syntax checking information may be incorrect. [C:\Users\Mateusz Kozlowski\Documents\zampf\ZAMFP\ZAMFP.srcs\sources_1\new\ram.vhd:]
WARNING: [filemgmt 56-199] Attempt to get parsing info during refresh. "On-the-fly" syntax checking information may be incorrect. [C:\Users\Mateusz Kozlowski\Documents\zampf\ZAMFP\ZAMFP.srcs\sources_1\new\uart.vhd:]
WARNING: [filemgmt 56-199] Attempt to get parsing info during refresh. "On-the-fly" syntax checking information may be incorrect. [C:\Users\Mateusz Kozlowski\Documents\zampf\ZAMFP\ZAMFP.srcs\sources_1\new\uart_ram_ctrl.vhd:]
WARNING: [filemgmt 56-199] Attempt to get parsing info during refresh. "On-the-fly" syntax checking information may be incorrect. [C:\Users\Mateusz Kozlowski\Documents\zampf\ZAMFP\ZAMFP.srcs\system\new\system_tb.vhd:]
WARNING: [filemgmt 56-199] Attempt to get parsing info during refresh. "On-the-fly" syntax checking information may be incorrect. [C:\Users\Mateusz Kozlowski\Documents\zampf\ZAMFP\ZAMFP.srcs\sources_1\new\uart.vhd:]
WARNING: [filemgmt 56-199] Attempt to get parsing info during refresh. "On-the-fly" syntax checking information may be incorrect. [C:\Users\Mateusz Kozlowski\Documents\zampf\ZAMFP\ZAMFP.srcs\sources_1\new\uart.vhd:]
Command: launch_simulation -step compile -simset sim_1 -mode behavioral
INFO: [Vivado 12-12493] Simulation top is 'system_tb'
INFO: [Vivado 12-5682] Launching behavioral simulation in 'C:/Users/Mateusz Kozlowski/Documents/zampf/ZAMFP/ZAMFP.sim/sim_1/behav/xsim'
INFO: [SIM-utils-51] Simulation object is 'sim_1'
INFO: [USF-XSim-2] XSim::Compile design
INFO: [USF-XSim-61] Executing 'COMPILE and ANALYZE' step in 'C:/Users/Mateusz Kozlowski/Documents/zampf/ZAMFP/ZAMFP.sim/sim_1/behav/xsim'
"xvhdl --incr --relax -prj system_tb_vhdl.prj"
INFO: [VRFC 10-163] Analyzing VHDL file "C:/Users/Mateusz Kozlowski/Documents/zampf/ZAMFP/ZAMFP.srcs/sources_1/new/uart.vhd" into library xil_defaultlib
INFO: [VRFC 10-3107] analyzing entity 'uart'
WARNING: [VRFC 10-9374] signal 'bit_ticks' is used in a subtype-indication or type-definition [C:/Users/Mateusz Kozlowski/Documents/zampf/ZAMFP/ZAMFP.srcs/sources_1/new/uart.vhd:37]
WARNING: [VRFC 10-9374] signal 'bit_ticks' is used in a subtype-indication or type-definition [C:/Users/Mateusz Kozlowski/Documents/zampf/ZAMFP/ZAMFP.srcs/sources_1/new/uart.vhd:46]
INFO: [VRFC 10-163] Analyzing VHDL file "C:/Users/Mateusz Kozlowski/Documents/zampf/ZAMFP/ZAMFP.srcs/sources_1/new/top.vhd" into library xil_defaultlib
INFO: [VRFC 10-3107] analyzing entity 'system_rtl'
INFO: [VRFC 10-163] Analyzing VHDL file "C:/Users/Mateusz Kozlowski/Documents/zampf/ZAMFP/ZAMFP.srcs/system/new/system_tb.vhd" into library xil_defaultlib
INFO: [VRFC 10-3107] analyzing entity 'system_tb'
INFO: [USF-XSim-69] 'compile' step finished in '1' seconds
Command: launch_simulation -step elaborate -simset sim_1 -mode behavioral
INFO: [Vivado 12-12493] Simulation top is 'system_tb'
INFO: [Vivado 12-5682] Launching behavioral simulation in 'C:/Users/Mateusz Kozlowski/Documents/zampf/ZAMFP/ZAMFP.sim/sim_1/behav/xsim'
INFO: [SIM-utils-51] Simulation object is 'sim_1'
INFO: [USF-XSim-3] XSim::Elaborate design
INFO: [USF-XSim-61] Executing 'ELABORATE' step in 'C:/Users/Mateusz Kozlowski/Documents/zampf/ZAMFP/ZAMFP.sim/sim_1/behav/xsim'
"xelab --incr --debug typical --relax --mt 2 -L xil_defaultlib -L secureip --snapshot system_tb_behav xil_defaultlib.system_tb -log elaborate.log"
Vivado Simulator v2025.1.0
Copyright 1986-2022 Xilinx, Inc. All Rights Reserved.
Copyright 2022-2025 Advanced Micro Devices, Inc. All Rights Reserved.
Running: C:/Xilinx/2025.1/Vivado/bin/unwrapped/win64.o/xelab.exe --incr --debug typical --relax --mt 2 -L xil_defaultlib -L secureip --snapshot system_tb_behav xil_defaultlib.system_tb -log elaborate.log 
Using 2 slave threads.
Starting static elaboration
WARNING: [VRFC 10-3813] value in initialization depends on signal 'bit_ticks' [C:/Users/Mateusz Kozlowski/Documents/zampf/ZAMFP/ZAMFP.srcs/sources_1/new/uart.vhd:37]
WARNING: [VRFC 10-3813] value in initialization depends on signal 'bit_ticks' [C:/Users/Mateusz Kozlowski/Documents/zampf/ZAMFP/ZAMFP.srcs/sources_1/new/uart.vhd:46]
Completed static elaboration
Starting simulation data flow analysis
Completed simulation data flow analysis
Time Resolution for simulation is 1ps
Compiling package std.standard
Compiling package std.textio
Compiling package ieee.std_logic_1164
Compiling package ieee.std_logic_textio
Compiling package ieee.numeric_std
Compiling architecture behavioral of entity xil_defaultlib.ram [ram_default]
Compiling architecture rtl of entity xil_defaultlib.uart [uart_default]
Compiling architecture behavioral of entity xil_defaultlib.uart_ram_ctrl [uart_ram_ctrl_default]
Compiling architecture rtl of entity xil_defaultlib.system_rtl [system_rtl_default]
Compiling architecture sim of entity xil_defaultlib.system_tb
Built simulation snapshot system_tb_behav
INFO: [USF-XSim-69] 'elaborate' step finished in '1' seconds
Time resolution is 1 ps
relaunch_sim: Time (s): cpu = 00:00:01 ; elapsed = 00:00:06 . Memory (MB): peak = 3426.121 ; gain = 0.000
run all


RESP WRITE PRE = 0x5A
RESP WRITE HDR = 0x61

RESP WRITE DATA = 0xA1


RESP READ PRE = 0x5A
RESP READ HDR = 0xE1
RESP READ DATA = 0xA1
0


RESP WRITE PRE = 0x5A
RESP WRITE HDR = 0x00
RESP WRITE DATA = 0x00


RESP READ PRE = 0x5A
RESP READ HDR = 0x80
RESP READ DATA = 0x00
1


RESP WRITE PRE = 0x5A
RESP WRITE HDR = 0x03
RESP WRITE DATA = 0x02


RESP READ PRE = 0x5A
RESP READ HDR = 0x83
RESP READ DATA = 0x02
2


RESP WRITE PRE = 0x5A
RESP WRITE HDR = 0x06
RESP WRITE DATA = 0x04


RESP READ PRE = 0x5A
RESP READ HDR = 0x86
RESP READ DATA = 0x04
3


RESP WRITE PRE = 0x5A
RESP WRITE HDR = 0x09
RESP WRITE DATA = 0x06


RESP READ PRE = 0x5A
RESP READ HDR = 0x89
RESP READ DATA = 0x06
4


RESP WRITE PRE = 0x5A
RESP WRITE HDR = 0x0C
RESP WRITE DATA = 0x08


RESP READ PRE = 0x5A
RESP READ HDR = 0x8C
RESP READ DATA = 0x08
5


RESP WRITE PRE = 0x5A
RESP WRITE HDR = 0x0F
RESP WRITE DATA = 0x0A


RESP READ PRE = 0x5A
RESP READ HDR = 0x8F
RESP READ DATA = 0x0A
6


RESP WRITE PRE = 0x5A
RESP WRITE HDR = 0x12
RESP WRITE DATA = 0x0C


RESP READ PRE = 0x5A
RESP READ HDR = 0x92
RESP READ DATA = 0x0C
7


RESP WRITE PRE = 0x5A
RESP WRITE HDR = 0x15
RESP WRITE DATA = 0x0E


RESP READ PRE = 0x5A
RESP READ HDR = 0x95
RESP READ DATA = 0x0E
Stopped at time : 10966270 ns : File "C:/Users/Mateusz Kozlowski/Documents/zampf/ZAMFP/ZAMFP.srcs/system/new/system_tb.vhd" Line 263
relaunch_sim
Command: launch_simulation -step compile -simset sim_1 -mode behavioral
INFO: [Vivado 12-12493] Simulation top is 'system_tb'
INFO: [Vivado 12-5682] Launching behavioral simulation in 'C:/Users/Mateusz Kozlowski/Documents/zampf/ZAMFP/ZAMFP.sim/sim_1/behav/xsim'
INFO: [SIM-utils-51] Simulation object is 'sim_1'
INFO: [USF-XSim-2] XSim::Compile design
INFO: [USF-XSim-61] Executing 'COMPILE and ANALYZE' step in 'C:/Users/Mateusz Kozlowski/Documents/zampf/ZAMFP/ZAMFP.sim/sim_1/behav/xsim'
WARNING: [filemgmt 56-199] Attempt to get parsing info during refresh. "On-the-fly" syntax checking information may be incorrect. [C:\Users\Mateusz Kozlowski\Documents\zampf\ZAMFP\ZAMFP.srcs\sources_1\new\ram.vhd:]
WARNING: [filemgmt 56-199] Attempt to get parsing info during refresh. "On-the-fly" syntax checking information may be incorrect. [C:\Users\Mateusz Kozlowski\Documents\zampf\ZAMFP\ZAMFP.srcs\sources_1\new\uart.vhd:]
WARNING: [filemgmt 56-199] Attempt to get parsing info during refresh. "On-the-fly" syntax checking information may be incorrect. [C:\Users\Mateusz Kozlowski\Documents\zampf\ZAMFP\ZAMFP.srcs\sources_1\new\uart_ram_ctrl.vhd:]
WARNING: [filemgmt 56-199] Attempt to get parsing info during refresh. "On-the-fly" syntax checking information may be incorrect. [C:\Users\Mateusz Kozlowski\Documents\zampf\ZAMFP\ZAMFP.srcs\system\new\system_tb.vhd:]
WARNING: [filemgmt 56-199] Attempt to get parsing info during refresh. "On-the-fly" syntax checking information may be incorrect. [C:\Users\Mateusz Kozlowski\Documents\zampf\ZAMFP\ZAMFP.srcs\sources_1\new\uart.vhd:]
WARNING: [filemgmt 56-199] Attempt to get parsing info during refresh. "On-the-fly" syntax checking information may be incorrect. [C:\Users\Mateusz Kozlowski\Documents\zampf\ZAMFP\ZAMFP.srcs\sources_1\new\uart.vhd:]
WARNING: [filemgmt 56-199] Attempt to get parsing info during refresh. "On-the-fly" syntax checking information may be incorrect. [C:\Users\Mateusz Kozlowski\Documents\zampf\ZAMFP\ZAMFP.srcs\sources_1\new\ram.vhd:]
WARNING: [filemgmt 56-199] Attempt to get parsing info during refresh. "On-the-fly" syntax checking information may be incorrect. [C:\Users\Mateusz Kozlowski\Documents\zampf\ZAMFP\ZAMFP.srcs\sources_1\new\uart.vhd:]
WARNING: [filemgmt 56-199] Attempt to get parsing info during refresh. "On-the-fly" syntax checking information may be incorrect. [C:\Users\Mateusz Kozlowski\Documents\zampf\ZAMFP\ZAMFP.srcs\sources_1\new\uart_ram_ctrl.vhd:]
WARNING: [filemgmt 56-199] Attempt to get parsing info during refresh. "On-the-fly" syntax checking information may be incorrect. [C:\Users\Mateusz Kozlowski\Documents\zampf\ZAMFP\ZAMFP.srcs\system\new\system_tb.vhd:]
WARNING: [filemgmt 56-199] Attempt to get parsing info during refresh. "On-the-fly" syntax checking information may be incorrect. [C:\Users\Mateusz Kozlowski\Documents\zampf\ZAMFP\ZAMFP.srcs\sources_1\new\ram.vhd:]
WARNING: [filemgmt 56-199] Attempt to get parsing info during refresh. "On-the-fly" syntax checking information may be incorrect. [C:\Users\Mateusz Kozlowski\Documents\zampf\ZAMFP\ZAMFP.srcs\sources_1\new\ram.vhd:]
"xvhdl --incr --relax -prj system_tb_vhdl.prj"
INFO: [VRFC 10-163] Analyzing VHDL file "C:/Users/Mateusz Kozlowski/Documents/zampf/ZAMFP/ZAMFP.srcs/sources_1/new/uart.vhd" into library xil_defaultlib
INFO: [VRFC 10-3107] analyzing entity 'uart'
WARNING: [VRFC 10-9374] signal 'bit_ticks' is used in a subtype-indication or type-definition [C:/Users/Mateusz Kozlowski/Documents/zampf/ZAMFP/ZAMFP.srcs/sources_1/new/uart.vhd:37]
WARNING: [VRFC 10-9374] signal 'bit_ticks' is used in a subtype-indication or type-definition [C:/Users/Mateusz Kozlowski/Documents/zampf/ZAMFP/ZAMFP.srcs/sources_1/new/uart.vhd:46]
INFO: [VRFC 10-163] Analyzing VHDL file "C:/Users/Mateusz Kozlowski/Documents/zampf/ZAMFP/ZAMFP.srcs/sources_1/new/top.vhd" into library xil_defaultlib
INFO: [VRFC 10-3107] analyzing entity 'system_rtl'
INFO: [VRFC 10-163] Analyzing VHDL file "C:/Users/Mateusz Kozlowski/Documents/zampf/ZAMFP/ZAMFP.srcs/system/new/system_tb.vhd" into library xil_defaultlib
INFO: [VRFC 10-3107] analyzing entity 'system_tb'
INFO: [USF-XSim-69] 'compile' step finished in '1' seconds
Command: launch_simulation -step elaborate -simset sim_1 -mode behavioral
INFO: [Vivado 12-12493] Simulation top is 'system_tb'
INFO: [Vivado 12-5682] Launching behavioral simulation in 'C:/Users/Mateusz Kozlowski/Documents/zampf/ZAMFP/ZAMFP.sim/sim_1/behav/xsim'
INFO: [SIM-utils-51] Simulation object is 'sim_1'
INFO: [USF-XSim-3] XSim::Elaborate design
ERROR: [Common 17-180] Spawn failed: Operacja ukonczona pomyslnie.

ERROR: [Common 17-39] 'get_xpm_libraries' failed due to earlier errors.

    while executing
"rdi::get_xpm_libraries"
    (procedure "xcs_insert_noc_sub_cores" line 7)
    invoked from within
"xcs_insert_noc_sub_cores uniq_libs"
    (procedure "xcs_get_design_libs" line 41)
    invoked from within
"xcs_get_design_libs $a_sim_vars(l_design_files) 1 1"
    (procedure "usf_xsim_get_xelab_cmdline_args" line 360)
    invoked from within
"usf_xsim_get_xelab_cmdline_args"
    (procedure "usf_xsim_write_elaborate_script" line 127)
    invoked from within
"usf_xsim_write_elaborate_script scr_filename"
    (procedure "tclapp::xilinx::xsim::elaborate" line 10)
    invoked from within
"tclapp::xilinx::xsim::elaborate { -simset sim_1 -mode behavioral -run_dir {C:/Users/Mateusz Kozlowski/Documents/zampf/ZAMFP/ZAMFP.sim/sim_1/behav/xsim..."
ERROR: [Vivado 12-4473] Detected error while running simulation. Please correct the issue and retry this operation.
ERROR: [Common 17-39] 'launch_simulation' failed due to earlier errors.
ERROR: [Common 17-69] Command failed: ERROR: [Common 17-39] 'launch_simulation' failed due to earlier errors.

relaunch_sim
Command: launch_simulation -step compile -simset sim_1 -mode behavioral
INFO: [Vivado 12-12493] Simulation top is 'system_tb'
INFO: [Vivado 12-5682] Launching behavioral simulation in 'C:/Users/Mateusz Kozlowski/Documents/zampf/ZAMFP/ZAMFP.sim/sim_1/behav/xsim'
INFO: [SIM-utils-51] Simulation object is 'sim_1'
INFO: [USF-XSim-2] XSim::Compile design
INFO: [USF-XSim-61] Executing 'COMPILE and ANALYZE' step in 'C:/Users/Mateusz Kozlowski/Documents/zampf/ZAMFP/ZAMFP.sim/sim_1/behav/xsim'
"xvhdl --incr --relax -prj system_tb_vhdl.prj"
INFO: [USF-XSim-69] 'compile' step finished in '1' seconds
Command: launch_simulation -step elaborate -simset sim_1 -mode behavioral
INFO: [Vivado 12-12493] Simulation top is 'system_tb'
INFO: [Vivado 12-5682] Launching behavioral simulation in 'C:/Users/Mateusz Kozlowski/Documents/zampf/ZAMFP/ZAMFP.sim/sim_1/behav/xsim'
INFO: [SIM-utils-51] Simulation object is 'sim_1'
INFO: [USF-XSim-3] XSim::Elaborate design
INFO: [USF-XSim-61] Executing 'ELABORATE' step in 'C:/Users/Mateusz Kozlowski/Documents/zampf/ZAMFP/ZAMFP.sim/sim_1/behav/xsim'
ERROR: [Common 17-180] Spawn failed: Proces nie moze uzyskac dostepu do pliku, poniewaz jest on uzywany przez inny proces.

INFO: [USF-XSim-69] 'elaborate' step finished in '0' seconds
ERROR: [USF-XSim-62] 'elaborate' step failed with error(s) while executing 'C:/Users/Mateusz Kozlowski/Documents/zampf/ZAMFP/ZAMFP.sim/sim_1/behav/xsim/elaborate.bat' script. Please check that the file has the correct 'read/write/execute' permissions and the Tcl console output for any other possible errors or warnings.
ERROR: [Vivado 12-4473] Detected error while running simulation. Please correct the issue and retry this operation.
ERROR: [Common 17-39] 'launch_simulation' failed due to earlier errors.
ERROR: [Common 17-69] Command failed: ERROR: [Common 17-39] 'launch_simulation' failed due to earlier errors.

save_wave_config {C:/Users/Mateusz Kozlowski/Documents/zampf/ZAMFP/system_tb_behav.wcfg}
add_files -fileset sim_1 -norecurse {{C:/Users/Mateusz Kozlowski/Documents/zampf/ZAMFP/system_tb_behav.wcfg}}
set_property xsim.view {{C:/Users/Mateusz Kozlowski/Documents/zampf/ZAMFP/Docs/system_tb_behav.wcfg} {C:/Users/Mateusz Kozlowski/Documents/zampf/ZAMFP/system_tb_behav.wcfg}} [get_filesets sim_1]
close_sim
INFO: [Simtcl 6-16] Simulation closed
WARNING: [filemgmt 56-199] Attempt to get parsing info during refresh. "On-the-fly" syntax checking information may be incorrect. [C:\Users\Mateusz Kozlowski\Documents\zampf\ZAMFP\ZAMFP.srcs\sources_1\new\ram.vhd:]
WARNING: [filemgmt 56-199] Attempt to get parsing info during refresh. "On-the-fly" syntax checking information may be incorrect. [C:\Users\Mateusz Kozlowski\Documents\zampf\ZAMFP\ZAMFP.srcs\sources_1\new\uart.vhd:]
WARNING: [filemgmt 56-199] Attempt to get parsing info during refresh. "On-the-fly" syntax checking information may be incorrect. [C:\Users\Mateusz Kozlowski\Documents\zampf\ZAMFP\ZAMFP.srcs\sources_1\new\uart_ram_ctrl.vhd:]
WARNING: [filemgmt 56-199] Attempt to get parsing info during refresh. "On-the-fly" syntax checking information may be incorrect. [C:\Users\Mateusz Kozlowski\Documents\zampf\ZAMFP\ZAMFP.srcs\system\new\system_tb.vhd:]
WARNING: [filemgmt 56-199] Attempt to get parsing info during refresh. "On-the-fly" syntax checking information may be incorrect. [C:\Users\Mateusz Kozlowski\Documents\zampf\ZAMFP\ZAMFP.srcs\system\new\system_tb.vhd:]
WARNING: [filemgmt 56-199] Attempt to get parsing info during refresh. "On-the-fly" syntax checking information may be incorrect. [C:\Users\Mateusz Kozlowski\Documents\zampf\ZAMFP\ZAMFP.srcs\system\new\system_tb.vhd:]
WARNING: [filemgmt 56-199] Attempt to get parsing info during refresh. "On-the-fly" syntax checking information may be incorrect. [C:\Users\Mateusz Kozlowski\Documents\zampf\ZAMFP\ZAMFP.srcs\sources_1\new\ram.vhd:]
WARNING: [filemgmt 56-199] Attempt to get parsing info during refresh. "On-the-fly" syntax checking information may be incorrect. [C:\Users\Mateusz Kozlowski\Documents\zampf\ZAMFP\ZAMFP.srcs\sources_1\new\uart.vhd:]
WARNING: [filemgmt 56-199] Attempt to get parsing info during refresh. "On-the-fly" syntax checking information may be incorrect. [C:\Users\Mateusz Kozlowski\Documents\zampf\ZAMFP\ZAMFP.srcs\sources_1\new\uart_ram_ctrl.vhd:]
WARNING: [filemgmt 56-199] Attempt to get parsing info during refresh. "On-the-fly" syntax checking information may be incorrect. [C:\Users\Mateusz Kozlowski\Documents\zampf\ZAMFP\ZAMFP.srcs\system\new\system_tb.vhd:]
WARNING: [filemgmt 56-199] Attempt to get parsing info during refresh. "On-the-fly" syntax checking information may be incorrect. [C:\Users\Mateusz Kozlowski\Documents\zampf\ZAMFP\ZAMFP.srcs\sources_1\new\uart_ram_ctrl.vhd:]
WARNING: [filemgmt 56-199] Attempt to get parsing info during refresh. "On-the-fly" syntax checking information may be incorrect. [C:\Users\Mateusz Kozlowski\Documents\zampf\ZAMFP\ZAMFP.srcs\sources_1\new\uart_ram_ctrl.vhd:]
WARNING: [filemgmt 56-199] Attempt to get parsing info during refresh. "On-the-fly" syntax checking information may be incorrect. [C:\Users\Mateusz Kozlowski\Documents\zampf\ZAMFP\ZAMFP.srcs\sources_1\new\ram.vhd:]
WARNING: [filemgmt 56-199] Attempt to get parsing info during refresh. "On-the-fly" syntax checking information may be incorrect. [C:\Users\Mateusz Kozlowski\Documents\zampf\ZAMFP\ZAMFP.srcs\sources_1\new\uart.vhd:]
WARNING: [filemgmt 56-199] Attempt to get parsing info during refresh. "On-the-fly" syntax checking information may be incorrect. [C:\Users\Mateusz Kozlowski\Documents\zampf\ZAMFP\ZAMFP.srcs\sources_1\new\uart_ram_ctrl.vhd:]
WARNING: [filemgmt 56-199] Attempt to get parsing info during refresh. "On-the-fly" syntax checking information may be incorrect. [C:\Users\Mateusz Kozlowski\Documents\zampf\ZAMFP\ZAMFP.srcs\system\new\system_tb.vhd:]
WARNING: [filemgmt 56-199] Attempt to get parsing info during refresh. "On-the-fly" syntax checking information may be incorrect. [C:\Users\Mateusz Kozlowski\Documents\zampf\ZAMFP\ZAMFP.srcs\sources_1\new\ram.vhd:]
WARNING: [filemgmt 56-199] Attempt to get parsing info during refresh. "On-the-fly" syntax checking information may be incorrect. [C:\Users\Mateusz Kozlowski\Documents\zampf\ZAMFP\ZAMFP.srcs\sources_1\new\ram.vhd:]
ERROR: [Common 17-180] Spawn failed: Operacja ukonczona pomyslnie.

launch_simulation
Command: launch_simulation 
INFO: [Vivado 12-12493] Simulation top is 'system_tb'
INFO: [Vivado 12-5682] Launching behavioral simulation in 'C:/Users/Mateusz Kozlowski/Documents/zampf/ZAMFP/ZAMFP.sim/sim_1/behav/xsim'
INFO: [SIM-utils-51] Simulation object is 'sim_1'
INFO: [SIM-utils-72] Using boost library from 'C:/Xilinx/2025.1/Vivado/tps/boost_1_72_0'
INFO: [SIM-utils-54] Inspecting design source files for 'system_tb' in fileset 'sim_1'...
INFO: [USF-XSim-97] Finding global include files...
INFO: [USF-XSim-98] Fetching design files from 'sim_1'...
INFO: [USF-XSim-2] XSim::Compile design
INFO: [USF-XSim-61] Executing 'COMPILE and ANALYZE' step in 'C:/Users/Mateusz Kozlowski/Documents/zampf/ZAMFP/ZAMFP.sim/sim_1/behav/xsim'
"xvhdl --incr --relax -prj system_tb_vhdl.prj"
INFO: [USF-XSim-69] 'compile' step finished in '1' seconds
INFO: [USF-XSim-3] XSim::Elaborate design
INFO: [USF-XSim-61] Executing 'ELABORATE' step in 'C:/Users/Mateusz Kozlowski/Documents/zampf/ZAMFP/ZAMFP.sim/sim_1/behav/xsim'
ERROR: [Common 17-180] Spawn failed: Proces nie moze uzyskac dostepu do pliku, poniewaz jest on uzywany przez inny proces.

INFO: [USF-XSim-69] 'elaborate' step finished in '0' seconds
ERROR: [USF-XSim-62] 'elaborate' step failed with error(s) while executing 'C:/Users/Mateusz Kozlowski/Documents/zampf/ZAMFP/ZAMFP.sim/sim_1/behav/xsim/elaborate.bat' script. Please check that the file has the correct 'read/write/execute' permissions and the Tcl console output for any other possible errors or warnings.
ERROR: [Vivado 12-4473] Detected error while running simulation. Please correct the issue and retry this operation.
ERROR: [Common 17-39] 'launch_simulation' failed due to earlier errors.
exit
INFO: [Common 17-206] Exiting Vivado at Fri Dec  5 20:12:57 2025...
